condition	seed	template	benchmark	data	instr	n	orig_acc	repar_acc	delta_acc	orig_pf	repar_pf	delta_pf
baseline	none	1	belebele	en	en	None	0.7678	0.7678	+0.0000	0.0000	0.0000	+0.0000
baseline	none	1	belebele	en	es	None	0.7611	0.7611	+0.0000	0.0000	0.0000	+0.0000
baseline	none	1	belebele	en	ur	None	0.7411	0.7411	+0.0000	0.0000	0.0000	+0.0000
baseline	none	1	belebele	en	zh	None	0.7889	0.7889	+0.0000	0.0000	0.0000	+0.0000
baseline	none	1	belebele	es	en	None	0.6911	0.6911	+0.0000	0.0000	0.0000	+0.0000
baseline	none	1	belebele	es	es	None	0.6722	0.6722	+0.0000	0.0000	0.0000	+0.0000
baseline	none	1	belebele	es	ur	None	0.6389	0.6389	+0.0000	0.0000	0.0000	+0.0000
baseline	none	1	belebele	es	zh	None	0.6956	0.6956	+0.0000	0.0000	0.0000	+0.0000
baseline	none	1	belebele	ur	en	None	0.6044	0.6044	+0.0000	0.0000	0.0000	+0.0000
baseline	none	1	belebele	ur	es	None	0.5389	0.5389	+0.0000	0.0000	0.0000	+0.0000
baseline	none	1	belebele	ur	ur	None	0.5289	0.5289	+0.0000	0.0044	0.0044	+0.0000
baseline	none	1	belebele	ur	zh	None	0.5922	0.5922	+0.0000	0.0000	0.0000	+0.0000
baseline	none	1	belebele	zh	en	None	0.7500	0.7500	+0.0000	0.0000	0.0000	+0.0000
baseline	none	1	belebele	zh	es	None	0.7033	0.7033	+0.0000	0.0000	0.0000	+0.0000
baseline	none	1	belebele	zh	ur	None	0.7011	0.7011	+0.0000	0.0000	0.0000	+0.0000
baseline	none	1	belebele	zh	zh	None	0.7756	0.7756	+0.0000	0.0000	0.0000	+0.0000
baseline	none	1	csqa	en	en	None	0.6070	0.6070	+0.0000	0.0000	0.0000	+0.0000
baseline	none	1	csqa	en	es	None	0.6040	0.6040	+0.0000	0.0070	0.0070	+0.0000
baseline	none	1	csqa	en	ur	None	0.5850	0.5850	+0.0000	0.0000	0.0000	+0.0000
baseline	none	1	csqa	en	zh	None	0.6410	0.6410	+0.0000	0.0000	0.0000	+0.0000
baseline	none	1	csqa	es	en	None	0.5240	0.5240	+0.0000	0.0000	0.0000	+0.0000
baseline	none	1	csqa	es	es	None	0.5290	0.5290	+0.0000	0.0010	0.0010	+0.0000
baseline	none	1	csqa	es	ur	None	0.4730	0.4730	+0.0000	0.0000	0.0000	+0.0000
baseline	none	1	csqa	es	zh	None	0.5470	0.5470	+0.0000	0.0000	0.0000	+0.0000
baseline	none	1	csqa	ur	en	None	0.4240	0.4240	+0.0000	0.0000	0.0000	+0.0000
baseline	none	1	csqa	ur	es	None	0.3960	0.3960	+0.0000	0.0000	0.0000	+0.0000
baseline	none	1	csqa	ur	ur	None	0.4040	0.4040	+0.0000	0.0010	0.0010	+0.0000
baseline	none	1	csqa	ur	zh	None	0.3760	0.3760	+0.0000	0.0000	0.0000	+0.0000
baseline	none	1	csqa	zh	en	None	0.5450	0.5450	+0.0000	0.0000	0.0000	+0.0000
baseline	none	1	csqa	zh	es	None	0.5000	0.5000	+0.0000	0.0020	0.0020	+0.0000
baseline	none	1	csqa	zh	ur	None	0.4810	0.4810	+0.0000	0.0000	0.0000	+0.0000
baseline	none	1	csqa	zh	zh	None	0.5340	0.5340	+0.0000	0.0000	0.0000	+0.0000
baseline	none	1	sib200	en	en	None	0.7549	0.7549	+0.0000	0.0000	0.0000	+0.0000
baseline	none	1	sib200	en	es	None	0.6618	0.6618	+0.0000	0.0000	0.0000	+0.0000
baseline	none	1	sib200	en	ur	None	0.3088	0.4951	+0.1863	0.4510	0.0931	-0.3578
baseline	none	1	sib200	en	zh	None	0.7157	0.7157	+0.0000	0.0000	0.0000	+0.0000
baseline	none	1	sib200	es	en	None	0.7794	0.7745	-0.0049	0.0000	0.0049	+0.0049
baseline	none	1	sib200	es	es	None	0.6471	0.6520	+0.0049	0.0147	0.0000	-0.0147
baseline	none	1	sib200	es	ur	None	0.2304	0.5343	+0.3039	0.6176	0.0980	-0.5196
baseline	none	1	sib200	es	zh	None	0.5784	0.6373	+0.0588	0.0882	0.0147	-0.0735
baseline	none	1	sib200	ur	en	None	0.7402	0.7255	-0.0147	0.0000	0.0147	+0.0147
baseline	none	1	sib200	ur	es	None	0.5000	0.5343	+0.0343	0.0441	0.0245	-0.0196
baseline	none	1	sib200	ur	ur	None	0.2157	0.5735	+0.3578	0.5098	0.0343	-0.4755
baseline	none	1	sib200	ur	zh	None	0.5686	0.5735	+0.0049	0.0098	0.0049	-0.0049
baseline	none	1	sib200	zh	en	None	0.8039	0.7892	-0.0147	0.0098	0.0196	+0.0098
baseline	none	1	sib200	zh	es	None	0.5343	0.5882	+0.0539	0.0784	0.0000	-0.0784
baseline	none	1	sib200	zh	ur	None	0.2157	0.5294	+0.3137	0.6127	0.1324	-0.4804
baseline	none	1	sib200	zh	zh	None	0.5343	0.6667	+0.1324	0.1912	0.0098	-0.1814
baseline	none	1	xnli	en	en	None	0.4998	0.4998	+0.0000	0.0014	0.0014	+0.0000
baseline	none	1	xnli	en	es	None	0.3980	0.3980	+0.0000	0.0002	0.0002	+0.0000
baseline	none	1	xnli	en	ur	None	0.3816	0.3816	+0.0000	0.0010	0.0008	-0.0002
baseline	none	1	xnli	en	zh	None	0.3333	0.3333	+0.0000	0.0000	0.0000	+0.0000
baseline	none	1	xnli	es	en	None	0.4525	0.4525	+0.0000	0.0006	0.0006	+0.0000
baseline	none	1	xnli	es	es	None	0.4547	0.4547	+0.0000	0.0002	0.0002	+0.0000
baseline	none	1	xnli	es	ur	None	0.3433	0.3433	+0.0000	0.0010	0.0010	+0.0000
baseline	none	1	xnli	es	zh	None	0.3337	0.3337	+0.0000	0.0000	0.0000	+0.0000
baseline	none	1	xnli	ur	en	None	0.4343	0.4343	+0.0000	0.0038	0.0038	+0.0000
baseline	none	1	xnli	ur	es	None	0.3727	0.3727	+0.0000	0.0002	0.0002	+0.0000
baseline	none	1	xnli	ur	ur	None	0.3327	0.3327	+0.0000	0.0038	0.0038	+0.0000
baseline	none	1	xnli	ur	zh	None	0.3311	0.3311	+0.0000	0.0002	0.0002	+0.0000
baseline	none	1	xnli	zh	en	None	0.3906	0.3906	+0.0000	0.0000	0.0000	+0.0000
baseline	none	1	xnli	zh	es	None	0.3333	0.3333	+0.0000	0.0000	0.0000	+0.0000
baseline	none	1	xnli	zh	ur	None	0.3345	0.3345	+0.0000	0.0000	0.0000	+0.0000
baseline	none	1	xnli	zh	zh	None	0.3329	0.3329	+0.0000	0.0004	0.0004	+0.0000
baseline	none	2	belebele	en	en	None	0.7822	0.7822	+0.0000	0.0000	0.0000	+0.0000
baseline	none	2	belebele	en	es	None	0.7756	0.7756	+0.0000	0.0000	0.0000	+0.0000
baseline	none	2	belebele	en	ur	None	0.7489	0.7489	+0.0000	0.0000	0.0000	+0.0000
baseline	none	2	belebele	en	zh	None	0.8000	0.8000	+0.0000	0.0000	0.0000	+0.0000
baseline	none	2	belebele	es	en	None	0.7011	0.7011	+0.0000	0.0000	0.0000	+0.0000
baseline	none	2	belebele	es	es	None	0.6989	0.6989	+0.0000	0.0000	0.0000	+0.0000
baseline	none	2	belebele	es	ur	None	0.6389	0.6389	+0.0000	0.0000	0.0000	+0.0000
baseline	none	2	belebele	es	zh	None	0.7167	0.7167	+0.0000	0.0000	0.0000	+0.0000
baseline	none	2	belebele	ur	en	None	0.6144	0.6144	+0.0000	0.0000	0.0000	+0.0000
baseline	none	2	belebele	ur	es	None	0.5544	0.5544	+0.0000	0.0000	0.0000	+0.0000
baseline	none	2	belebele	ur	ur	None	0.5233	0.5233	+0.0000	0.0033	0.0033	+0.0000
baseline	none	2	belebele	ur	zh	None	0.6067	0.6067	+0.0000	0.0000	0.0000	+0.0000
baseline	none	2	belebele	zh	en	None	0.7589	0.7589	+0.0000	0.0000	0.0000	+0.0000
baseline	none	2	belebele	zh	es	None	0.7367	0.7367	+0.0000	0.0000	0.0000	+0.0000
baseline	none	2	belebele	zh	ur	None	0.7000	0.7000	+0.0000	0.0000	0.0000	+0.0000
baseline	none	2	belebele	zh	zh	None	0.7611	0.7611	+0.0000	0.0000	0.0000	+0.0000
baseline	none	2	csqa	en	en	None	0.6070	0.6070	+0.0000	0.0000	0.0000	+0.0000
baseline	none	2	csqa	en	es	None	0.6230	0.6230	+0.0000	0.0000	0.0000	+0.0000
baseline	none	2	csqa	en	ur	None	0.5790	0.5790	+0.0000	0.0000	0.0000	+0.0000
baseline	none	2	csqa	en	zh	None	0.6310	0.6310	+0.0000	0.0000	0.0000	+0.0000
baseline	none	2	csqa	es	en	None	0.5170	0.5170	+0.0000	0.0000	0.0000	+0.0000
baseline	none	2	csqa	es	es	None	0.5320	0.5320	+0.0000	0.0000	0.0000	+0.0000
baseline	none	2	csqa	es	ur	None	0.4800	0.4800	+0.0000	0.0000	0.0000	+0.0000
baseline	none	2	csqa	es	zh	None	0.5300	0.5300	+0.0000	0.0000	0.0000	+0.0000
baseline	none	2	csqa	ur	en	None	0.4170	0.4170	+0.0000	0.0000	0.0000	+0.0000
baseline	none	2	csqa	ur	es	None	0.3930	0.3930	+0.0000	0.0000	0.0000	+0.0000
baseline	none	2	csqa	ur	ur	None	0.3920	0.3920	+0.0000	0.0010	0.0010	+0.0000
baseline	none	2	csqa	ur	zh	None	0.4020	0.4020	+0.0000	0.0000	0.0000	+0.0000
baseline	none	2	csqa	zh	en	None	0.5320	0.5320	+0.0000	0.0000	0.0000	+0.0000
baseline	none	2	csqa	zh	es	None	0.5100	0.5100	+0.0000	0.0000	0.0000	+0.0000
baseline	none	2	csqa	zh	ur	None	0.4660	0.4660	+0.0000	0.0000	0.0000	+0.0000
baseline	none	2	csqa	zh	zh	None	0.5320	0.5320	+0.0000	0.0000	0.0000	+0.0000
baseline	none	2	sib200	en	en	None	0.7206	0.7206	+0.0000	0.0000	0.0000	+0.0000
baseline	none	2	sib200	en	es	None	0.5343	0.5539	+0.0196	0.0294	0.0000	-0.0294
baseline	none	2	sib200	en	ur	None	0.2696	0.3971	+0.1275	0.3873	0.3039	-0.0833
baseline	none	2	sib200	en	zh	None	0.6275	0.6520	+0.0245	0.0539	0.0098	-0.0441
baseline	none	2	sib200	es	en	None	0.6765	0.6765	+0.0000	0.0000	0.0000	+0.0000
baseline	none	2	sib200	es	es	None	0.3725	0.5147	+0.1422	0.1716	0.0000	-0.1716
baseline	none	2	sib200	es	ur	None	0.0980	0.3088	+0.2108	0.6569	0.4510	-0.2059
baseline	none	2	sib200	es	zh	None	0.4755	0.5931	+0.1176	0.1716	0.0147	-0.1569
baseline	none	2	sib200	ur	en	None	0.6814	0.6814	+0.0000	0.0000	0.0000	+0.0000
baseline	none	2	sib200	ur	es	None	0.3725	0.6127	+0.2402	0.3186	0.0147	-0.3039
baseline	none	2	sib200	ur	ur	None	0.2059	0.5294	+0.3235	0.5735	0.1275	-0.4461
baseline	none	2	sib200	ur	zh	None	0.5343	0.5343	+0.0000	0.0147	0.0098	-0.0049
baseline	none	2	sib200	zh	en	None	0.6961	0.6961	+0.0000	0.0000	0.0000	+0.0000
baseline	none	2	sib200	zh	es	None	0.3725	0.5588	+0.1863	0.2402	0.0098	-0.2304
baseline	none	2	sib200	zh	ur	None	0.0931	0.3971	+0.3039	0.7598	0.4020	-0.3578
baseline	none	2	sib200	zh	zh	None	0.4853	0.6225	+0.1373	0.2206	0.0245	-0.1961
baseline	none	2	xnli	en	en	None	0.3786	0.3786	+0.0000	0.0004	0.0004	+0.0000
baseline	none	2	xnli	en	es	None	0.3806	0.3806	+0.0000	0.0034	0.0034	+0.0000
baseline	none	2	xnli	en	ur	None	0.2277	0.2589	+0.0311	0.4289	0.3337	-0.0952
baseline	none	2	xnli	en	zh	None	0.2405	0.3337	+0.0932	0.3212	0.1477	-0.1735
baseline	none	2	xnli	es	en	None	0.3661	0.3661	+0.0000	0.0086	0.0086	+0.0000
baseline	none	2	xnli	es	es	None	0.3770	0.3770	+0.0000	0.0102	0.0102	+0.0000
baseline	none	2	xnli	es	ur	None	0.3271	0.3319	+0.0048	0.1367	0.1220	-0.0148
baseline	none	2	xnli	es	zh	None	0.1128	0.2369	+0.1242	0.7014	0.4603	-0.2411
baseline	none	2	xnli	ur	en	None	0.3357	0.3357	+0.0000	0.0130	0.0130	+0.0000
baseline	none	2	xnli	ur	es	None	0.2499	0.2499	+0.0000	0.3930	0.3930	+0.0000
baseline	none	2	xnli	ur	ur	None	0.2990	0.3228	+0.0238	0.1337	0.0655	-0.0683
baseline	none	2	xnli	ur	zh	None	0.2014	0.2078	+0.0064	0.3856	0.3699	-0.0158
baseline	none	2	xnli	zh	en	None	0.4649	0.4649	+0.0000	0.0054	0.0054	+0.0000
baseline	none	2	xnli	zh	es	None	0.3637	0.3637	+0.0000	0.0142	0.0142	+0.0000
baseline	none	2	xnli	zh	ur	None	0.3323	0.3341	+0.0018	0.0140	0.0082	-0.0058
baseline	none	2	xnli	zh	zh	None	0.0675	0.2491	+0.1816	0.8253	0.4054	-0.4200
condition-1-en-20k	42	1	belebele	en	en	None	0.7767	0.7767	+0.0000	0.0000	0.0000	+0.0000
condition-1-en-20k	42	1	belebele	en	es	None	0.7611	0.7611	+0.0000	0.0000	0.0000	+0.0000
condition-1-en-20k	42	1	belebele	en	ur	None	0.7611	0.7611	+0.0000	0.0000	0.0000	+0.0000
condition-1-en-20k	42	1	belebele	en	zh	None	0.7900	0.7900	+0.0000	0.0000	0.0000	+0.0000
condition-1-en-20k	42	1	belebele	es	en	None	0.7000	0.7000	+0.0000	0.0000	0.0000	+0.0000
condition-1-en-20k	42	1	belebele	es	es	None	0.6667	0.6667	+0.0000	0.0000	0.0000	+0.0000
condition-1-en-20k	42	1	belebele	es	ur	None	0.6344	0.6344	+0.0000	0.0000	0.0000	+0.0000
condition-1-en-20k	42	1	belebele	es	zh	None	0.6989	0.6989	+0.0000	0.0000	0.0000	+0.0000
condition-1-en-20k	42	1	belebele	ur	en	None	0.6144	0.6144	+0.0000	0.0000	0.0000	+0.0000
condition-1-en-20k	42	1	belebele	ur	es	None	0.5389	0.5389	+0.0000	0.0000	0.0000	+0.0000
condition-1-en-20k	42	1	belebele	ur	ur	None	0.5233	0.5233	+0.0000	0.0011	0.0011	+0.0000
condition-1-en-20k	42	1	belebele	ur	zh	None	0.5944	0.5944	+0.0000	0.0000	0.0000	+0.0000
condition-1-en-20k	42	1	belebele	zh	en	None	0.7600	0.7600	+0.0000	0.0000	0.0000	+0.0000
condition-1-en-20k	42	1	belebele	zh	es	None	0.7011	0.7011	+0.0000	0.0000	0.0000	+0.0000
condition-1-en-20k	42	1	belebele	zh	ur	None	0.7044	0.7044	+0.0000	0.0000	0.0000	+0.0000
condition-1-en-20k	42	1	belebele	zh	zh	None	0.7656	0.7656	+0.0000	0.0000	0.0000	+0.0000
condition-1-en-20k	42	1	csqa	en	en	None	0.6150	0.6150	+0.0000	0.0000	0.0000	+0.0000
condition-1-en-20k	42	1	csqa	en	es	None	0.6140	0.6140	+0.0000	0.0010	0.0010	+0.0000
condition-1-en-20k	42	1	csqa	en	ur	None	0.5930	0.5930	+0.0000	0.0000	0.0000	+0.0000
condition-1-en-20k	42	1	csqa	en	zh	None	0.6520	0.6520	+0.0000	0.0000	0.0000	+0.0000
condition-1-en-20k	42	1	csqa	es	en	None	0.5370	0.5370	+0.0000	0.0000	0.0000	+0.0000
condition-1-en-20k	42	1	csqa	es	es	None	0.5230	0.5230	+0.0000	0.0010	0.0010	+0.0000
condition-1-en-20k	42	1	csqa	es	ur	None	0.4830	0.4830	+0.0000	0.0000	0.0000	+0.0000
condition-1-en-20k	42	1	csqa	es	zh	None	0.5530	0.5530	+0.0000	0.0000	0.0000	+0.0000
condition-1-en-20k	42	1	csqa	ur	en	None	0.4320	0.4320	+0.0000	0.0000	0.0000	+0.0000
condition-1-en-20k	42	1	csqa	ur	es	None	0.3940	0.3940	+0.0000	0.0000	0.0000	+0.0000
condition-1-en-20k	42	1	csqa	ur	ur	None	0.4020	0.4020	+0.0000	0.0000	0.0000	+0.0000
condition-1-en-20k	42	1	csqa	ur	zh	None	0.3960	0.3960	+0.0000	0.0000	0.0000	+0.0000
condition-1-en-20k	42	1	csqa	zh	en	None	0.5490	0.5490	+0.0000	0.0000	0.0000	+0.0000
condition-1-en-20k	42	1	csqa	zh	es	None	0.5110	0.5110	+0.0000	0.0000	0.0000	+0.0000
condition-1-en-20k	42	1	csqa	zh	ur	None	0.4830	0.4830	+0.0000	0.0000	0.0000	+0.0000
condition-1-en-20k	42	1	csqa	zh	zh	None	0.5360	0.5360	+0.0000	0.0000	0.0000	+0.0000
condition-1-en-20k	42	1	sib200	en	en	None	0.7549	0.7549	+0.0000	0.0000	0.0000	+0.0000
condition-1-en-20k	42	1	sib200	en	es	None	0.6176	0.6176	+0.0000	0.0000	0.0000	+0.0000
condition-1-en-20k	42	1	sib200	en	ur	None	0.3873	0.4951	+0.1078	0.3235	0.0833	-0.2402
condition-1-en-20k	42	1	sib200	en	zh	None	0.6961	0.6961	+0.0000	0.0000	0.0000	+0.0000
condition-1-en-20k	42	1	sib200	es	en	None	0.7745	0.7745	+0.0000	0.0000	0.0000	+0.0000
condition-1-en-20k	42	1	sib200	es	es	None	0.5980	0.6029	+0.0049	0.0098	0.0000	-0.0098
condition-1-en-20k	42	1	sib200	es	ur	None	0.2304	0.5147	+0.2843	0.6225	0.0980	-0.5245
condition-1-en-20k	42	1	sib200	es	zh	None	0.5931	0.6225	+0.0294	0.0588	0.0196	-0.0392
condition-1-en-20k	42	1	sib200	ur	en	None	0.7010	0.6863	-0.0147	0.0000	0.0147	+0.0147
condition-1-en-20k	42	1	sib200	ur	es	None	0.4657	0.5000	+0.0343	0.0490	0.0245	-0.0245
condition-1-en-20k	42	1	sib200	ur	ur	None	0.2255	0.5686	+0.3431	0.4657	0.0147	-0.4510
condition-1-en-20k	42	1	sib200	ur	zh	None	0.5245	0.5245	+0.0000	0.0000	0.0098	+0.0098
condition-1-en-20k	42	1	sib200	zh	en	None	0.7794	0.7647	-0.0147	0.0049	0.0196	+0.0147
condition-1-en-20k	42	1	sib200	zh	es	None	0.4951	0.5490	+0.0539	0.0784	0.0000	-0.0784
condition-1-en-20k	42	1	sib200	zh	ur	None	0.2206	0.5294	+0.3088	0.6078	0.1127	-0.4951
condition-1-en-20k	42	1	sib200	zh	zh	None	0.5539	0.6471	+0.0931	0.1275	0.0049	-0.1225
condition-1-en-20k	42	1	xnli	en	en	None	0.5166	0.5166	+0.0000	0.0006	0.0006	+0.0000
condition-1-en-20k	42	1	xnli	en	es	None	0.4457	0.4457	+0.0000	0.0002	0.0002	+0.0000
condition-1-en-20k	42	1	xnli	en	ur	None	0.4677	0.4677	+0.0000	0.0006	0.0004	-0.0002
condition-1-en-20k	42	1	xnli	en	zh	None	0.3329	0.3329	+0.0000	0.0000	0.0000	+0.0000
condition-1-en-20k	42	1	xnli	es	en	None	0.4677	0.4677	+0.0000	0.0004	0.0004	+0.0000
condition-1-en-20k	42	1	xnli	es	es	None	0.4758	0.4758	+0.0000	0.0008	0.0008	+0.0000
condition-1-en-20k	42	1	xnli	es	ur	None	0.3752	0.3752	+0.0000	0.0006	0.0006	+0.0000
condition-1-en-20k	42	1	xnli	es	zh	None	0.3337	0.3337	+0.0000	0.0000	0.0000	+0.0000
condition-1-en-20k	42	1	xnli	ur	en	None	0.4379	0.4379	+0.0000	0.0002	0.0002	+0.0000
condition-1-en-20k	42	1	xnli	ur	es	None	0.4060	0.4060	+0.0000	0.0002	0.0002	+0.0000
condition-1-en-20k	42	1	xnli	ur	ur	None	0.3403	0.3403	+0.0000	0.0020	0.0020	+0.0000
condition-1-en-20k	42	1	xnli	ur	zh	None	0.3333	0.3333	+0.0000	0.0002	0.0002	+0.0000
condition-1-en-20k	42	1	xnli	zh	en	None	0.4120	0.4120	+0.0000	0.0000	0.0000	+0.0000
condition-1-en-20k	42	1	xnli	zh	es	None	0.3337	0.3337	+0.0000	0.0000	0.0000	+0.0000
condition-1-en-20k	42	1	xnli	zh	ur	None	0.3423	0.3423	+0.0000	0.0000	0.0000	+0.0000
condition-1-en-20k	42	1	xnli	zh	zh	None	0.3331	0.3331	+0.0000	0.0000	0.0000	+0.0000
condition-1-en-20k	42	2	belebele	en	en	None	0.7922	0.7922	+0.0000	0.0000	0.0000	+0.0000
condition-1-en-20k	42	2	belebele	en	es	None	0.7789	0.7789	+0.0000	0.0000	0.0000	+0.0000
condition-1-en-20k	42	2	belebele	en	ur	None	0.7600	0.7600	+0.0000	0.0000	0.0000	+0.0000
condition-1-en-20k	42	2	belebele	en	zh	None	0.7967	0.7967	+0.0000	0.0000	0.0000	+0.0000
condition-1-en-20k	42	2	belebele	es	en	None	0.7189	0.7189	+0.0000	0.0000	0.0000	+0.0000
condition-1-en-20k	42	2	belebele	es	es	None	0.6833	0.6833	+0.0000	0.0000	0.0000	+0.0000
condition-1-en-20k	42	2	belebele	es	ur	None	0.6422	0.6422	+0.0000	0.0000	0.0000	+0.0000
condition-1-en-20k	42	2	belebele	es	zh	None	0.7156	0.7156	+0.0000	0.0000	0.0000	+0.0000
condition-1-en-20k	42	2	belebele	ur	en	None	0.6222	0.6222	+0.0000	0.0000	0.0000	+0.0000
condition-1-en-20k	42	2	belebele	ur	es	None	0.5656	0.5656	+0.0000	0.0000	0.0000	+0.0000
condition-1-en-20k	42	2	belebele	ur	ur	None	0.5156	0.5156	+0.0000	0.0011	0.0011	+0.0000
condition-1-en-20k	42	2	belebele	ur	zh	None	0.6056	0.6056	+0.0000	0.0000	0.0000	+0.0000
condition-1-en-20k	42	2	belebele	zh	en	None	0.7622	0.7622	+0.0000	0.0000	0.0000	+0.0000
condition-1-en-20k	42	2	belebele	zh	es	None	0.7344	0.7344	+0.0000	0.0000	0.0000	+0.0000
condition-1-en-20k	42	2	belebele	zh	ur	None	0.7033	0.7033	+0.0000	0.0000	0.0000	+0.0000
condition-1-en-20k	42	2	belebele	zh	zh	None	0.7633	0.7633	+0.0000	0.0000	0.0000	+0.0000
condition-1-en-20k	42	2	csqa	en	en	None	0.6160	0.6160	+0.0000	0.0000	0.0000	+0.0000
condition-1-en-20k	42	2	csqa	en	es	None	0.6210	0.6210	+0.0000	0.0000	0.0000	+0.0000
condition-1-en-20k	42	2	csqa	en	ur	None	0.5820	0.5820	+0.0000	0.0000	0.0000	+0.0000
condition-1-en-20k	42	2	csqa	en	zh	None	0.6340	0.6340	+0.0000	0.0000	0.0000	+0.0000
condition-1-en-20k	42	2	csqa	es	en	None	0.5270	0.5270	+0.0000	0.0000	0.0000	+0.0000
condition-1-en-20k	42	2	csqa	es	es	None	0.5350	0.5350	+0.0000	0.0000	0.0000	+0.0000
condition-1-en-20k	42	2	csqa	es	ur	None	0.4830	0.4830	+0.0000	0.0000	0.0000	+0.0000
condition-1-en-20k	42	2	csqa	es	zh	None	0.5350	0.5350	+0.0000	0.0000	0.0000	+0.0000
condition-1-en-20k	42	2	csqa	ur	en	None	0.4210	0.4210	+0.0000	0.0000	0.0000	+0.0000
condition-1-en-20k	42	2	csqa	ur	es	None	0.3920	0.3920	+0.0000	0.0000	0.0000	+0.0000
condition-1-en-20k	42	2	csqa	ur	ur	None	0.4000	0.4000	+0.0000	0.0000	0.0000	+0.0000
condition-1-en-20k	42	2	csqa	ur	zh	None	0.4080	0.4080	+0.0000	0.0000	0.0000	+0.0000
condition-1-en-20k	42	2	csqa	zh	en	None	0.5410	0.5410	+0.0000	0.0000	0.0000	+0.0000
condition-1-en-20k	42	2	csqa	zh	es	None	0.5040	0.5040	+0.0000	0.0000	0.0000	+0.0000
condition-1-en-20k	42	2	csqa	zh	ur	None	0.4750	0.4750	+0.0000	0.0000	0.0000	+0.0000
condition-1-en-20k	42	2	csqa	zh	zh	None	0.5370	0.5370	+0.0000	0.0000	0.0000	+0.0000
condition-1-en-20k	42	2	sib200	en	en	None	0.6863	0.6863	+0.0000	0.0000	0.0000	+0.0000
condition-1-en-20k	42	2	sib200	en	es	None	0.4608	0.4657	+0.0049	0.0098	0.0000	-0.0098
condition-1-en-20k	42	2	sib200	en	ur	None	0.2647	0.4559	+0.1912	0.4363	0.2059	-0.2304
condition-1-en-20k	42	2	sib200	en	zh	None	0.6078	0.6373	+0.0294	0.0441	0.0098	-0.0343
condition-1-en-20k	42	2	sib200	es	en	None	0.6422	0.6422	+0.0000	0.0000	0.0000	+0.0000
condition-1-en-20k	42	2	sib200	es	es	None	0.3480	0.4608	+0.1127	0.1225	0.0000	-0.1225
condition-1-en-20k	42	2	sib200	es	ur	None	0.0294	0.4118	+0.3824	0.8284	0.2745	-0.5539
condition-1-en-20k	42	2	sib200	es	zh	None	0.4902	0.5833	+0.0931	0.1520	0.0098	-0.1422
condition-1-en-20k	42	2	sib200	ur	en	None	0.6471	0.6471	+0.0000	0.0000	0.0000	+0.0000
condition-1-en-20k	42	2	sib200	ur	es	None	0.3578	0.5196	+0.1618	0.2157	0.0147	-0.2010
condition-1-en-20k	42	2	sib200	ur	ur	None	0.2059	0.5637	+0.3578	0.5637	0.0882	-0.4755
condition-1-en-20k	42	2	sib200	ur	zh	None	0.5049	0.5049	+0.0000	0.0049	0.0098	+0.0049
condition-1-en-20k	42	2	sib200	zh	en	None	0.6324	0.6324	+0.0000	0.0000	0.0000	+0.0000
condition-1-en-20k	42	2	sib200	zh	es	None	0.3725	0.5196	+0.1471	0.1765	0.0049	-0.1716
condition-1-en-20k	42	2	sib200	zh	ur	None	0.0686	0.4951	+0.4265	0.8529	0.2059	-0.6471
condition-1-en-20k	42	2	sib200	zh	zh	None	0.4853	0.6176	+0.1324	0.1863	0.0245	-0.1618
condition-1-en-20k	42	2	xnli	en	en	None	0.3447	0.3447	+0.0000	0.0004	0.0004	+0.0000
condition-1-en-20k	42	2	xnli	en	es	None	0.3752	0.3752	+0.0000	0.0010	0.0010	+0.0000
condition-1-en-20k	42	2	xnli	en	ur	None	0.2154	0.2493	+0.0339	0.4641	0.3677	-0.0964
condition-1-en-20k	42	2	xnli	en	zh	None	0.1749	0.3271	+0.1523	0.5176	0.2289	-0.2886
condition-1-en-20k	42	2	xnli	es	en	None	0.3441	0.3441	+0.0000	0.0048	0.0048	+0.0000
condition-1-en-20k	42	2	xnli	es	es	None	0.3607	0.3607	+0.0000	0.0012	0.0012	+0.0000
condition-1-en-20k	42	2	xnli	es	ur	None	0.3076	0.3140	+0.0064	0.1770	0.1573	-0.0198
condition-1-en-20k	42	2	xnli	es	zh	None	0.0886	0.2715	+0.1828	0.7649	0.4020	-0.3629
condition-1-en-20k	42	2	xnli	ur	en	None	0.3325	0.3325	+0.0000	0.0060	0.0060	+0.0000
condition-1-en-20k	42	2	xnli	ur	es	None	0.3697	0.3697	+0.0000	0.0066	0.0066	+0.0000
condition-1-en-20k	42	2	xnli	ur	ur	None	0.2898	0.3248	+0.0349	0.1425	0.0435	-0.0990
condition-1-en-20k	42	2	xnli	ur	zh	None	0.2495	0.2629	+0.0134	0.2369	0.2002	-0.0367
condition-1-en-20k	42	2	xnli	zh	en	None	0.4042	0.4042	+0.0000	0.0022	0.0022	+0.0000
condition-1-en-20k	42	2	xnli	zh	es	None	0.3870	0.3870	+0.0000	0.0060	0.0060	+0.0000
condition-1-en-20k	42	2	xnli	zh	ur	None	0.3343	0.3363	+0.0020	0.0156	0.0106	-0.0050
condition-1-en-20k	42	2	xnli	zh	zh	None	0.0673	0.2868	+0.2196	0.8297	0.3267	-0.5030
condition-1-en-5k	123	1	belebele	en	en	None	0.7778	0.7778	+0.0000	0.0000	0.0000	+0.0000
condition-1-en-5k	123	1	belebele	en	es	None	0.7622	0.7622	+0.0000	0.0000	0.0000	+0.0000
condition-1-en-5k	123	1	belebele	en	ur	None	0.7489	0.7489	+0.0000	0.0000	0.0000	+0.0000
condition-1-en-5k	123	1	belebele	en	zh	None	0.7889	0.7889	+0.0000	0.0000	0.0000	+0.0000
condition-1-en-5k	123	1	belebele	es	en	None	0.7000	0.7000	+0.0000	0.0000	0.0000	+0.0000
condition-1-en-5k	123	1	belebele	es	es	None	0.6733	0.6733	+0.0000	0.0000	0.0000	+0.0000
condition-1-en-5k	123	1	belebele	es	ur	None	0.6467	0.6467	+0.0000	0.0000	0.0000	+0.0000
condition-1-en-5k	123	1	belebele	es	zh	None	0.6933	0.6933	+0.0000	0.0000	0.0000	+0.0000
condition-1-en-5k	123	1	belebele	ur	en	None	0.6089	0.6089	+0.0000	0.0000	0.0000	+0.0000
condition-1-en-5k	123	1	belebele	ur	es	None	0.5278	0.5278	+0.0000	0.0000	0.0000	+0.0000
condition-1-en-5k	123	1	belebele	ur	ur	None	0.5289	0.5289	+0.0000	0.0056	0.0056	+0.0000
condition-1-en-5k	123	1	belebele	ur	zh	None	0.6011	0.6011	+0.0000	0.0000	0.0000	+0.0000
condition-1-en-5k	123	1	belebele	zh	en	None	0.7600	0.7600	+0.0000	0.0000	0.0000	+0.0000
condition-1-en-5k	123	1	belebele	zh	es	None	0.7011	0.7011	+0.0000	0.0000	0.0000	+0.0000
condition-1-en-5k	123	1	belebele	zh	ur	None	0.7156	0.7156	+0.0000	0.0000	0.0000	+0.0000
condition-1-en-5k	123	1	belebele	zh	zh	None	0.7756	0.7756	+0.0000	0.0000	0.0000	+0.0000
condition-1-en-5k	123	1	csqa	en	en	None	0.6110	0.6110	+0.0000	0.0000	0.0000	+0.0000
condition-1-en-5k	123	1	csqa	en	es	None	0.6070	0.6070	+0.0000	0.0010	0.0010	+0.0000
condition-1-en-5k	123	1	csqa	en	ur	None	0.5920	0.5920	+0.0000	0.0000	0.0000	+0.0000
condition-1-en-5k	123	1	csqa	en	zh	None	0.6400	0.6400	+0.0000	0.0000	0.0000	+0.0000
condition-1-en-5k	123	1	csqa	es	en	None	0.5290	0.5290	+0.0000	0.0000	0.0000	+0.0000
condition-1-en-5k	123	1	csqa	es	es	None	0.5300	0.5300	+0.0000	0.0010	0.0010	+0.0000
condition-1-en-5k	123	1	csqa	es	ur	None	0.4790	0.4790	+0.0000	0.0000	0.0000	+0.0000
condition-1-en-5k	123	1	csqa	es	zh	None	0.5440	0.5440	+0.0000	0.0000	0.0000	+0.0000
condition-1-en-5k	123	1	csqa	ur	en	None	0.4270	0.4270	+0.0000	0.0000	0.0000	+0.0000
condition-1-en-5k	123	1	csqa	ur	es	None	0.3930	0.3930	+0.0000	0.0000	0.0000	+0.0000
condition-1-en-5k	123	1	csqa	ur	ur	None	0.3990	0.3990	+0.0000	0.0000	0.0000	+0.0000
condition-1-en-5k	123	1	csqa	ur	zh	None	0.3890	0.3890	+0.0000	0.0000	0.0000	+0.0000
condition-1-en-5k	123	1	csqa	zh	en	None	0.5500	0.5500	+0.0000	0.0000	0.0000	+0.0000
condition-1-en-5k	123	1	csqa	zh	es	None	0.5030	0.5030	+0.0000	0.0000	0.0000	+0.0000
condition-1-en-5k	123	1	csqa	zh	ur	None	0.4790	0.4790	+0.0000	0.0000	0.0000	+0.0000
condition-1-en-5k	123	1	csqa	zh	zh	None	0.5270	0.5270	+0.0000	0.0000	0.0000	+0.0000
condition-1-en-5k	123	1	sib200	en	en	None	0.7500	0.7500	+0.0000	0.0000	0.0000	+0.0000
condition-1-en-5k	123	1	sib200	en	es	None	0.6618	0.6618	+0.0000	0.0000	0.0000	+0.0000
condition-1-en-5k	123	1	sib200	en	ur	None	0.3431	0.4902	+0.1471	0.3873	0.0931	-0.2941
condition-1-en-5k	123	1	sib200	en	zh	None	0.7108	0.7108	+0.0000	0.0000	0.0000	+0.0000
condition-1-en-5k	123	1	sib200	es	en	None	0.7794	0.7549	-0.0245	0.0000	0.0294	+0.0294
condition-1-en-5k	123	1	sib200	es	es	None	0.6422	0.6471	+0.0049	0.0147	0.0000	-0.0147
condition-1-en-5k	123	1	sib200	es	ur	None	0.2353	0.4951	+0.2598	0.6078	0.1176	-0.4902
condition-1-en-5k	123	1	sib200	es	zh	None	0.6078	0.6373	+0.0294	0.0539	0.0245	-0.0294
condition-1-en-5k	123	1	sib200	ur	en	None	0.7059	0.6912	-0.0147	0.0000	0.0147	+0.0147
condition-1-en-5k	123	1	sib200	ur	es	None	0.5000	0.5245	+0.0245	0.0343	0.0245	-0.0098
condition-1-en-5k	123	1	sib200	ur	ur	None	0.2402	0.5637	+0.3235	0.4314	0.0245	-0.4069
condition-1-en-5k	123	1	sib200	ur	zh	None	0.5539	0.5539	+0.0000	0.0000	0.0147	+0.0147
condition-1-en-5k	123	1	sib200	zh	en	None	0.7696	0.7451	-0.0245	0.0049	0.0294	+0.0245
condition-1-en-5k	123	1	sib200	zh	es	None	0.5490	0.5882	+0.0392	0.0539	0.0000	-0.0539
condition-1-en-5k	123	1	sib200	zh	ur	None	0.2304	0.5196	+0.2892	0.5490	0.1127	-0.4363
condition-1-en-5k	123	1	sib200	zh	zh	None	0.6029	0.6716	+0.0686	0.1127	0.0098	-0.1029
condition-1-en-5k	123	1	xnli	en	en	None	0.5218	0.5218	+0.0000	0.0002	0.0002	+0.0000
condition-1-en-5k	123	1	xnli	en	es	None	0.4122	0.4122	+0.0000	0.0002	0.0002	+0.0000
condition-1-en-5k	123	1	xnli	en	ur	None	0.4353	0.4353	+0.0000	0.0006	0.0004	-0.0002
condition-1-en-5k	123	1	xnli	en	zh	None	0.3335	0.3335	+0.0000	0.0000	0.0000	+0.0000
condition-1-en-5k	123	1	xnli	es	en	None	0.4689	0.4689	+0.0000	0.0000	0.0000	+0.0000
condition-1-en-5k	123	1	xnli	es	es	None	0.4581	0.4581	+0.0000	0.0002	0.0002	+0.0000
condition-1-en-5k	123	1	xnli	es	ur	None	0.3553	0.3553	+0.0000	0.0006	0.0006	+0.0000
condition-1-en-5k	123	1	xnli	es	zh	None	0.3337	0.3337	+0.0000	0.0000	0.0000	+0.0000
condition-1-en-5k	123	1	xnli	ur	en	None	0.4375	0.4375	+0.0000	0.0000	0.0000	+0.0000
condition-1-en-5k	123	1	xnli	ur	es	None	0.3846	0.3846	+0.0000	0.0002	0.0002	+0.0000
condition-1-en-5k	123	1	xnli	ur	ur	None	0.3343	0.3343	+0.0000	0.0024	0.0024	+0.0000
condition-1-en-5k	123	1	xnli	ur	zh	None	0.3333	0.3333	+0.0000	0.0002	0.0002	+0.0000
condition-1-en-5k	123	1	xnli	zh	en	None	0.4040	0.4040	+0.0000	0.0000	0.0000	+0.0000
condition-1-en-5k	123	1	xnli	zh	es	None	0.3333	0.3333	+0.0000	0.0000	0.0000	+0.0000
condition-1-en-5k	123	1	xnli	zh	ur	None	0.3377	0.3377	+0.0000	0.0000	0.0000	+0.0000
condition-1-en-5k	123	1	xnli	zh	zh	None	0.3321	0.3321	+0.0000	0.0002	0.0002	+0.0000
condition-1-en-5k	123	2	belebele	en	en	None	0.7867	0.7867	+0.0000	0.0000	0.0000	+0.0000
condition-1-en-5k	123	2	belebele	en	es	None	0.7856	0.7856	+0.0000	0.0000	0.0000	+0.0000
condition-1-en-5k	123	2	belebele	en	ur	None	0.7600	0.7600	+0.0000	0.0000	0.0000	+0.0000
condition-1-en-5k	123	2	belebele	en	zh	None	0.8033	0.8033	+0.0000	0.0000	0.0000	+0.0000
condition-1-en-5k	123	2	belebele	es	en	None	0.7100	0.7100	+0.0000	0.0000	0.0000	+0.0000
condition-1-en-5k	123	2	belebele	es	es	None	0.6956	0.6956	+0.0000	0.0000	0.0000	+0.0000
condition-1-en-5k	123	2	belebele	es	ur	None	0.6500	0.6500	+0.0000	0.0000	0.0000	+0.0000
condition-1-en-5k	123	2	belebele	es	zh	None	0.7178	0.7178	+0.0000	0.0000	0.0000	+0.0000
condition-1-en-5k	123	2	belebele	ur	en	None	0.6233	0.6233	+0.0000	0.0000	0.0000	+0.0000
condition-1-en-5k	123	2	belebele	ur	es	None	0.5556	0.5556	+0.0000	0.0000	0.0000	+0.0000
condition-1-en-5k	123	2	belebele	ur	ur	None	0.5244	0.5244	+0.0000	0.0033	0.0033	+0.0000
condition-1-en-5k	123	2	belebele	ur	zh	None	0.6000	0.6000	+0.0000	0.0000	0.0000	+0.0000
condition-1-en-5k	123	2	belebele	zh	en	None	0.7656	0.7656	+0.0000	0.0000	0.0000	+0.0000
condition-1-en-5k	123	2	belebele	zh	es	None	0.7344	0.7344	+0.0000	0.0000	0.0000	+0.0000
condition-1-en-5k	123	2	belebele	zh	ur	None	0.7089	0.7089	+0.0000	0.0000	0.0000	+0.0000
condition-1-en-5k	123	2	belebele	zh	zh	None	0.7622	0.7622	+0.0000	0.0000	0.0000	+0.0000
condition-1-en-5k	123	2	csqa	en	en	None	0.6090	0.6090	+0.0000	0.0000	0.0000	+0.0000
condition-1-en-5k	123	2	csqa	en	es	None	0.6180	0.6180	+0.0000	0.0000	0.0000	+0.0000
condition-1-en-5k	123	2	csqa	en	ur	None	0.5870	0.5870	+0.0000	0.0000	0.0000	+0.0000
condition-1-en-5k	123	2	csqa	en	zh	None	0.6280	0.6280	+0.0000	0.0000	0.0000	+0.0000
condition-1-en-5k	123	2	csqa	es	en	None	0.5190	0.5190	+0.0000	0.0000	0.0000	+0.0000
condition-1-en-5k	123	2	csqa	es	es	None	0.5310	0.5310	+0.0000	0.0000	0.0000	+0.0000
condition-1-en-5k	123	2	csqa	es	ur	None	0.4800	0.4800	+0.0000	0.0000	0.0000	+0.0000
condition-1-en-5k	123	2	csqa	es	zh	None	0.5280	0.5280	+0.0000	0.0000	0.0000	+0.0000
condition-1-en-5k	123	2	csqa	ur	en	None	0.4210	0.4210	+0.0000	0.0000	0.0000	+0.0000
condition-1-en-5k	123	2	csqa	ur	es	None	0.3960	0.3960	+0.0000	0.0000	0.0000	+0.0000
condition-1-en-5k	123	2	csqa	ur	ur	None	0.3920	0.3920	+0.0000	0.0000	0.0000	+0.0000
condition-1-en-5k	123	2	csqa	ur	zh	None	0.3990	0.3990	+0.0000	0.0000	0.0000	+0.0000
condition-1-en-5k	123	2	csqa	zh	en	None	0.5300	0.5300	+0.0000	0.0000	0.0000	+0.0000
condition-1-en-5k	123	2	csqa	zh	es	None	0.5040	0.5040	+0.0000	0.0000	0.0000	+0.0000
condition-1-en-5k	123	2	csqa	zh	ur	None	0.4620	0.4620	+0.0000	0.0000	0.0000	+0.0000
condition-1-en-5k	123	2	csqa	zh	zh	None	0.5320	0.5320	+0.0000	0.0000	0.0000	+0.0000
condition-1-en-5k	123	2	sib200	en	en	None	0.7108	0.7108	+0.0000	0.0000	0.0000	+0.0000
condition-1-en-5k	123	2	sib200	en	es	None	0.5049	0.5245	+0.0196	0.0245	0.0000	-0.0245
condition-1-en-5k	123	2	sib200	en	ur	None	0.2647	0.4167	+0.1520	0.4167	0.2451	-0.1716
condition-1-en-5k	123	2	sib200	en	zh	None	0.6324	0.6471	+0.0147	0.0245	0.0098	-0.0147
condition-1-en-5k	123	2	sib200	es	en	None	0.6569	0.6569	+0.0000	0.0000	0.0000	+0.0000
condition-1-en-5k	123	2	sib200	es	es	None	0.3725	0.5000	+0.1275	0.1520	0.0000	-0.1520
condition-1-en-5k	123	2	sib200	es	ur	None	0.0637	0.3529	+0.2892	0.7108	0.3480	-0.3627
condition-1-en-5k	123	2	sib200	es	zh	None	0.4902	0.5784	+0.0882	0.1176	0.0147	-0.1029
condition-1-en-5k	123	2	sib200	ur	en	None	0.6765	0.6716	-0.0049	0.0000	0.0049	+0.0049
condition-1-en-5k	123	2	sib200	ur	es	None	0.3922	0.5637	+0.1716	0.2402	0.0196	-0.2206
condition-1-en-5k	123	2	sib200	ur	ur	None	0.2206	0.5441	+0.3235	0.5441	0.1127	-0.4314
condition-1-en-5k	123	2	sib200	ur	zh	None	0.5343	0.5343	+0.0000	0.0000	0.0098	+0.0098
condition-1-en-5k	123	2	sib200	zh	en	None	0.6667	0.6667	+0.0000	0.0000	0.0000	+0.0000
condition-1-en-5k	123	2	sib200	zh	es	None	0.3824	0.5441	+0.1618	0.2108	0.0098	-0.2010
condition-1-en-5k	123	2	sib200	zh	ur	None	0.1029	0.4853	+0.3824	0.7843	0.2108	-0.5735
condition-1-en-5k	123	2	sib200	zh	zh	None	0.5245	0.6275	+0.1029	0.1520	0.0343	-0.1176
condition-1-en-5k	123	2	xnli	en	en	None	0.3617	0.3617	+0.0000	0.0008	0.0008	+0.0000
condition-1-en-5k	123	2	xnli	en	es	None	0.3916	0.3916	+0.0000	0.0016	0.0016	+0.0000
condition-1-en-5k	123	2	xnli	en	ur	None	0.2088	0.2421	+0.0333	0.4840	0.3840	-0.1000
condition-1-en-5k	123	2	xnli	en	zh	None	0.2541	0.3715	+0.1174	0.2735	0.0623	-0.2112
condition-1-en-5k	123	2	xnli	es	en	None	0.3607	0.3607	+0.0000	0.0062	0.0062	+0.0000
condition-1-en-5k	123	2	xnli	es	es	None	0.3796	0.3796	+0.0000	0.0026	0.0026	+0.0000
condition-1-en-5k	123	2	xnli	es	ur	None	0.3048	0.3124	+0.0076	0.1904	0.1659	-0.0246
condition-1-en-5k	123	2	xnli	es	zh	None	0.1571	0.3557	+0.1986	0.5725	0.1715	-0.4010
condition-1-en-5k	123	2	xnli	ur	en	None	0.3339	0.3339	+0.0000	0.0126	0.0126	+0.0000
condition-1-en-5k	123	2	xnli	ur	es	None	0.3798	0.3798	+0.0000	0.0379	0.0379	+0.0000
condition-1-en-5k	123	2	xnli	ur	ur	None	0.2886	0.3230	+0.0343	0.1593	0.0589	-0.1004
condition-1-en-5k	123	2	xnli	ur	zh	None	0.2808	0.2864	+0.0056	0.1449	0.1202	-0.0248
condition-1-en-5k	123	2	xnli	zh	en	None	0.4593	0.4593	+0.0000	0.0040	0.0040	+0.0000
condition-1-en-5k	123	2	xnli	zh	es	None	0.3587	0.3587	+0.0000	0.0074	0.0074	+0.0000
condition-1-en-5k	123	2	xnli	zh	ur	None	0.3343	0.3363	+0.0020	0.0130	0.0078	-0.0052
condition-1-en-5k	123	2	xnli	zh	zh	None	0.0776	0.2942	+0.2166	0.8000	0.2922	-0.5078
condition-1-en-5k	42	1	belebele	en	en	None	0.7800	0.7800	+0.0000	0.0000	0.0000	+0.0000
condition-1-en-5k	42	1	belebele	en	es	None	0.7589	0.7589	+0.0000	0.0000	0.0000	+0.0000
condition-1-en-5k	42	1	belebele	en	ur	None	0.7567	0.7567	+0.0000	0.0000	0.0000	+0.0000
condition-1-en-5k	42	1	belebele	en	zh	None	0.7889	0.7889	+0.0000	0.0000	0.0000	+0.0000
condition-1-en-5k	42	1	belebele	es	en	None	0.7033	0.7033	+0.0000	0.0000	0.0000	+0.0000
condition-1-en-5k	42	1	belebele	es	es	None	0.6733	0.6733	+0.0000	0.0000	0.0000	+0.0000
condition-1-en-5k	42	1	belebele	es	ur	None	0.6444	0.6444	+0.0000	0.0000	0.0000	+0.0000
condition-1-en-5k	42	1	belebele	es	zh	None	0.6922	0.6922	+0.0000	0.0000	0.0000	+0.0000
condition-1-en-5k	42	1	belebele	ur	en	None	0.6167	0.6167	+0.0000	0.0000	0.0000	+0.0000
condition-1-en-5k	42	1	belebele	ur	es	None	0.5456	0.5456	+0.0000	0.0000	0.0000	+0.0000
condition-1-en-5k	42	1	belebele	ur	ur	None	0.5422	0.5422	+0.0000	0.0011	0.0011	+0.0000
condition-1-en-5k	42	1	belebele	ur	zh	None	0.5978	0.5978	+0.0000	0.0000	0.0000	+0.0000
condition-1-en-5k	42	1	belebele	zh	en	None	0.7656	0.7656	+0.0000	0.0000	0.0000	+0.0000
condition-1-en-5k	42	1	belebele	zh	es	None	0.7056	0.7056	+0.0000	0.0000	0.0000	+0.0000
condition-1-en-5k	42	1	belebele	zh	ur	None	0.7144	0.7144	+0.0000	0.0000	0.0000	+0.0000
condition-1-en-5k	42	1	belebele	zh	zh	None	0.7733	0.7733	+0.0000	0.0000	0.0000	+0.0000
condition-1-en-5k	42	1	csqa	en	en	None	0.6130	0.6130	+0.0000	0.0000	0.0000	+0.0000
condition-1-en-5k	42	1	csqa	en	es	None	0.6090	0.6090	+0.0000	0.0010	0.0010	+0.0000
condition-1-en-5k	42	1	csqa	en	ur	None	0.5920	0.5920	+0.0000	0.0000	0.0000	+0.0000
condition-1-en-5k	42	1	csqa	en	zh	None	0.6460	0.6460	+0.0000	0.0000	0.0000	+0.0000
condition-1-en-5k	42	1	csqa	es	en	None	0.5390	0.5390	+0.0000	0.0000	0.0000	+0.0000
condition-1-en-5k	42	1	csqa	es	es	None	0.5440	0.5440	+0.0000	0.0010	0.0010	+0.0000
condition-1-en-5k	42	1	csqa	es	ur	None	0.4840	0.4840	+0.0000	0.0000	0.0000	+0.0000
condition-1-en-5k	42	1	csqa	es	zh	None	0.5480	0.5480	+0.0000	0.0000	0.0000	+0.0000
condition-1-en-5k	42	1	csqa	ur	en	None	0.4240	0.4240	+0.0000	0.0000	0.0000	+0.0000
condition-1-en-5k	42	1	csqa	ur	es	None	0.3980	0.3980	+0.0000	0.0000	0.0000	+0.0000
condition-1-en-5k	42	1	csqa	ur	ur	None	0.4130	0.4130	+0.0000	0.0000	0.0000	+0.0000
condition-1-en-5k	42	1	csqa	ur	zh	None	0.3820	0.3820	+0.0000	0.0000	0.0000	+0.0000
condition-1-en-5k	42	1	csqa	zh	en	None	0.5540	0.5540	+0.0000	0.0000	0.0000	+0.0000
condition-1-en-5k	42	1	csqa	zh	es	None	0.5090	0.5090	+0.0000	0.0000	0.0000	+0.0000
condition-1-en-5k	42	1	csqa	zh	ur	None	0.4800	0.4800	+0.0000	0.0000	0.0000	+0.0000
condition-1-en-5k	42	1	csqa	zh	zh	None	0.5260	0.5260	+0.0000	0.0000	0.0000	+0.0000
condition-1-en-5k	42	1	sib200	en	en	None	0.7500	0.7500	+0.0000	0.0000	0.0000	+0.0000
condition-1-en-5k	42	1	sib200	en	es	None	0.6373	0.6373	+0.0000	0.0000	0.0000	+0.0000
condition-1-en-5k	42	1	sib200	en	ur	None	0.3284	0.4755	+0.1471	0.3775	0.0882	-0.2892
condition-1-en-5k	42	1	sib200	en	zh	None	0.6961	0.6961	+0.0000	0.0000	0.0000	+0.0000
condition-1-en-5k	42	1	sib200	es	en	None	0.7745	0.7647	-0.0098	0.0000	0.0098	+0.0098
condition-1-en-5k	42	1	sib200	es	es	None	0.6275	0.6324	+0.0049	0.0147	0.0000	-0.0147
condition-1-en-5k	42	1	sib200	es	ur	None	0.2402	0.5049	+0.2647	0.5931	0.1029	-0.4902
condition-1-en-5k	42	1	sib200	es	zh	None	0.5980	0.6275	+0.0294	0.0588	0.0196	-0.0392
condition-1-en-5k	42	1	sib200	ur	en	None	0.6912	0.6765	-0.0147	0.0000	0.0147	+0.0147
condition-1-en-5k	42	1	sib200	ur	es	None	0.4804	0.5147	+0.0343	0.0392	0.0245	-0.0147
condition-1-en-5k	42	1	sib200	ur	ur	None	0.2451	0.5539	+0.3088	0.3873	0.0196	-0.3676
condition-1-en-5k	42	1	sib200	ur	zh	None	0.5441	0.5441	+0.0000	0.0000	0.0098	+0.0098
condition-1-en-5k	42	1	sib200	zh	en	None	0.7696	0.7500	-0.0196	0.0049	0.0245	+0.0196
condition-1-en-5k	42	1	sib200	zh	es	None	0.5049	0.5588	+0.0539	0.0735	0.0000	-0.0735
condition-1-en-5k	42	1	sib200	zh	ur	None	0.2304	0.5294	+0.2990	0.5539	0.0980	-0.4559
condition-1-en-5k	42	1	sib200	zh	zh	None	0.5882	0.6618	+0.0735	0.1127	0.0000	-0.1127
condition-1-en-5k	42	1	xnli	en	en	None	0.5206	0.5206	+0.0000	0.0002	0.0002	+0.0000
condition-1-en-5k	42	1	xnli	en	es	None	0.4200	0.4200	+0.0000	0.0002	0.0002	+0.0000
condition-1-en-5k	42	1	xnli	en	ur	None	0.4206	0.4206	+0.0000	0.0006	0.0004	-0.0002
condition-1-en-5k	42	1	xnli	en	zh	None	0.3343	0.3343	+0.0000	0.0000	0.0000	+0.0000
condition-1-en-5k	42	1	xnli	es	en	None	0.4657	0.4657	+0.0000	0.0000	0.0000	+0.0000
condition-1-en-5k	42	1	xnli	es	es	None	0.4637	0.4637	+0.0000	0.0002	0.0002	+0.0000
condition-1-en-5k	42	1	xnli	es	ur	None	0.3489	0.3489	+0.0000	0.0006	0.0006	+0.0000
condition-1-en-5k	42	1	xnli	es	zh	None	0.3341	0.3341	+0.0000	0.0000	0.0000	+0.0000
condition-1-en-5k	42	1	xnli	ur	en	None	0.4347	0.4347	+0.0000	0.0000	0.0000	+0.0000
condition-1-en-5k	42	1	xnli	ur	es	None	0.3828	0.3828	+0.0000	0.0002	0.0002	+0.0000
condition-1-en-5k	42	1	xnli	ur	ur	None	0.3339	0.3339	+0.0000	0.0024	0.0024	+0.0000
condition-1-en-5k	42	1	xnli	ur	zh	None	0.3329	0.3329	+0.0000	0.0002	0.0002	+0.0000
condition-1-en-5k	42	1	xnli	zh	en	None	0.3984	0.3984	+0.0000	0.0000	0.0000	+0.0000
condition-1-en-5k	42	1	xnli	zh	es	None	0.3333	0.3333	+0.0000	0.0000	0.0000	+0.0000
condition-1-en-5k	42	1	xnli	zh	ur	None	0.3369	0.3369	+0.0000	0.0000	0.0000	+0.0000
condition-1-en-5k	42	1	xnli	zh	zh	None	0.3331	0.3331	+0.0000	0.0000	0.0000	+0.0000
condition-1-en-5k	42	2	belebele	en	en	None	0.7889	0.7889	+0.0000	0.0000	0.0000	+0.0000
condition-1-en-5k	42	2	belebele	en	es	None	0.7822	0.7822	+0.0000	0.0000	0.0000	+0.0000
condition-1-en-5k	42	2	belebele	en	ur	None	0.7622	0.7622	+0.0000	0.0000	0.0000	+0.0000
condition-1-en-5k	42	2	belebele	en	zh	None	0.8044	0.8044	+0.0000	0.0000	0.0000	+0.0000
condition-1-en-5k	42	2	belebele	es	en	None	0.7122	0.7122	+0.0000	0.0000	0.0000	+0.0000
condition-1-en-5k	42	2	belebele	es	es	None	0.6978	0.6978	+0.0000	0.0000	0.0000	+0.0000
condition-1-en-5k	42	2	belebele	es	ur	None	0.6478	0.6478	+0.0000	0.0000	0.0000	+0.0000
condition-1-en-5k	42	2	belebele	es	zh	None	0.7178	0.7178	+0.0000	0.0000	0.0000	+0.0000
condition-1-en-5k	42	2	belebele	ur	en	None	0.6211	0.6211	+0.0000	0.0000	0.0000	+0.0000
condition-1-en-5k	42	2	belebele	ur	es	None	0.5656	0.5656	+0.0000	0.0000	0.0000	+0.0000
condition-1-en-5k	42	2	belebele	ur	ur	None	0.5289	0.5289	+0.0000	0.0011	0.0011	+0.0000
condition-1-en-5k	42	2	belebele	ur	zh	None	0.6067	0.6067	+0.0000	0.0000	0.0000	+0.0000
condition-1-en-5k	42	2	belebele	zh	en	None	0.7644	0.7644	+0.0000	0.0000	0.0000	+0.0000
condition-1-en-5k	42	2	belebele	zh	es	None	0.7367	0.7367	+0.0000	0.0000	0.0000	+0.0000
condition-1-en-5k	42	2	belebele	zh	ur	None	0.7089	0.7089	+0.0000	0.0000	0.0000	+0.0000
condition-1-en-5k	42	2	belebele	zh	zh	None	0.7556	0.7556	+0.0000	0.0000	0.0000	+0.0000
condition-1-en-5k	42	2	csqa	en	en	None	0.6160	0.6160	+0.0000	0.0000	0.0000	+0.0000
condition-1-en-5k	42	2	csqa	en	es	None	0.6180	0.6180	+0.0000	0.0000	0.0000	+0.0000
condition-1-en-5k	42	2	csqa	en	ur	None	0.5850	0.5850	+0.0000	0.0000	0.0000	+0.0000
condition-1-en-5k	42	2	csqa	en	zh	None	0.6360	0.6360	+0.0000	0.0000	0.0000	+0.0000
condition-1-en-5k	42	2	csqa	es	en	None	0.5310	0.5310	+0.0000	0.0000	0.0000	+0.0000
condition-1-en-5k	42	2	csqa	es	es	None	0.5350	0.5350	+0.0000	0.0000	0.0000	+0.0000
condition-1-en-5k	42	2	csqa	es	ur	None	0.4860	0.4860	+0.0000	0.0000	0.0000	+0.0000
condition-1-en-5k	42	2	csqa	es	zh	None	0.5350	0.5350	+0.0000	0.0000	0.0000	+0.0000
condition-1-en-5k	42	2	csqa	ur	en	None	0.4210	0.4210	+0.0000	0.0000	0.0000	+0.0000
condition-1-en-5k	42	2	csqa	ur	es	None	0.3910	0.3910	+0.0000	0.0000	0.0000	+0.0000
condition-1-en-5k	42	2	csqa	ur	ur	None	0.3890	0.3890	+0.0000	0.0000	0.0000	+0.0000
condition-1-en-5k	42	2	csqa	ur	zh	None	0.4030	0.4030	+0.0000	0.0000	0.0000	+0.0000
condition-1-en-5k	42	2	csqa	zh	en	None	0.5310	0.5310	+0.0000	0.0000	0.0000	+0.0000
condition-1-en-5k	42	2	csqa	zh	es	None	0.5050	0.5050	+0.0000	0.0000	0.0000	+0.0000
condition-1-en-5k	42	2	csqa	zh	ur	None	0.4690	0.4690	+0.0000	0.0000	0.0000	+0.0000
condition-1-en-5k	42	2	csqa	zh	zh	None	0.5340	0.5340	+0.0000	0.0000	0.0000	+0.0000
condition-1-en-5k	42	2	sib200	en	en	None	0.7010	0.7010	+0.0000	0.0000	0.0000	+0.0000
condition-1-en-5k	42	2	sib200	en	es	None	0.4755	0.4951	+0.0196	0.0294	0.0000	-0.0294
condition-1-en-5k	42	2	sib200	en	ur	None	0.2598	0.4363	+0.1765	0.4461	0.2304	-0.2157
condition-1-en-5k	42	2	sib200	en	zh	None	0.6275	0.6520	+0.0245	0.0392	0.0049	-0.0343
condition-1-en-5k	42	2	sib200	es	en	None	0.6520	0.6520	+0.0000	0.0000	0.0000	+0.0000
condition-1-en-5k	42	2	sib200	es	es	None	0.3627	0.4951	+0.1324	0.1520	0.0000	-0.1520
condition-1-en-5k	42	2	sib200	es	ur	None	0.0980	0.3873	+0.2892	0.7108	0.3088	-0.4020
condition-1-en-5k	42	2	sib200	es	zh	None	0.4951	0.5735	+0.0784	0.1324	0.0147	-0.1176
condition-1-en-5k	42	2	sib200	ur	en	None	0.6569	0.6569	+0.0000	0.0000	0.0000	+0.0000
condition-1-en-5k	42	2	sib200	ur	es	None	0.3725	0.5392	+0.1667	0.2157	0.0098	-0.2059
condition-1-en-5k	42	2	sib200	ur	ur	None	0.2157	0.5392	+0.3235	0.5490	0.1127	-0.4363
condition-1-en-5k	42	2	sib200	ur	zh	None	0.5196	0.5196	+0.0000	0.0000	0.0049	+0.0049
condition-1-en-5k	42	2	sib200	zh	en	None	0.6667	0.6667	+0.0000	0.0000	0.0000	+0.0000
condition-1-en-5k	42	2	sib200	zh	es	None	0.3775	0.5294	+0.1520	0.2010	0.0098	-0.1912
condition-1-en-5k	42	2	sib200	zh	ur	None	0.1275	0.4951	+0.3676	0.7696	0.2059	-0.5637
condition-1-en-5k	42	2	sib200	zh	zh	None	0.5147	0.6225	+0.1078	0.1569	0.0196	-0.1373
condition-1-en-5k	42	2	xnli	en	en	None	0.3489	0.3489	+0.0000	0.0008	0.0008	+0.0000
condition-1-en-5k	42	2	xnli	en	es	None	0.3880	0.3880	+0.0000	0.0018	0.0018	+0.0000
condition-1-en-5k	42	2	xnli	en	ur	None	0.2347	0.2701	+0.0353	0.4172	0.3190	-0.0982
condition-1-en-5k	42	2	xnli	en	zh	None	0.2303	0.3936	+0.1633	0.3729	0.0713	-0.3016
condition-1-en-5k	42	2	xnli	es	en	None	0.3477	0.3477	+0.0000	0.0072	0.0072	+0.0000
condition-1-en-5k	42	2	xnli	es	es	None	0.3768	0.3768	+0.0000	0.0024	0.0024	+0.0000
condition-1-en-5k	42	2	xnli	es	ur	None	0.3204	0.3291	+0.0088	0.1533	0.1275	-0.0257
condition-1-en-5k	42	2	xnli	es	zh	None	0.1257	0.3547	+0.2289	0.6723	0.2238	-0.4485
condition-1-en-5k	42	2	xnli	ur	en	None	0.3325	0.3325	+0.0000	0.0056	0.0056	+0.0000
condition-1-en-5k	42	2	xnli	ur	es	None	0.3782	0.3782	+0.0000	0.0289	0.0289	+0.0000
condition-1-en-5k	42	2	xnli	ur	ur	None	0.2812	0.3273	+0.0461	0.1892	0.0599	-0.1293
condition-1-en-5k	42	2	xnli	ur	zh	None	0.2645	0.2749	+0.0104	0.1918	0.1565	-0.0353
condition-1-en-5k	42	2	xnli	zh	en	None	0.4261	0.4261	+0.0000	0.0048	0.0048	+0.0000
condition-1-en-5k	42	2	xnli	zh	es	None	0.3689	0.3689	+0.0000	0.0098	0.0098	+0.0000
condition-1-en-5k	42	2	xnli	zh	ur	None	0.3333	0.3369	+0.0036	0.0148	0.0072	-0.0076
condition-1-en-5k	42	2	xnli	zh	zh	None	0.0747	0.3042	+0.2295	0.8154	0.2760	-0.5393
condition-1-en-5k	456	1	belebele	en	en	None	0.7767	0.7767	+0.0000	0.0000	0.0000	+0.0000
condition-1-en-5k	456	1	belebele	en	es	None	0.7600	0.7600	+0.0000	0.0000	0.0000	+0.0000
condition-1-en-5k	456	1	belebele	en	ur	None	0.7589	0.7589	+0.0000	0.0000	0.0000	+0.0000
condition-1-en-5k	456	1	belebele	en	zh	None	0.7878	0.7878	+0.0000	0.0000	0.0000	+0.0000
condition-1-en-5k	456	1	belebele	es	en	None	0.6967	0.6967	+0.0000	0.0000	0.0000	+0.0000
condition-1-en-5k	456	1	belebele	es	es	None	0.6689	0.6689	+0.0000	0.0000	0.0000	+0.0000
condition-1-en-5k	456	1	belebele	es	ur	None	0.6356	0.6356	+0.0000	0.0000	0.0000	+0.0000
condition-1-en-5k	456	1	belebele	es	zh	None	0.6956	0.6956	+0.0000	0.0000	0.0000	+0.0000
condition-1-en-5k	456	1	belebele	ur	en	None	0.6133	0.6133	+0.0000	0.0000	0.0000	+0.0000
condition-1-en-5k	456	1	belebele	ur	es	None	0.5333	0.5333	+0.0000	0.0000	0.0000	+0.0000
condition-1-en-5k	456	1	belebele	ur	ur	None	0.5389	0.5389	+0.0000	0.0033	0.0033	+0.0000
condition-1-en-5k	456	1	belebele	ur	zh	None	0.6000	0.6000	+0.0000	0.0000	0.0000	+0.0000
condition-1-en-5k	456	1	belebele	zh	en	None	0.7533	0.7533	+0.0000	0.0000	0.0000	+0.0000
condition-1-en-5k	456	1	belebele	zh	es	None	0.7067	0.7067	+0.0000	0.0000	0.0000	+0.0000
condition-1-en-5k	456	1	belebele	zh	ur	None	0.7133	0.7133	+0.0000	0.0000	0.0000	+0.0000
condition-1-en-5k	456	1	belebele	zh	zh	None	0.7767	0.7767	+0.0000	0.0000	0.0000	+0.0000
condition-1-en-5k	456	1	csqa	en	en	None	0.6120	0.6120	+0.0000	0.0000	0.0000	+0.0000
condition-1-en-5k	456	1	csqa	en	es	None	0.6190	0.6190	+0.0000	0.0010	0.0010	+0.0000
condition-1-en-5k	456	1	csqa	en	ur	None	0.5920	0.5920	+0.0000	0.0000	0.0000	+0.0000
condition-1-en-5k	456	1	csqa	en	zh	None	0.6480	0.6480	+0.0000	0.0000	0.0000	+0.0000
condition-1-en-5k	456	1	csqa	es	en	None	0.5230	0.5230	+0.0000	0.0000	0.0000	+0.0000
condition-1-en-5k	456	1	csqa	es	es	None	0.5260	0.5260	+0.0000	0.0010	0.0010	+0.0000
condition-1-en-5k	456	1	csqa	es	ur	None	0.4840	0.4840	+0.0000	0.0000	0.0000	+0.0000
condition-1-en-5k	456	1	csqa	es	zh	None	0.5520	0.5520	+0.0000	0.0000	0.0000	+0.0000
condition-1-en-5k	456	1	csqa	ur	en	None	0.4200	0.4200	+0.0000	0.0000	0.0000	+0.0000
condition-1-en-5k	456	1	csqa	ur	es	None	0.4000	0.4000	+0.0000	0.0000	0.0000	+0.0000
condition-1-en-5k	456	1	csqa	ur	ur	None	0.4150	0.4150	+0.0000	0.0000	0.0000	+0.0000
condition-1-en-5k	456	1	csqa	ur	zh	None	0.3890	0.3890	+0.0000	0.0000	0.0000	+0.0000
condition-1-en-5k	456	1	csqa	zh	en	None	0.5540	0.5540	+0.0000	0.0000	0.0000	+0.0000
condition-1-en-5k	456	1	csqa	zh	es	None	0.5080	0.5080	+0.0000	0.0000	0.0000	+0.0000
condition-1-en-5k	456	1	csqa	zh	ur	None	0.4870	0.4870	+0.0000	0.0000	0.0000	+0.0000
condition-1-en-5k	456	1	csqa	zh	zh	None	0.5270	0.5270	+0.0000	0.0000	0.0000	+0.0000
condition-1-en-5k	456	1	sib200	en	en	None	0.7598	0.7598	+0.0000	0.0000	0.0000	+0.0000
condition-1-en-5k	456	1	sib200	en	es	None	0.6471	0.6471	+0.0000	0.0000	0.0000	+0.0000
condition-1-en-5k	456	1	sib200	en	ur	None	0.3431	0.4755	+0.1324	0.3873	0.1029	-0.2843
condition-1-en-5k	456	1	sib200	en	zh	None	0.7108	0.7108	+0.0000	0.0000	0.0000	+0.0000
condition-1-en-5k	456	1	sib200	es	en	None	0.7745	0.7549	-0.0196	0.0000	0.0196	+0.0196
condition-1-en-5k	456	1	sib200	es	es	None	0.6324	0.6373	+0.0049	0.0147	0.0000	-0.0147
condition-1-en-5k	456	1	sib200	es	ur	None	0.2402	0.4804	+0.2402	0.5980	0.1324	-0.4657
condition-1-en-5k	456	1	sib200	es	zh	None	0.5931	0.6324	+0.0392	0.0686	0.0196	-0.0490
condition-1-en-5k	456	1	sib200	ur	en	None	0.7157	0.7010	-0.0147	0.0000	0.0147	+0.0147
condition-1-en-5k	456	1	sib200	ur	es	None	0.4755	0.5147	+0.0392	0.0441	0.0147	-0.0294
condition-1-en-5k	456	1	sib200	ur	ur	None	0.2304	0.5588	+0.3284	0.4412	0.0245	-0.4167
condition-1-en-5k	456	1	sib200	ur	zh	None	0.5588	0.5637	+0.0049	0.0049	0.0049	+0.0000
condition-1-en-5k	456	1	sib200	zh	en	None	0.7794	0.7549	-0.0245	0.0049	0.0294	+0.0245
condition-1-en-5k	456	1	sib200	zh	es	None	0.5196	0.5735	+0.0539	0.0784	0.0000	-0.0784
condition-1-en-5k	456	1	sib200	zh	ur	None	0.2206	0.5245	+0.3039	0.5833	0.1275	-0.4559
condition-1-en-5k	456	1	sib200	zh	zh	None	0.5588	0.6618	+0.1029	0.1618	0.0000	-0.1618
condition-1-en-5k	456	1	xnli	en	en	None	0.5255	0.5255	+0.0000	0.0002	0.0002	+0.0000
condition-1-en-5k	456	1	xnli	en	es	None	0.4162	0.4162	+0.0000	0.0002	0.0002	+0.0000
condition-1-en-5k	456	1	xnli	en	ur	None	0.4200	0.4200	+0.0000	0.0008	0.0006	-0.0002
condition-1-en-5k	456	1	xnli	en	zh	None	0.3341	0.3341	+0.0000	0.0000	0.0000	+0.0000
condition-1-en-5k	456	1	xnli	es	en	None	0.4717	0.4717	+0.0000	0.0000	0.0000	+0.0000
condition-1-en-5k	456	1	xnli	es	es	None	0.4653	0.4653	+0.0000	0.0002	0.0002	+0.0000
condition-1-en-5k	456	1	xnli	es	ur	None	0.3505	0.3505	+0.0000	0.0010	0.0010	+0.0000
condition-1-en-5k	456	1	xnli	es	zh	None	0.3349	0.3349	+0.0000	0.0000	0.0000	+0.0000
condition-1-en-5k	456	1	xnli	ur	en	None	0.4403	0.4403	+0.0000	0.0000	0.0000	+0.0000
condition-1-en-5k	456	1	xnli	ur	es	None	0.3856	0.3856	+0.0000	0.0002	0.0002	+0.0000
condition-1-en-5k	456	1	xnli	ur	ur	None	0.3325	0.3325	+0.0000	0.0044	0.0044	+0.0000
condition-1-en-5k	456	1	xnli	ur	zh	None	0.3331	0.3331	+0.0000	0.0006	0.0006	+0.0000
condition-1-en-5k	456	1	xnli	zh	en	None	0.4078	0.4078	+0.0000	0.0000	0.0000	+0.0000
condition-1-en-5k	456	1	xnli	zh	es	None	0.3333	0.3333	+0.0000	0.0000	0.0000	+0.0000
condition-1-en-5k	456	1	xnli	zh	ur	None	0.3371	0.3371	+0.0000	0.0000	0.0000	+0.0000
condition-1-en-5k	456	1	xnli	zh	zh	None	0.3395	0.3395	+0.0000	0.0002	0.0002	+0.0000
condition-1-en-5k	456	2	belebele	en	en	None	0.7856	0.7856	+0.0000	0.0000	0.0000	+0.0000
condition-1-en-5k	456	2	belebele	en	es	None	0.7811	0.7811	+0.0000	0.0000	0.0000	+0.0000
condition-1-en-5k	456	2	belebele	en	ur	None	0.7611	0.7611	+0.0000	0.0000	0.0000	+0.0000
condition-1-en-5k	456	2	belebele	en	zh	None	0.7967	0.7967	+0.0000	0.0000	0.0000	+0.0000
condition-1-en-5k	456	2	belebele	es	en	None	0.7067	0.7067	+0.0000	0.0000	0.0000	+0.0000
condition-1-en-5k	456	2	belebele	es	es	None	0.6922	0.6922	+0.0000	0.0000	0.0000	+0.0000
condition-1-en-5k	456	2	belebele	es	ur	None	0.6389	0.6389	+0.0000	0.0000	0.0000	+0.0000
condition-1-en-5k	456	2	belebele	es	zh	None	0.7222	0.7222	+0.0000	0.0000	0.0000	+0.0000
condition-1-en-5k	456	2	belebele	ur	en	None	0.6156	0.6156	+0.0000	0.0000	0.0000	+0.0000
condition-1-en-5k	456	2	belebele	ur	es	None	0.5656	0.5656	+0.0000	0.0000	0.0000	+0.0000
condition-1-en-5k	456	2	belebele	ur	ur	None	0.5233	0.5233	+0.0000	0.0044	0.0044	+0.0000
condition-1-en-5k	456	2	belebele	ur	zh	None	0.6022	0.6022	+0.0000	0.0000	0.0000	+0.0000
condition-1-en-5k	456	2	belebele	zh	en	None	0.7611	0.7611	+0.0000	0.0000	0.0000	+0.0000
condition-1-en-5k	456	2	belebele	zh	es	None	0.7344	0.7344	+0.0000	0.0000	0.0000	+0.0000
condition-1-en-5k	456	2	belebele	zh	ur	None	0.7100	0.7100	+0.0000	0.0000	0.0000	+0.0000
condition-1-en-5k	456	2	belebele	zh	zh	None	0.7556	0.7556	+0.0000	0.0000	0.0000	+0.0000
condition-1-en-5k	456	2	csqa	en	en	None	0.6090	0.6090	+0.0000	0.0000	0.0000	+0.0000
condition-1-en-5k	456	2	csqa	en	es	None	0.6200	0.6200	+0.0000	0.0000	0.0000	+0.0000
condition-1-en-5k	456	2	csqa	en	ur	None	0.5860	0.5860	+0.0000	0.0000	0.0000	+0.0000
condition-1-en-5k	456	2	csqa	en	zh	None	0.6450	0.6450	+0.0000	0.0000	0.0000	+0.0000
condition-1-en-5k	456	2	csqa	es	en	None	0.5280	0.5280	+0.0000	0.0000	0.0000	+0.0000
condition-1-en-5k	456	2	csqa	es	es	None	0.5360	0.5360	+0.0000	0.0000	0.0000	+0.0000
condition-1-en-5k	456	2	csqa	es	ur	None	0.4830	0.4830	+0.0000	0.0000	0.0000	+0.0000
condition-1-en-5k	456	2	csqa	es	zh	None	0.5250	0.5250	+0.0000	0.0000	0.0000	+0.0000
condition-1-en-5k	456	2	csqa	ur	en	None	0.4170	0.4170	+0.0000	0.0000	0.0000	+0.0000
condition-1-en-5k	456	2	csqa	ur	es	None	0.3950	0.3950	+0.0000	0.0000	0.0000	+0.0000
condition-1-en-5k	456	2	csqa	ur	ur	None	0.3950	0.3950	+0.0000	0.0000	0.0000	+0.0000
condition-1-en-5k	456	2	csqa	ur	zh	None	0.4070	0.4070	+0.0000	0.0000	0.0000	+0.0000
condition-1-en-5k	456	2	csqa	zh	en	None	0.5360	0.5360	+0.0000	0.0000	0.0000	+0.0000
condition-1-en-5k	456	2	csqa	zh	es	None	0.5040	0.5040	+0.0000	0.0000	0.0000	+0.0000
condition-1-en-5k	456	2	csqa	zh	ur	None	0.4680	0.4680	+0.0000	0.0000	0.0000	+0.0000
condition-1-en-5k	456	2	csqa	zh	zh	None	0.5370	0.5370	+0.0000	0.0000	0.0000	+0.0000
condition-1-en-5k	456	2	sib200	en	en	None	0.7157	0.7157	+0.0000	0.0000	0.0000	+0.0000
condition-1-en-5k	456	2	sib200	en	es	None	0.4951	0.5196	+0.0245	0.0392	0.0049	-0.0343
condition-1-en-5k	456	2	sib200	en	ur	None	0.2500	0.4167	+0.1667	0.4461	0.2451	-0.2010
condition-1-en-5k	456	2	sib200	en	zh	None	0.6275	0.6520	+0.0245	0.0441	0.0098	-0.0343
condition-1-en-5k	456	2	sib200	es	en	None	0.6667	0.6667	+0.0000	0.0000	0.0000	+0.0000
condition-1-en-5k	456	2	sib200	es	es	None	0.3480	0.5049	+0.1569	0.1814	0.0000	-0.1814
condition-1-en-5k	456	2	sib200	es	ur	None	0.0490	0.3676	+0.3186	0.7794	0.3333	-0.4461
condition-1-en-5k	456	2	sib200	es	zh	None	0.4853	0.5735	+0.0882	0.1471	0.0147	-0.1324
condition-1-en-5k	456	2	sib200	ur	en	None	0.6716	0.6716	+0.0000	0.0000	0.0000	+0.0000
condition-1-en-5k	456	2	sib200	ur	es	None	0.3676	0.5882	+0.2206	0.2843	0.0098	-0.2745
condition-1-en-5k	456	2	sib200	ur	ur	None	0.2059	0.5490	+0.3431	0.5882	0.1029	-0.4853
condition-1-en-5k	456	2	sib200	ur	zh	None	0.5343	0.5343	+0.0000	0.0000	0.0098	+0.0098
condition-1-en-5k	456	2	sib200	zh	en	None	0.6814	0.6814	+0.0000	0.0000	0.0000	+0.0000
condition-1-en-5k	456	2	sib200	zh	es	None	0.3775	0.5392	+0.1618	0.2108	0.0049	-0.2059
condition-1-en-5k	456	2	sib200	zh	ur	None	0.0784	0.4755	+0.3971	0.8284	0.2255	-0.6029
condition-1-en-5k	456	2	sib200	zh	zh	None	0.4951	0.6225	+0.1275	0.1961	0.0245	-0.1716
condition-1-en-5k	456	2	xnli	en	en	None	0.3589	0.3589	+0.0000	0.0006	0.0006	+0.0000
condition-1-en-5k	456	2	xnli	en	es	None	0.3914	0.3914	+0.0000	0.0016	0.0016	+0.0000
condition-1-en-5k	456	2	xnli	en	ur	None	0.2024	0.2413	+0.0389	0.5090	0.3960	-0.1130
condition-1-en-5k	456	2	xnli	en	zh	None	0.1804	0.3868	+0.2064	0.5144	0.1293	-0.3850
condition-1-en-5k	456	2	xnli	es	en	None	0.3557	0.3557	+0.0000	0.0058	0.0058	+0.0000
condition-1-en-5k	456	2	xnli	es	es	None	0.3735	0.3735	+0.0000	0.0030	0.0030	+0.0000
condition-1-en-5k	456	2	xnli	es	ur	None	0.3066	0.3158	+0.0092	0.1944	0.1661	-0.0283
condition-1-en-5k	456	2	xnli	es	zh	None	0.0908	0.3285	+0.2377	0.7709	0.3024	-0.4685
condition-1-en-5k	456	2	xnli	ur	en	None	0.3325	0.3325	+0.0000	0.0082	0.0082	+0.0000
condition-1-en-5k	456	2	xnli	ur	es	None	0.3651	0.3651	+0.0000	0.0571	0.0571	+0.0000
condition-1-en-5k	456	2	xnli	ur	ur	None	0.2725	0.3236	+0.0511	0.2132	0.0655	-0.1477
condition-1-en-5k	456	2	xnli	ur	zh	None	0.2525	0.2663	+0.0138	0.2265	0.1840	-0.0425
condition-1-en-5k	456	2	xnli	zh	en	None	0.4389	0.4389	+0.0000	0.0040	0.0040	+0.0000
condition-1-en-5k	456	2	xnli	zh	es	None	0.3756	0.3756	+0.0000	0.0120	0.0120	+0.0000
condition-1-en-5k	456	2	xnli	zh	ur	None	0.3323	0.3361	+0.0038	0.0210	0.0106	-0.0104
condition-1-en-5k	456	2	xnli	zh	zh	None	0.0569	0.2745	+0.2176	0.8659	0.3651	-0.5008
condition-2-es-20k	42	1	belebele	en	en	None	0.7878	0.7878	+0.0000	0.0000	0.0000	+0.0000
condition-2-es-20k	42	1	belebele	en	es	None	0.7744	0.7744	+0.0000	0.0000	0.0000	+0.0000
condition-2-es-20k	42	1	belebele	es	en	None	0.7022	0.7022	+0.0000	0.0000	0.0000	+0.0000
condition-2-es-20k	42	1	belebele	es	es	None	0.6678	0.6678	+0.0000	0.0000	0.0000	+0.0000
condition-2-es-20k	42	1	belebele	ur	en	None	0.6089	0.6089	+0.0000	0.0000	0.0000	+0.0000
condition-2-es-20k	42	1	belebele	ur	es	None	0.5444	0.5444	+0.0000	0.0000	0.0000	+0.0000
condition-2-es-20k	42	1	belebele	zh	en	None	0.7556	0.7556	+0.0000	0.0000	0.0000	+0.0000
condition-2-es-20k	42	1	belebele	zh	es	None	0.7156	0.7156	+0.0000	0.0000	0.0000	+0.0000
condition-2-es-20k	42	1	csqa	en	en	None	0.6010	0.6010	+0.0000	0.0000	0.0000	+0.0000
condition-2-es-20k	42	1	csqa	en	es	None	0.6100	0.6100	+0.0000	0.0000	0.0000	+0.0000
condition-2-es-20k	42	1	csqa	es	en	None	0.5360	0.5360	+0.0000	0.0000	0.0000	+0.0000
condition-2-es-20k	42	1	csqa	es	es	None	0.5400	0.5400	+0.0000	0.0000	0.0000	+0.0000
condition-2-es-20k	42	1	csqa	ur	en	None	0.4180	0.4180	+0.0000	0.0000	0.0000	+0.0000
condition-2-es-20k	42	1	csqa	ur	es	None	0.3950	0.3950	+0.0000	0.0000	0.0000	+0.0000
condition-2-es-20k	42	1	csqa	zh	en	None	0.5490	0.5490	+0.0000	0.0000	0.0000	+0.0000
condition-2-es-20k	42	1	csqa	zh	es	None	0.5230	0.5230	+0.0000	0.0000	0.0000	+0.0000
condition-2-es-20k	42	1	sib200	en	en	None	0.7549	0.7549	+0.0000	0.0000	0.0000	+0.0000
condition-2-es-20k	42	1	sib200	en	es	None	0.6814	0.6814	+0.0000	0.0000	0.0000	+0.0000
condition-2-es-20k	42	1	sib200	es	en	None	0.7745	0.7598	-0.0147	0.0000	0.0147	+0.0147
condition-2-es-20k	42	1	sib200	es	es	None	0.6765	0.6765	+0.0000	0.0000	0.0000	+0.0000
condition-2-es-20k	42	1	sib200	ur	en	None	0.7157	0.7108	-0.0049	0.0000	0.0049	+0.0049
condition-2-es-20k	42	1	sib200	ur	es	None	0.5686	0.5686	+0.0000	0.0000	0.0343	+0.0343
condition-2-es-20k	42	1	sib200	zh	en	None	0.7843	0.7647	-0.0196	0.0000	0.0196	+0.0196
condition-2-es-20k	42	1	sib200	zh	es	None	0.6618	0.6520	-0.0098	0.0000	0.0343	+0.0343
condition-2-es-20k	42	1	xnli	en	en	None	0.4986	0.4986	+0.0000	0.0002	0.0002	+0.0000
condition-2-es-20k	42	1	xnli	en	es	None	0.4194	0.4194	+0.0000	0.0000	0.0000	+0.0000
condition-2-es-20k	42	1	xnli	es	en	None	0.4631	0.4631	+0.0000	0.0000	0.0000	+0.0000
condition-2-es-20k	42	1	xnli	es	es	None	0.4042	0.4042	+0.0000	0.0002	0.0002	+0.0000
condition-2-es-20k	42	1	xnli	ur	en	None	0.4381	0.4381	+0.0000	0.0000	0.0000	+0.0000
condition-2-es-20k	42	1	xnli	ur	es	None	0.4277	0.4277	+0.0000	0.0000	0.0000	+0.0000
condition-2-es-20k	42	1	xnli	zh	en	None	0.3852	0.3852	+0.0000	0.0000	0.0000	+0.0000
condition-2-es-20k	42	1	xnli	zh	es	None	0.3371	0.3371	+0.0000	0.0000	0.0000	+0.0000
condition-2-es-20k	42	2	belebele	en	en	None	0.7867	0.7867	+0.0000	0.0000	0.0000	+0.0000
condition-2-es-20k	42	2	belebele	en	es	None	0.7944	0.7944	+0.0000	0.0000	0.0000	+0.0000
condition-2-es-20k	42	2	belebele	es	en	None	0.7222	0.7222	+0.0000	0.0000	0.0000	+0.0000
condition-2-es-20k	42	2	belebele	es	es	None	0.6978	0.6978	+0.0000	0.0000	0.0000	+0.0000
condition-2-es-20k	42	2	belebele	ur	en	None	0.6178	0.6178	+0.0000	0.0000	0.0000	+0.0000
condition-2-es-20k	42	2	belebele	ur	es	None	0.5878	0.5878	+0.0000	0.0000	0.0000	+0.0000
condition-2-es-20k	42	2	belebele	zh	en	None	0.7667	0.7667	+0.0000	0.0000	0.0000	+0.0000
condition-2-es-20k	42	2	belebele	zh	es	None	0.7433	0.7433	+0.0000	0.0000	0.0000	+0.0000
condition-2-es-20k	42	2	csqa	en	en	None	0.6020	0.6020	+0.0000	0.0000	0.0000	+0.0000
condition-2-es-20k	42	2	csqa	en	es	None	0.6300	0.6300	+0.0000	0.0000	0.0000	+0.0000
condition-2-es-20k	42	2	csqa	es	en	None	0.5240	0.5240	+0.0000	0.0000	0.0000	+0.0000
condition-2-es-20k	42	2	csqa	es	es	None	0.5520	0.5520	+0.0000	0.0000	0.0000	+0.0000
condition-2-es-20k	42	2	csqa	ur	en	None	0.4250	0.4250	+0.0000	0.0000	0.0000	+0.0000
condition-2-es-20k	42	2	csqa	ur	es	None	0.4100	0.4100	+0.0000	0.0000	0.0000	+0.0000
condition-2-es-20k	42	2	csqa	zh	en	None	0.5350	0.5350	+0.0000	0.0000	0.0000	+0.0000
condition-2-es-20k	42	2	csqa	zh	es	None	0.5200	0.5200	+0.0000	0.0000	0.0000	+0.0000
condition-2-es-20k	42	2	sib200	en	en	None	0.6912	0.6912	+0.0000	0.0000	0.0000	+0.0000
condition-2-es-20k	42	2	sib200	en	es	None	0.5049	0.5049	+0.0000	0.0000	0.0000	+0.0000
condition-2-es-20k	42	2	sib200	es	en	None	0.6520	0.6520	+0.0000	0.0000	0.0000	+0.0000
condition-2-es-20k	42	2	sib200	es	es	None	0.5000	0.5000	+0.0000	0.0000	0.0000	+0.0000
condition-2-es-20k	42	2	sib200	ur	en	None	0.6471	0.6471	+0.0000	0.0000	0.0000	+0.0000
condition-2-es-20k	42	2	sib200	ur	es	None	0.4314	0.4314	+0.0000	0.0000	0.0000	+0.0000
condition-2-es-20k	42	2	sib200	zh	en	None	0.6373	0.6373	+0.0000	0.0000	0.0000	+0.0000
condition-2-es-20k	42	2	sib200	zh	es	None	0.5294	0.5245	-0.0049	0.0000	0.0049	+0.0049
condition-2-es-20k	42	2	xnli	en	en	None	0.4084	0.4084	+0.0000	0.0004	0.0004	+0.0000
condition-2-es-20k	42	2	xnli	en	es	None	0.4509	0.4509	+0.0000	0.0000	0.0000	+0.0000
condition-2-es-20k	42	2	xnli	es	en	None	0.3794	0.3794	+0.0000	0.0006	0.0006	+0.0000
condition-2-es-20k	42	2	xnli	es	es	None	0.3988	0.3988	+0.0000	0.0006	0.0006	+0.0000
condition-2-es-20k	42	2	xnli	ur	en	None	0.3325	0.3325	+0.0000	0.0066	0.0066	+0.0000
condition-2-es-20k	42	2	xnli	ur	es	None	0.3950	0.3950	+0.0000	0.0002	0.0002	+0.0000
condition-2-es-20k	42	2	xnli	zh	en	None	0.4838	0.4838	+0.0000	0.0018	0.0018	+0.0000
condition-2-es-20k	42	2	xnli	zh	es	None	0.3737	0.3737	+0.0000	0.0016	0.0016	+0.0000
condition-2-es-5k	123	1	belebele	en	en	None	0.7800	0.7800	+0.0000	0.0000	0.0000	+0.0000
condition-2-es-5k	123	1	belebele	en	es	None	0.7656	0.7656	+0.0000	0.0000	0.0000	+0.0000
condition-2-es-5k	123	1	belebele	es	en	None	0.7056	0.7056	+0.0000	0.0000	0.0000	+0.0000
condition-2-es-5k	123	1	belebele	es	es	None	0.6744	0.6744	+0.0000	0.0000	0.0000	+0.0000
condition-2-es-5k	123	1	belebele	ur	en	None	0.6089	0.6089	+0.0000	0.0000	0.0000	+0.0000
condition-2-es-5k	123	1	belebele	ur	es	None	0.5633	0.5633	+0.0000	0.0000	0.0000	+0.0000
condition-2-es-5k	123	1	belebele	zh	en	None	0.7522	0.7522	+0.0000	0.0000	0.0000	+0.0000
condition-2-es-5k	123	1	belebele	zh	es	None	0.7167	0.7167	+0.0000	0.0000	0.0000	+0.0000
condition-2-es-5k	123	1	csqa	en	en	None	0.6030	0.6030	+0.0000	0.0000	0.0000	+0.0000
condition-2-es-5k	123	1	csqa	en	es	None	0.6050	0.6050	+0.0000	0.0000	0.0000	+0.0000
condition-2-es-5k	123	1	csqa	es	en	None	0.5260	0.5260	+0.0000	0.0000	0.0000	+0.0000
condition-2-es-5k	123	1	csqa	es	es	None	0.5340	0.5340	+0.0000	0.0000	0.0000	+0.0000
condition-2-es-5k	123	1	csqa	ur	en	None	0.4070	0.4070	+0.0000	0.0000	0.0000	+0.0000
condition-2-es-5k	123	1	csqa	ur	es	None	0.4040	0.4040	+0.0000	0.0000	0.0000	+0.0000
condition-2-es-5k	123	1	csqa	zh	en	None	0.5440	0.5440	+0.0000	0.0000	0.0000	+0.0000
condition-2-es-5k	123	1	csqa	zh	es	None	0.5060	0.5060	+0.0000	0.0000	0.0000	+0.0000
condition-2-es-5k	123	1	sib200	en	en	None	0.7647	0.7647	+0.0000	0.0000	0.0000	+0.0000
condition-2-es-5k	123	1	sib200	en	es	None	0.6716	0.6716	+0.0000	0.0000	0.0000	+0.0000
condition-2-es-5k	123	1	sib200	es	en	None	0.7794	0.7549	-0.0245	0.0000	0.0245	+0.0245
condition-2-es-5k	123	1	sib200	es	es	None	0.6422	0.6422	+0.0000	0.0000	0.0000	+0.0000
condition-2-es-5k	123	1	sib200	ur	en	None	0.7010	0.6961	-0.0049	0.0000	0.0049	+0.0049
condition-2-es-5k	123	1	sib200	ur	es	None	0.5441	0.5441	+0.0000	0.0000	0.0490	+0.0490
condition-2-es-5k	123	1	sib200	zh	en	None	0.7843	0.7696	-0.0147	0.0000	0.0147	+0.0147
condition-2-es-5k	123	1	sib200	zh	es	None	0.6422	0.6422	+0.0000	0.0000	0.0196	+0.0196
condition-2-es-5k	123	1	xnli	en	en	None	0.5244	0.5244	+0.0000	0.0002	0.0002	+0.0000
condition-2-es-5k	123	1	xnli	en	es	None	0.4840	0.4840	+0.0000	0.0002	0.0002	+0.0000
condition-2-es-5k	123	1	xnli	es	en	None	0.4756	0.4756	+0.0000	0.0000	0.0000	+0.0000
condition-2-es-5k	123	1	xnli	es	es	None	0.4721	0.4721	+0.0000	0.0000	0.0000	+0.0000
condition-2-es-5k	123	1	xnli	ur	en	None	0.4437	0.4437	+0.0000	0.0000	0.0000	+0.0000
condition-2-es-5k	123	1	xnli	ur	es	None	0.4405	0.4405	+0.0000	0.0000	0.0000	+0.0000
condition-2-es-5k	123	1	xnli	zh	en	None	0.4222	0.4222	+0.0000	0.0000	0.0000	+0.0000
condition-2-es-5k	123	1	xnli	zh	es	None	0.3513	0.3513	+0.0000	0.0000	0.0000	+0.0000
condition-2-es-5k	123	2	belebele	en	en	None	0.7822	0.7822	+0.0000	0.0000	0.0000	+0.0000
condition-2-es-5k	123	2	belebele	en	es	None	0.7900	0.7900	+0.0000	0.0000	0.0000	+0.0000
condition-2-es-5k	123	2	belebele	es	en	None	0.7100	0.7100	+0.0000	0.0000	0.0000	+0.0000
condition-2-es-5k	123	2	belebele	es	es	None	0.7111	0.7111	+0.0000	0.0000	0.0000	+0.0000
condition-2-es-5k	123	2	belebele	ur	en	None	0.6289	0.6289	+0.0000	0.0000	0.0000	+0.0000
condition-2-es-5k	123	2	belebele	ur	es	None	0.5956	0.5956	+0.0000	0.0000	0.0000	+0.0000
condition-2-es-5k	123	2	belebele	zh	en	None	0.7622	0.7622	+0.0000	0.0000	0.0000	+0.0000
condition-2-es-5k	123	2	belebele	zh	es	None	0.7456	0.7456	+0.0000	0.0000	0.0000	+0.0000
condition-2-es-5k	123	2	csqa	en	en	None	0.6040	0.6040	+0.0000	0.0000	0.0000	+0.0000
condition-2-es-5k	123	2	csqa	en	es	None	0.6240	0.6240	+0.0000	0.0000	0.0000	+0.0000
condition-2-es-5k	123	2	csqa	es	en	None	0.5270	0.5270	+0.0000	0.0000	0.0000	+0.0000
condition-2-es-5k	123	2	csqa	es	es	None	0.5450	0.5450	+0.0000	0.0000	0.0000	+0.0000
condition-2-es-5k	123	2	csqa	ur	en	None	0.4220	0.4220	+0.0000	0.0000	0.0000	+0.0000
condition-2-es-5k	123	2	csqa	ur	es	None	0.4030	0.4030	+0.0000	0.0000	0.0000	+0.0000
condition-2-es-5k	123	2	csqa	zh	en	None	0.5420	0.5420	+0.0000	0.0000	0.0000	+0.0000
condition-2-es-5k	123	2	csqa	zh	es	None	0.5070	0.5070	+0.0000	0.0000	0.0000	+0.0000
condition-2-es-5k	123	2	sib200	en	en	None	0.6912	0.6912	+0.0000	0.0000	0.0000	+0.0000
condition-2-es-5k	123	2	sib200	en	es	None	0.4902	0.4902	+0.0000	0.0000	0.0000	+0.0000
condition-2-es-5k	123	2	sib200	es	en	None	0.6471	0.6471	+0.0000	0.0000	0.0000	+0.0000
condition-2-es-5k	123	2	sib200	es	es	None	0.4706	0.4755	+0.0049	0.0049	0.0000	-0.0049
condition-2-es-5k	123	2	sib200	ur	en	None	0.6618	0.6618	+0.0000	0.0000	0.0000	+0.0000
condition-2-es-5k	123	2	sib200	ur	es	None	0.4216	0.4314	+0.0098	0.0147	0.0098	-0.0049
condition-2-es-5k	123	2	sib200	zh	en	None	0.6471	0.6471	+0.0000	0.0000	0.0000	+0.0000
condition-2-es-5k	123	2	sib200	zh	es	None	0.4951	0.5000	+0.0049	0.0147	0.0098	-0.0049
condition-2-es-5k	123	2	xnli	en	en	None	0.3619	0.3619	+0.0000	0.0010	0.0010	+0.0000
condition-2-es-5k	123	2	xnli	en	es	None	0.3824	0.3824	+0.0000	0.0000	0.0000	+0.0000
condition-2-es-5k	123	2	xnli	es	en	None	0.3555	0.3555	+0.0000	0.0042	0.0042	+0.0000
condition-2-es-5k	123	2	xnli	es	es	None	0.3794	0.3794	+0.0000	0.0008	0.0008	+0.0000
condition-2-es-5k	123	2	xnli	ur	en	None	0.3335	0.3335	+0.0000	0.0066	0.0066	+0.0000
condition-2-es-5k	123	2	xnli	ur	es	None	0.3954	0.3954	+0.0000	0.0006	0.0006	+0.0000
condition-2-es-5k	123	2	xnli	zh	en	None	0.4244	0.4244	+0.0000	0.0010	0.0010	+0.0000
condition-2-es-5k	123	2	xnli	zh	es	None	0.3559	0.3559	+0.0000	0.0016	0.0016	+0.0000
condition-2-es-5k	42	1	belebele	en	en	None	0.7844	0.7844	+0.0000	0.0000	0.0000	+0.0000
condition-2-es-5k	42	1	belebele	en	es	None	0.7689	0.7689	+0.0000	0.0000	0.0000	+0.0000
condition-2-es-5k	42	1	belebele	es	en	None	0.7078	0.7078	+0.0000	0.0000	0.0000	+0.0000
condition-2-es-5k	42	1	belebele	es	es	None	0.6756	0.6756	+0.0000	0.0000	0.0000	+0.0000
condition-2-es-5k	42	1	belebele	ur	en	None	0.6111	0.6111	+0.0000	0.0000	0.0000	+0.0000
condition-2-es-5k	42	1	belebele	ur	es	None	0.5656	0.5656	+0.0000	0.0000	0.0000	+0.0000
condition-2-es-5k	42	1	belebele	zh	en	None	0.7633	0.7633	+0.0000	0.0000	0.0000	+0.0000
condition-2-es-5k	42	1	belebele	zh	es	None	0.7300	0.7300	+0.0000	0.0000	0.0000	+0.0000
condition-2-es-5k	42	1	csqa	en	en	None	0.6020	0.6020	+0.0000	0.0000	0.0000	+0.0000
condition-2-es-5k	42	1	csqa	en	es	None	0.6070	0.6070	+0.0000	0.0000	0.0000	+0.0000
condition-2-es-5k	42	1	csqa	es	en	None	0.5360	0.5360	+0.0000	0.0000	0.0000	+0.0000
condition-2-es-5k	42	1	csqa	es	es	None	0.5400	0.5400	+0.0000	0.0000	0.0000	+0.0000
condition-2-es-5k	42	1	csqa	ur	en	None	0.4140	0.4140	+0.0000	0.0000	0.0000	+0.0000
condition-2-es-5k	42	1	csqa	ur	es	None	0.4080	0.4080	+0.0000	0.0000	0.0000	+0.0000
condition-2-es-5k	42	1	csqa	zh	en	None	0.5540	0.5540	+0.0000	0.0000	0.0000	+0.0000
condition-2-es-5k	42	1	csqa	zh	es	None	0.5060	0.5060	+0.0000	0.0000	0.0000	+0.0000
condition-2-es-5k	42	1	sib200	en	en	None	0.7647	0.7598	-0.0049	0.0000	0.0049	+0.0049
condition-2-es-5k	42	1	sib200	en	es	None	0.6716	0.6716	+0.0000	0.0000	0.0000	+0.0000
condition-2-es-5k	42	1	sib200	es	en	None	0.7794	0.7696	-0.0098	0.0000	0.0098	+0.0098
condition-2-es-5k	42	1	sib200	es	es	None	0.6422	0.6422	+0.0000	0.0000	0.0000	+0.0000
condition-2-es-5k	42	1	sib200	ur	en	None	0.7010	0.7010	+0.0000	0.0000	0.0000	+0.0000
condition-2-es-5k	42	1	sib200	ur	es	None	0.5245	0.5245	+0.0000	0.0000	0.0441	+0.0441
condition-2-es-5k	42	1	sib200	zh	en	None	0.7745	0.7647	-0.0098	0.0000	0.0098	+0.0098
condition-2-es-5k	42	1	sib200	zh	es	None	0.6422	0.6275	-0.0147	0.0000	0.0490	+0.0490
condition-2-es-5k	42	1	xnli	en	en	None	0.5291	0.5291	+0.0000	0.0002	0.0002	+0.0000
condition-2-es-5k	42	1	xnli	en	es	None	0.5090	0.5090	+0.0000	0.0000	0.0000	+0.0000
condition-2-es-5k	42	1	xnli	es	en	None	0.4932	0.4932	+0.0000	0.0000	0.0000	+0.0000
condition-2-es-5k	42	1	xnli	es	es	None	0.4762	0.4762	+0.0000	0.0002	0.0002	+0.0000
condition-2-es-5k	42	1	xnli	ur	en	None	0.4469	0.4469	+0.0000	0.0000	0.0000	+0.0000
condition-2-es-5k	42	1	xnli	ur	es	None	0.4431	0.4431	+0.0000	0.0000	0.0000	+0.0000
condition-2-es-5k	42	1	xnli	zh	en	None	0.4359	0.4359	+0.0000	0.0000	0.0000	+0.0000
condition-2-es-5k	42	1	xnli	zh	es	None	0.3665	0.3665	+0.0000	0.0000	0.0000	+0.0000
condition-2-es-5k	42	2	belebele	en	en	None	0.7889	0.7889	+0.0000	0.0000	0.0000	+0.0000
condition-2-es-5k	42	2	belebele	en	es	None	0.7900	0.7900	+0.0000	0.0000	0.0000	+0.0000
condition-2-es-5k	42	2	belebele	es	en	None	0.7200	0.7200	+0.0000	0.0000	0.0000	+0.0000
condition-2-es-5k	42	2	belebele	es	es	None	0.7133	0.7133	+0.0000	0.0000	0.0000	+0.0000
condition-2-es-5k	42	2	belebele	ur	en	None	0.6278	0.6278	+0.0000	0.0000	0.0000	+0.0000
condition-2-es-5k	42	2	belebele	ur	es	None	0.5889	0.5889	+0.0000	0.0000	0.0000	+0.0000
condition-2-es-5k	42	2	belebele	zh	en	None	0.7644	0.7644	+0.0000	0.0000	0.0000	+0.0000
condition-2-es-5k	42	2	belebele	zh	es	None	0.7489	0.7489	+0.0000	0.0000	0.0000	+0.0000
condition-2-es-5k	42	2	csqa	en	en	None	0.6050	0.6050	+0.0000	0.0000	0.0000	+0.0000
condition-2-es-5k	42	2	csqa	en	es	None	0.6210	0.6210	+0.0000	0.0000	0.0000	+0.0000
condition-2-es-5k	42	2	csqa	es	en	None	0.5270	0.5270	+0.0000	0.0000	0.0000	+0.0000
condition-2-es-5k	42	2	csqa	es	es	None	0.5400	0.5400	+0.0000	0.0000	0.0000	+0.0000
condition-2-es-5k	42	2	csqa	ur	en	None	0.4180	0.4180	+0.0000	0.0000	0.0000	+0.0000
condition-2-es-5k	42	2	csqa	ur	es	None	0.4000	0.4000	+0.0000	0.0000	0.0000	+0.0000
condition-2-es-5k	42	2	csqa	zh	en	None	0.5370	0.5370	+0.0000	0.0000	0.0000	+0.0000
condition-2-es-5k	42	2	csqa	zh	es	None	0.5070	0.5070	+0.0000	0.0000	0.0000	+0.0000
condition-2-es-5k	42	2	sib200	en	en	None	0.7059	0.7059	+0.0000	0.0000	0.0000	+0.0000
condition-2-es-5k	42	2	sib200	en	es	None	0.4853	0.4853	+0.0000	0.0000	0.0000	+0.0000
condition-2-es-5k	42	2	sib200	es	en	None	0.6520	0.6520	+0.0000	0.0000	0.0000	+0.0000
condition-2-es-5k	42	2	sib200	es	es	None	0.4657	0.4706	+0.0049	0.0049	0.0000	-0.0049
condition-2-es-5k	42	2	sib200	ur	en	None	0.6520	0.6520	+0.0000	0.0000	0.0000	+0.0000
condition-2-es-5k	42	2	sib200	ur	es	None	0.4167	0.4363	+0.0196	0.0196	0.0049	-0.0147
condition-2-es-5k	42	2	sib200	zh	en	None	0.6569	0.6569	+0.0000	0.0000	0.0000	+0.0000
condition-2-es-5k	42	2	sib200	zh	es	None	0.4951	0.5000	+0.0049	0.0147	0.0098	-0.0049
condition-2-es-5k	42	2	xnli	en	en	None	0.3525	0.3525	+0.0000	0.0006	0.0006	+0.0000
condition-2-es-5k	42	2	xnli	en	es	None	0.4126	0.4126	+0.0000	0.0000	0.0000	+0.0000
condition-2-es-5k	42	2	xnli	es	en	None	0.3483	0.3483	+0.0000	0.0048	0.0048	+0.0000
condition-2-es-5k	42	2	xnli	es	es	None	0.4016	0.4016	+0.0000	0.0012	0.0012	+0.0000
condition-2-es-5k	42	2	xnli	ur	en	None	0.3339	0.3339	+0.0000	0.0064	0.0064	+0.0000
condition-2-es-5k	42	2	xnli	ur	es	None	0.4044	0.4044	+0.0000	0.0002	0.0002	+0.0000
condition-2-es-5k	42	2	xnli	zh	en	None	0.4072	0.4072	+0.0000	0.0008	0.0008	+0.0000
condition-2-es-5k	42	2	xnli	zh	es	None	0.3719	0.3719	+0.0000	0.0030	0.0030	+0.0000
condition-2-es-5k	456	1	belebele	en	en	None	0.7833	0.7833	+0.0000	0.0000	0.0000	+0.0000
condition-2-es-5k	456	1	belebele	en	es	None	0.7767	0.7767	+0.0000	0.0000	0.0000	+0.0000
condition-2-es-5k	456	1	belebele	es	en	None	0.7089	0.7089	+0.0000	0.0000	0.0000	+0.0000
condition-2-es-5k	456	1	belebele	es	es	None	0.6733	0.6733	+0.0000	0.0000	0.0000	+0.0000
condition-2-es-5k	456	1	belebele	ur	en	None	0.6133	0.6133	+0.0000	0.0000	0.0000	+0.0000
condition-2-es-5k	456	1	belebele	ur	es	None	0.5500	0.5500	+0.0000	0.0000	0.0000	+0.0000
condition-2-es-5k	456	1	belebele	zh	en	None	0.7622	0.7622	+0.0000	0.0000	0.0000	+0.0000
condition-2-es-5k	456	1	belebele	zh	es	None	0.7200	0.7200	+0.0000	0.0000	0.0000	+0.0000
condition-2-es-5k	456	1	csqa	en	en	None	0.6140	0.6140	+0.0000	0.0000	0.0000	+0.0000
condition-2-es-5k	456	1	csqa	en	es	None	0.6000	0.6000	+0.0000	0.0000	0.0000	+0.0000
condition-2-es-5k	456	1	csqa	es	en	None	0.5370	0.5370	+0.0000	0.0000	0.0000	+0.0000
condition-2-es-5k	456	1	csqa	es	es	None	0.5420	0.5420	+0.0000	0.0000	0.0000	+0.0000
condition-2-es-5k	456	1	csqa	ur	en	None	0.4190	0.4190	+0.0000	0.0000	0.0000	+0.0000
condition-2-es-5k	456	1	csqa	ur	es	None	0.4080	0.4080	+0.0000	0.0000	0.0000	+0.0000
condition-2-es-5k	456	1	csqa	zh	en	None	0.5540	0.5540	+0.0000	0.0000	0.0000	+0.0000
condition-2-es-5k	456	1	csqa	zh	es	None	0.5110	0.5110	+0.0000	0.0000	0.0000	+0.0000
condition-2-es-5k	456	1	sib200	en	en	None	0.7696	0.7696	+0.0000	0.0000	0.0000	+0.0000
condition-2-es-5k	456	1	sib200	en	es	None	0.6765	0.6765	+0.0000	0.0000	0.0000	+0.0000
condition-2-es-5k	456	1	sib200	es	en	None	0.7745	0.7647	-0.0098	0.0000	0.0098	+0.0098
condition-2-es-5k	456	1	sib200	es	es	None	0.6471	0.6471	+0.0000	0.0000	0.0000	+0.0000
condition-2-es-5k	456	1	sib200	ur	en	None	0.7010	0.7010	+0.0000	0.0000	0.0000	+0.0000
condition-2-es-5k	456	1	sib200	ur	es	None	0.5392	0.5392	+0.0000	0.0000	0.0343	+0.0343
condition-2-es-5k	456	1	sib200	zh	en	None	0.7794	0.7696	-0.0098	0.0000	0.0098	+0.0098
condition-2-es-5k	456	1	sib200	zh	es	None	0.6471	0.6471	+0.0000	0.0000	0.0049	+0.0049
condition-2-es-5k	456	1	xnli	en	en	None	0.5248	0.5248	+0.0000	0.0002	0.0002	+0.0000
condition-2-es-5k	456	1	xnli	en	es	None	0.4569	0.4569	+0.0000	0.0002	0.0002	+0.0000
condition-2-es-5k	456	1	xnli	es	en	None	0.4762	0.4762	+0.0000	0.0000	0.0000	+0.0000
condition-2-es-5k	456	1	xnli	es	es	None	0.4339	0.4339	+0.0000	0.0000	0.0000	+0.0000
condition-2-es-5k	456	1	xnli	ur	en	None	0.4455	0.4455	+0.0000	0.0000	0.0000	+0.0000
condition-2-es-5k	456	1	xnli	ur	es	None	0.4357	0.4357	+0.0000	0.0000	0.0000	+0.0000
condition-2-es-5k	456	1	xnli	zh	en	None	0.4210	0.4210	+0.0000	0.0000	0.0000	+0.0000
condition-2-es-5k	456	1	xnli	zh	es	None	0.3435	0.3435	+0.0000	0.0000	0.0000	+0.0000
condition-2-es-5k	456	2	belebele	en	en	None	0.7900	0.7900	+0.0000	0.0000	0.0000	+0.0000
condition-2-es-5k	456	2	belebele	en	es	None	0.7956	0.7956	+0.0000	0.0000	0.0000	+0.0000
condition-2-es-5k	456	2	belebele	es	en	None	0.7222	0.7222	+0.0000	0.0000	0.0000	+0.0000
condition-2-es-5k	456	2	belebele	es	es	None	0.7033	0.7033	+0.0000	0.0000	0.0000	+0.0000
condition-2-es-5k	456	2	belebele	ur	en	None	0.6211	0.6211	+0.0000	0.0000	0.0000	+0.0000
condition-2-es-5k	456	2	belebele	ur	es	None	0.5922	0.5922	+0.0000	0.0000	0.0000	+0.0000
condition-2-es-5k	456	2	belebele	zh	en	None	0.7678	0.7678	+0.0000	0.0000	0.0000	+0.0000
condition-2-es-5k	456	2	belebele	zh	es	None	0.7456	0.7456	+0.0000	0.0000	0.0000	+0.0000
condition-2-es-5k	456	2	csqa	en	en	None	0.6100	0.6100	+0.0000	0.0000	0.0000	+0.0000
condition-2-es-5k	456	2	csqa	en	es	None	0.6210	0.6210	+0.0000	0.0000	0.0000	+0.0000
condition-2-es-5k	456	2	csqa	es	en	None	0.5320	0.5320	+0.0000	0.0000	0.0000	+0.0000
condition-2-es-5k	456	2	csqa	es	es	None	0.5440	0.5440	+0.0000	0.0000	0.0000	+0.0000
condition-2-es-5k	456	2	csqa	ur	en	None	0.4200	0.4200	+0.0000	0.0000	0.0000	+0.0000
condition-2-es-5k	456	2	csqa	ur	es	None	0.4050	0.4050	+0.0000	0.0000	0.0000	+0.0000
condition-2-es-5k	456	2	csqa	zh	en	None	0.5450	0.5450	+0.0000	0.0000	0.0000	+0.0000
condition-2-es-5k	456	2	csqa	zh	es	None	0.5140	0.5140	+0.0000	0.0000	0.0000	+0.0000
condition-2-es-5k	456	2	sib200	en	en	None	0.6912	0.6912	+0.0000	0.0000	0.0000	+0.0000
condition-2-es-5k	456	2	sib200	en	es	None	0.4902	0.4902	+0.0000	0.0000	0.0000	+0.0000
condition-2-es-5k	456	2	sib200	es	en	None	0.6520	0.6520	+0.0000	0.0000	0.0000	+0.0000
condition-2-es-5k	456	2	sib200	es	es	None	0.4853	0.4902	+0.0049	0.0049	0.0000	-0.0049
condition-2-es-5k	456	2	sib200	ur	en	None	0.6667	0.6667	+0.0000	0.0000	0.0000	+0.0000
condition-2-es-5k	456	2	sib200	ur	es	None	0.4314	0.4755	+0.0441	0.0441	0.0000	-0.0441
condition-2-es-5k	456	2	sib200	zh	en	None	0.6569	0.6569	+0.0000	0.0000	0.0000	+0.0000
condition-2-es-5k	456	2	sib200	zh	es	None	0.4902	0.5098	+0.0196	0.0294	0.0098	-0.0196
condition-2-es-5k	456	2	xnli	en	en	None	0.3659	0.3659	+0.0000	0.0008	0.0008	+0.0000
condition-2-es-5k	456	2	xnli	en	es	None	0.3890	0.3890	+0.0000	0.0000	0.0000	+0.0000
condition-2-es-5k	456	2	xnli	es	en	None	0.3599	0.3599	+0.0000	0.0046	0.0046	+0.0000
condition-2-es-5k	456	2	xnli	es	es	None	0.3764	0.3764	+0.0000	0.0006	0.0006	+0.0000
condition-2-es-5k	456	2	xnli	ur	en	None	0.3345	0.3345	+0.0000	0.0080	0.0080	+0.0000
condition-2-es-5k	456	2	xnli	ur	es	None	0.4012	0.4012	+0.0000	0.0008	0.0008	+0.0000
condition-2-es-5k	456	2	xnli	zh	en	None	0.4130	0.4130	+0.0000	0.0008	0.0008	+0.0000
condition-2-es-5k	456	2	xnli	zh	es	None	0.3553	0.3553	+0.0000	0.0030	0.0030	+0.0000
condition-2-ur-20k	42	1	belebele	en	en	None	0.7922	0.7922	+0.0000	0.0000	0.0000	+0.0000
condition-2-ur-20k	42	1	belebele	en	ur	None	0.7856	0.7856	+0.0000	0.0011	0.0011	+0.0000
condition-2-ur-20k	42	1	belebele	es	en	None	0.7144	0.7144	+0.0000	0.0000	0.0000	+0.0000
condition-2-ur-20k	42	1	belebele	es	ur	None	0.6889	0.6889	+0.0000	0.0000	0.0000	+0.0000
condition-2-ur-20k	42	1	belebele	ur	en	None	0.6000	0.6000	+0.0000	0.0000	0.0000	+0.0000
condition-2-ur-20k	42	1	belebele	ur	ur	None	0.5000	0.5000	+0.0000	0.0000	0.0000	+0.0000
condition-2-ur-20k	42	1	belebele	zh	en	None	0.7678	0.7678	+0.0000	0.0000	0.0000	+0.0000
condition-2-ur-20k	42	1	belebele	zh	ur	None	0.7500	0.7500	+0.0000	0.0000	0.0000	+0.0000
condition-2-ur-20k	42	1	csqa	en	en	None	0.6170	0.6170	+0.0000	0.0000	0.0000	+0.0000
condition-2-ur-20k	42	1	csqa	en	ur	None	0.6100	0.6100	+0.0000	0.0000	0.0000	+0.0000
condition-2-ur-20k	42	1	csqa	es	en	None	0.5430	0.5430	+0.0000	0.0000	0.0000	+0.0000
condition-2-ur-20k	42	1	csqa	es	ur	None	0.4990	0.4990	+0.0000	0.0000	0.0000	+0.0000
condition-2-ur-20k	42	1	csqa	ur	en	None	0.3740	0.3740	+0.0000	0.0000	0.0000	+0.0000
condition-2-ur-20k	42	1	csqa	ur	ur	None	0.3410	0.3410	+0.0000	0.0000	0.0000	+0.0000
condition-2-ur-20k	42	1	csqa	zh	en	None	0.5490	0.5490	+0.0000	0.0000	0.0000	+0.0000
condition-2-ur-20k	42	1	csqa	zh	ur	None	0.4970	0.4970	+0.0000	0.0000	0.0000	+0.0000
condition-2-ur-20k	42	1	sib200	en	en	None	0.7745	0.7647	-0.0098	0.0000	0.0147	+0.0147
condition-2-ur-20k	42	1	sib200	en	ur	None	0.4951	0.3725	-0.1225	0.0049	0.3676	+0.3627
condition-2-ur-20k	42	1	sib200	es	en	None	0.7794	0.7304	-0.0490	0.0000	0.0588	+0.0588
condition-2-ur-20k	42	1	sib200	es	ur	None	0.4314	0.3137	-0.1176	0.0049	0.4216	+0.4167
condition-2-ur-20k	42	1	sib200	ur	en	None	0.6814	0.6569	-0.0245	0.0000	0.0294	+0.0294
condition-2-ur-20k	42	1	sib200	ur	ur	None	0.2745	0.2598	-0.0147	0.0049	0.1569	+0.1520
condition-2-ur-20k	42	1	sib200	zh	en	None	0.7598	0.7304	-0.0294	0.0000	0.0343	+0.0343
condition-2-ur-20k	42	1	sib200	zh	ur	None	0.5392	0.3971	-0.1422	0.0049	0.4314	+0.4265
condition-2-ur-20k	42	1	xnli	en	en	None	0.5379	0.5379	+0.0000	0.0000	0.0000	+0.0000
condition-2-ur-20k	42	1	xnli	en	ur	None	0.4595	0.4595	+0.0000	0.0002	0.0002	+0.0000
condition-2-ur-20k	42	1	xnli	es	en	None	0.5002	0.5002	+0.0000	0.0000	0.0000	+0.0000
condition-2-ur-20k	42	1	xnli	es	ur	None	0.3673	0.3673	+0.0000	0.0002	0.0002	+0.0000
condition-2-ur-20k	42	1	xnli	ur	en	None	0.4439	0.4439	+0.0000	0.0000	0.0000	+0.0000
condition-2-ur-20k	42	1	xnli	ur	ur	None	0.3337	0.3337	+0.0000	0.0000	0.0000	+0.0000
condition-2-ur-20k	42	1	xnli	zh	en	None	0.4413	0.4413	+0.0000	0.0000	0.0000	+0.0000
condition-2-ur-20k	42	1	xnli	zh	ur	None	0.3403	0.3403	+0.0000	0.0000	0.0000	+0.0000
condition-2-ur-20k	42	2	belebele	en	en	None	0.7944	0.7944	+0.0000	0.0000	0.0000	+0.0000
condition-2-ur-20k	42	2	belebele	en	ur	None	0.7844	0.7844	+0.0000	0.0022	0.0022	+0.0000
condition-2-ur-20k	42	2	belebele	es	en	None	0.7300	0.7300	+0.0000	0.0000	0.0000	+0.0000
condition-2-ur-20k	42	2	belebele	es	ur	None	0.6889	0.6889	+0.0000	0.0000	0.0000	+0.0000
condition-2-ur-20k	42	2	belebele	ur	en	None	0.6056	0.6056	+0.0000	0.0000	0.0000	+0.0000
condition-2-ur-20k	42	2	belebele	ur	ur	None	0.4844	0.4844	+0.0000	0.0000	0.0000	+0.0000
condition-2-ur-20k	42	2	belebele	zh	en	None	0.7744	0.7744	+0.0000	0.0000	0.0000	+0.0000
condition-2-ur-20k	42	2	belebele	zh	ur	None	0.7467	0.7467	+0.0000	0.0000	0.0000	+0.0000
condition-2-ur-20k	42	2	csqa	en	en	None	0.6080	0.6080	+0.0000	0.0000	0.0000	+0.0000
condition-2-ur-20k	42	2	csqa	en	ur	None	0.6120	0.6120	+0.0000	0.0000	0.0000	+0.0000
condition-2-ur-20k	42	2	csqa	es	en	None	0.5420	0.5420	+0.0000	0.0000	0.0000	+0.0000
condition-2-ur-20k	42	2	csqa	es	ur	None	0.5020	0.5020	+0.0000	0.0010	0.0010	+0.0000
condition-2-ur-20k	42	2	csqa	ur	en	None	0.3430	0.3430	+0.0000	0.0000	0.0000	+0.0000
condition-2-ur-20k	42	2	csqa	ur	ur	None	0.3520	0.3520	+0.0000	0.0000	0.0000	+0.0000
condition-2-ur-20k	42	2	csqa	zh	en	None	0.5270	0.5270	+0.0000	0.0000	0.0000	+0.0000
condition-2-ur-20k	42	2	csqa	zh	ur	None	0.5070	0.5070	+0.0000	0.0000	0.0000	+0.0000
condition-2-ur-20k	42	2	sib200	en	en	None	0.6912	0.6912	+0.0000	0.0000	0.0000	+0.0000
condition-2-ur-20k	42	2	sib200	en	ur	None	0.7206	0.7157	-0.0049	0.0588	0.0637	+0.0049
condition-2-ur-20k	42	2	sib200	es	en	None	0.6520	0.6520	+0.0000	0.0000	0.0000	+0.0000
condition-2-ur-20k	42	2	sib200	es	ur	None	0.6275	0.6127	-0.0147	0.0343	0.0539	+0.0196
condition-2-ur-20k	42	2	sib200	ur	en	None	0.5980	0.5980	+0.0000	0.0000	0.0000	+0.0000
condition-2-ur-20k	42	2	sib200	ur	ur	None	0.4608	0.3382	-0.1225	0.0000	0.3088	+0.3088
condition-2-ur-20k	42	2	sib200	zh	en	None	0.6618	0.6520	-0.0098	0.0000	0.0098	+0.0098
condition-2-ur-20k	42	2	sib200	zh	ur	None	0.5637	0.6176	+0.0539	0.2010	0.1225	-0.0784
condition-2-ur-20k	42	2	xnli	en	en	None	0.3615	0.3615	+0.0000	0.0004	0.0004	+0.0000
condition-2-ur-20k	42	2	xnli	en	ur	None	0.3415	0.3415	+0.0000	0.0028	0.0028	+0.0000
condition-2-ur-20k	42	2	xnli	es	en	None	0.3687	0.3687	+0.0000	0.0002	0.0002	+0.0000
condition-2-ur-20k	42	2	xnli	es	ur	None	0.3812	0.3812	+0.0000	0.0022	0.0022	+0.0000
condition-2-ur-20k	42	2	xnli	ur	en	None	0.3363	0.3363	+0.0000	0.0000	0.0000	+0.0000
condition-2-ur-20k	42	2	xnli	ur	ur	None	0.3910	0.3910	+0.0000	0.0004	0.0004	+0.0000
condition-2-ur-20k	42	2	xnli	zh	en	None	0.4577	0.4577	+0.0000	0.0000	0.0000	+0.0000
condition-2-ur-20k	42	2	xnli	zh	ur	None	0.4501	0.4501	+0.0000	0.0006	0.0006	+0.0000
condition-2-ur-5k	123	1	belebele	en	en	None	0.7889	0.7889	+0.0000	0.0000	0.0000	+0.0000
condition-2-ur-5k	123	1	belebele	en	ur	None	0.8011	0.8011	+0.0000	0.0000	0.0000	+0.0000
condition-2-ur-5k	123	1	belebele	es	en	None	0.7233	0.7233	+0.0000	0.0000	0.0000	+0.0000
condition-2-ur-5k	123	1	belebele	es	ur	None	0.7211	0.7211	+0.0000	0.0000	0.0000	+0.0000
condition-2-ur-5k	123	1	belebele	ur	en	None	0.6322	0.6322	+0.0000	0.0000	0.0000	+0.0000
condition-2-ur-5k	123	1	belebele	ur	ur	None	0.5733	0.5733	+0.0000	0.0000	0.0000	+0.0000
condition-2-ur-5k	123	1	belebele	zh	en	None	0.7722	0.7722	+0.0000	0.0000	0.0000	+0.0000
condition-2-ur-5k	123	1	belebele	zh	ur	None	0.7578	0.7578	+0.0000	0.0000	0.0000	+0.0000
condition-2-ur-5k	123	1	csqa	en	en	None	0.6090	0.6090	+0.0000	0.0000	0.0000	+0.0000
condition-2-ur-5k	123	1	csqa	en	ur	None	0.6070	0.6070	+0.0000	0.0000	0.0000	+0.0000
condition-2-ur-5k	123	1	csqa	es	en	None	0.5370	0.5370	+0.0000	0.0000	0.0000	+0.0000
condition-2-ur-5k	123	1	csqa	es	ur	None	0.4930	0.4930	+0.0000	0.0000	0.0000	+0.0000
condition-2-ur-5k	123	1	csqa	ur	en	None	0.4030	0.4030	+0.0000	0.0000	0.0000	+0.0000
condition-2-ur-5k	123	1	csqa	ur	ur	None	0.3770	0.3770	+0.0000	0.0000	0.0000	+0.0000
condition-2-ur-5k	123	1	csqa	zh	en	None	0.5610	0.5610	+0.0000	0.0000	0.0000	+0.0000
condition-2-ur-5k	123	1	csqa	zh	ur	None	0.4960	0.4960	+0.0000	0.0000	0.0000	+0.0000
condition-2-ur-5k	123	1	sib200	en	en	None	0.7794	0.7647	-0.0147	0.0000	0.0245	+0.0245
condition-2-ur-5k	123	1	sib200	en	ur	None	0.6667	0.6078	-0.0588	0.0000	0.2451	+0.2451
condition-2-ur-5k	123	1	sib200	es	en	None	0.7647	0.7108	-0.0539	0.0000	0.0637	+0.0637
condition-2-ur-5k	123	1	sib200	es	ur	None	0.6422	0.5931	-0.0490	0.0049	0.2353	+0.2304
condition-2-ur-5k	123	1	sib200	ur	en	None	0.6912	0.6667	-0.0245	0.0000	0.0294	+0.0294
condition-2-ur-5k	123	1	sib200	ur	ur	None	0.4853	0.4412	-0.0441	0.0000	0.2794	+0.2794
condition-2-ur-5k	123	1	sib200	zh	en	None	0.7647	0.7402	-0.0245	0.0000	0.0245	+0.0245
condition-2-ur-5k	123	1	sib200	zh	ur	None	0.7549	0.7059	-0.0490	0.0000	0.1324	+0.1324
condition-2-ur-5k	123	1	xnli	en	en	None	0.5054	0.5054	+0.0000	0.0000	0.0000	+0.0000
condition-2-ur-5k	123	1	xnli	en	ur	None	0.3441	0.3441	+0.0000	0.0000	0.0000	+0.0000
condition-2-ur-5k	123	1	xnli	es	en	None	0.4395	0.4395	+0.0000	0.0000	0.0000	+0.0000
condition-2-ur-5k	123	1	xnli	es	ur	None	0.3373	0.3373	+0.0000	0.0000	0.0000	+0.0000
condition-2-ur-5k	123	1	xnli	ur	en	None	0.3904	0.3904	+0.0000	0.0000	0.0000	+0.0000
condition-2-ur-5k	123	1	xnli	ur	ur	None	0.3351	0.3351	+0.0000	0.0000	0.0000	+0.0000
condition-2-ur-5k	123	1	xnli	zh	en	None	0.3988	0.3988	+0.0000	0.0000	0.0000	+0.0000
condition-2-ur-5k	123	1	xnli	zh	ur	None	0.3335	0.3335	+0.0000	0.0000	0.0000	+0.0000
condition-2-ur-5k	123	2	belebele	en	en	None	0.7956	0.7956	+0.0000	0.0000	0.0000	+0.0000
condition-2-ur-5k	123	2	belebele	en	ur	None	0.8111	0.8111	+0.0000	0.0000	0.0000	+0.0000
condition-2-ur-5k	123	2	belebele	es	en	None	0.7356	0.7356	+0.0000	0.0000	0.0000	+0.0000
condition-2-ur-5k	123	2	belebele	es	ur	None	0.7156	0.7156	+0.0000	0.0000	0.0000	+0.0000
condition-2-ur-5k	123	2	belebele	ur	en	None	0.6411	0.6411	+0.0000	0.0000	0.0000	+0.0000
condition-2-ur-5k	123	2	belebele	ur	ur	None	0.5711	0.5711	+0.0000	0.0000	0.0000	+0.0000
condition-2-ur-5k	123	2	belebele	zh	en	None	0.7733	0.7733	+0.0000	0.0000	0.0000	+0.0000
condition-2-ur-5k	123	2	belebele	zh	ur	None	0.7656	0.7656	+0.0000	0.0000	0.0000	+0.0000
condition-2-ur-5k	123	2	csqa	en	en	None	0.6120	0.6120	+0.0000	0.0000	0.0000	+0.0000
condition-2-ur-5k	123	2	csqa	en	ur	None	0.6120	0.6120	+0.0000	0.0000	0.0000	+0.0000
condition-2-ur-5k	123	2	csqa	es	en	None	0.5290	0.5290	+0.0000	0.0000	0.0000	+0.0000
condition-2-ur-5k	123	2	csqa	es	ur	None	0.4970	0.4970	+0.0000	0.0000	0.0000	+0.0000
condition-2-ur-5k	123	2	csqa	ur	en	None	0.3830	0.3830	+0.0000	0.0000	0.0000	+0.0000
condition-2-ur-5k	123	2	csqa	ur	ur	None	0.4070	0.4070	+0.0000	0.0000	0.0000	+0.0000
condition-2-ur-5k	123	2	csqa	zh	en	None	0.5420	0.5420	+0.0000	0.0000	0.0000	+0.0000
condition-2-ur-5k	123	2	csqa	zh	ur	None	0.5030	0.5030	+0.0000	0.0000	0.0000	+0.0000
condition-2-ur-5k	123	2	sib200	en	en	None	0.6863	0.6863	+0.0000	0.0000	0.0000	+0.0000
condition-2-ur-5k	123	2	sib200	en	ur	None	0.7108	0.7059	-0.0049	0.0539	0.0637	+0.0098
condition-2-ur-5k	123	2	sib200	es	en	None	0.6618	0.6618	+0.0000	0.0000	0.0000	+0.0000
condition-2-ur-5k	123	2	sib200	es	ur	None	0.6716	0.6618	-0.0098	0.0343	0.0539	+0.0196
condition-2-ur-5k	123	2	sib200	ur	en	None	0.6765	0.6765	+0.0000	0.0000	0.0000	+0.0000
condition-2-ur-5k	123	2	sib200	ur	ur	None	0.5294	0.4706	-0.0588	0.0098	0.1618	+0.1520
condition-2-ur-5k	123	2	sib200	zh	en	None	0.6863	0.6765	-0.0098	0.0000	0.0098	+0.0098
condition-2-ur-5k	123	2	sib200	zh	ur	None	0.6961	0.6912	-0.0049	0.0196	0.0245	+0.0049
condition-2-ur-5k	123	2	xnli	en	en	None	0.4387	0.4387	+0.0000	0.0004	0.0004	+0.0000
condition-2-ur-5k	123	2	xnli	en	ur	None	0.3860	0.3860	+0.0000	0.0008	0.0008	+0.0000
condition-2-ur-5k	123	2	xnli	es	en	None	0.4389	0.4389	+0.0000	0.0008	0.0008	+0.0000
condition-2-ur-5k	123	2	xnli	es	ur	None	0.4283	0.4283	+0.0000	0.0006	0.0006	+0.0000
condition-2-ur-5k	123	2	xnli	ur	en	None	0.3569	0.3569	+0.0000	0.0002	0.0002	+0.0000
condition-2-ur-5k	123	2	xnli	ur	ur	None	0.3723	0.3723	+0.0000	0.0010	0.0010	+0.0000
condition-2-ur-5k	123	2	xnli	zh	en	None	0.4954	0.4954	+0.0000	0.0000	0.0000	+0.0000
condition-2-ur-5k	123	2	xnli	zh	ur	None	0.4615	0.4615	+0.0000	0.0004	0.0004	+0.0000
condition-2-ur-5k	42	1	belebele	en	en	None	0.7911	0.7911	+0.0000	0.0000	0.0000	+0.0000
condition-2-ur-5k	42	1	belebele	en	ur	None	0.8056	0.8056	+0.0000	0.0000	0.0000	+0.0000
condition-2-ur-5k	42	1	belebele	es	en	None	0.7289	0.7289	+0.0000	0.0000	0.0000	+0.0000
condition-2-ur-5k	42	1	belebele	es	ur	None	0.7244	0.7244	+0.0000	0.0000	0.0000	+0.0000
condition-2-ur-5k	42	1	belebele	ur	en	None	0.6322	0.6322	+0.0000	0.0000	0.0000	+0.0000
condition-2-ur-5k	42	1	belebele	ur	ur	None	0.5789	0.5789	+0.0000	0.0000	0.0000	+0.0000
condition-2-ur-5k	42	1	belebele	zh	en	None	0.7778	0.7778	+0.0000	0.0000	0.0000	+0.0000
condition-2-ur-5k	42	1	belebele	zh	ur	None	0.7589	0.7589	+0.0000	0.0000	0.0000	+0.0000
condition-2-ur-5k	42	1	csqa	en	en	None	0.6100	0.6100	+0.0000	0.0000	0.0000	+0.0000
condition-2-ur-5k	42	1	csqa	en	ur	None	0.5960	0.5960	+0.0000	0.0000	0.0000	+0.0000
condition-2-ur-5k	42	1	csqa	es	en	None	0.5360	0.5360	+0.0000	0.0000	0.0000	+0.0000
condition-2-ur-5k	42	1	csqa	es	ur	None	0.4840	0.4840	+0.0000	0.0000	0.0000	+0.0000
condition-2-ur-5k	42	1	csqa	ur	en	None	0.4100	0.4100	+0.0000	0.0000	0.0000	+0.0000
condition-2-ur-5k	42	1	csqa	ur	ur	None	0.3530	0.3530	+0.0000	0.0000	0.0000	+0.0000
condition-2-ur-5k	42	1	csqa	zh	en	None	0.5600	0.5600	+0.0000	0.0000	0.0000	+0.0000
condition-2-ur-5k	42	1	csqa	zh	ur	None	0.4840	0.4840	+0.0000	0.0000	0.0000	+0.0000
condition-2-ur-5k	42	1	sib200	en	en	None	0.7843	0.7745	-0.0098	0.0000	0.0147	+0.0147
condition-2-ur-5k	42	1	sib200	en	ur	None	0.6225	0.5245	-0.0980	0.0049	0.3627	+0.3578
condition-2-ur-5k	42	1	sib200	es	en	None	0.7696	0.7059	-0.0637	0.0000	0.0784	+0.0784
condition-2-ur-5k	42	1	sib200	es	ur	None	0.6029	0.4951	-0.1078	0.0049	0.4216	+0.4167
condition-2-ur-5k	42	1	sib200	ur	en	None	0.6912	0.6667	-0.0245	0.0000	0.0343	+0.0343
condition-2-ur-5k	42	1	sib200	ur	ur	None	0.4314	0.3824	-0.0490	0.0049	0.3137	+0.3088
condition-2-ur-5k	42	1	sib200	zh	en	None	0.7647	0.7206	-0.0441	0.0000	0.0490	+0.0490
condition-2-ur-5k	42	1	sib200	zh	ur	None	0.7402	0.6520	-0.0882	0.0000	0.2206	+0.2206
condition-2-ur-5k	42	1	xnli	en	en	None	0.5399	0.5399	+0.0000	0.0000	0.0000	+0.0000
condition-2-ur-5k	42	1	xnli	en	ur	None	0.3760	0.3760	+0.0000	0.0000	0.0000	+0.0000
condition-2-ur-5k	42	1	xnli	es	en	None	0.4938	0.4938	+0.0000	0.0000	0.0000	+0.0000
condition-2-ur-5k	42	1	xnli	es	ur	None	0.3583	0.3583	+0.0000	0.0000	0.0000	+0.0000
condition-2-ur-5k	42	1	xnli	ur	en	None	0.4439	0.4439	+0.0000	0.0000	0.0000	+0.0000
condition-2-ur-5k	42	1	xnli	ur	ur	None	0.3363	0.3363	+0.0000	0.0002	0.0002	+0.0000
condition-2-ur-5k	42	1	xnli	zh	en	None	0.4481	0.4481	+0.0000	0.0000	0.0000	+0.0000
condition-2-ur-5k	42	1	xnli	zh	ur	None	0.3353	0.3353	+0.0000	0.0000	0.0000	+0.0000
condition-2-ur-5k	42	2	belebele	en	en	None	0.8000	0.8000	+0.0000	0.0000	0.0000	+0.0000
condition-2-ur-5k	42	2	belebele	en	ur	None	0.8111	0.8111	+0.0000	0.0000	0.0000	+0.0000
condition-2-ur-5k	42	2	belebele	es	en	None	0.7422	0.7422	+0.0000	0.0000	0.0000	+0.0000
condition-2-ur-5k	42	2	belebele	es	ur	None	0.7144	0.7144	+0.0000	0.0000	0.0000	+0.0000
condition-2-ur-5k	42	2	belebele	ur	en	None	0.6422	0.6422	+0.0000	0.0000	0.0000	+0.0000
condition-2-ur-5k	42	2	belebele	ur	ur	None	0.5856	0.5856	+0.0000	0.0000	0.0000	+0.0000
condition-2-ur-5k	42	2	belebele	zh	en	None	0.7800	0.7800	+0.0000	0.0000	0.0000	+0.0000
condition-2-ur-5k	42	2	belebele	zh	ur	None	0.7656	0.7656	+0.0000	0.0000	0.0000	+0.0000
condition-2-ur-5k	42	2	csqa	en	en	None	0.6110	0.6110	+0.0000	0.0000	0.0000	+0.0000
condition-2-ur-5k	42	2	csqa	en	ur	None	0.6020	0.6020	+0.0000	0.0000	0.0000	+0.0000
condition-2-ur-5k	42	2	csqa	es	en	None	0.5260	0.5260	+0.0000	0.0000	0.0000	+0.0000
condition-2-ur-5k	42	2	csqa	es	ur	None	0.4910	0.4910	+0.0000	0.0000	0.0000	+0.0000
condition-2-ur-5k	42	2	csqa	ur	en	None	0.3880	0.3880	+0.0000	0.0000	0.0000	+0.0000
condition-2-ur-5k	42	2	csqa	ur	ur	None	0.3690	0.3690	+0.0000	0.0000	0.0000	+0.0000
condition-2-ur-5k	42	2	csqa	zh	en	None	0.5480	0.5480	+0.0000	0.0000	0.0000	+0.0000
condition-2-ur-5k	42	2	csqa	zh	ur	None	0.4940	0.4940	+0.0000	0.0000	0.0000	+0.0000
condition-2-ur-5k	42	2	sib200	en	en	None	0.6912	0.6912	+0.0000	0.0000	0.0000	+0.0000
condition-2-ur-5k	42	2	sib200	en	ur	None	0.7010	0.6863	-0.0147	0.0931	0.1225	+0.0294
condition-2-ur-5k	42	2	sib200	es	en	None	0.6569	0.6569	+0.0000	0.0000	0.0000	+0.0000
condition-2-ur-5k	42	2	sib200	es	ur	None	0.6716	0.6520	-0.0196	0.0539	0.1324	+0.0784
condition-2-ur-5k	42	2	sib200	ur	en	None	0.6520	0.6520	+0.0000	0.0000	0.0000	+0.0000
condition-2-ur-5k	42	2	sib200	ur	ur	None	0.5049	0.4608	-0.0441	0.0147	0.1471	+0.1324
condition-2-ur-5k	42	2	sib200	zh	en	None	0.6912	0.6814	-0.0098	0.0000	0.0098	+0.0098
condition-2-ur-5k	42	2	sib200	zh	ur	None	0.6667	0.6667	+0.0000	0.0490	0.0686	+0.0196
condition-2-ur-5k	42	2	xnli	en	en	None	0.3986	0.3986	+0.0000	0.0004	0.0004	+0.0000
condition-2-ur-5k	42	2	xnli	en	ur	None	0.3459	0.3459	+0.0000	0.0028	0.0028	+0.0000
condition-2-ur-5k	42	2	xnli	es	en	None	0.3972	0.3972	+0.0000	0.0020	0.0020	+0.0000
condition-2-ur-5k	42	2	xnli	es	ur	None	0.3491	0.3491	+0.0000	0.0028	0.0028	+0.0000
condition-2-ur-5k	42	2	xnli	ur	en	None	0.3383	0.3383	+0.0000	0.0002	0.0002	+0.0000
condition-2-ur-5k	42	2	xnli	ur	ur	None	0.3816	0.3816	+0.0000	0.0028	0.0028	+0.0000
condition-2-ur-5k	42	2	xnli	zh	en	None	0.4749	0.4749	+0.0000	0.0000	0.0000	+0.0000
condition-2-ur-5k	42	2	xnli	zh	ur	None	0.4226	0.4226	+0.0000	0.0006	0.0006	+0.0000
condition-2-ur-5k	456	1	belebele	en	en	None	0.7922	0.7922	+0.0000	0.0000	0.0000	+0.0000
condition-2-ur-5k	456	1	belebele	en	ur	None	0.7989	0.7989	+0.0000	0.0000	0.0000	+0.0000
condition-2-ur-5k	456	1	belebele	es	en	None	0.7200	0.7200	+0.0000	0.0000	0.0000	+0.0000
condition-2-ur-5k	456	1	belebele	es	ur	None	0.7056	0.7056	+0.0000	0.0000	0.0000	+0.0000
condition-2-ur-5k	456	1	belebele	ur	en	None	0.6222	0.6222	+0.0000	0.0000	0.0000	+0.0000
condition-2-ur-5k	456	1	belebele	ur	ur	None	0.5378	0.5378	+0.0000	0.0000	0.0000	+0.0000
condition-2-ur-5k	456	1	belebele	zh	en	None	0.7722	0.7722	+0.0000	0.0000	0.0000	+0.0000
condition-2-ur-5k	456	1	belebele	zh	ur	None	0.7633	0.7633	+0.0000	0.0000	0.0000	+0.0000
condition-2-ur-5k	456	1	csqa	en	en	None	0.6120	0.6120	+0.0000	0.0000	0.0000	+0.0000
condition-2-ur-5k	456	1	csqa	en	ur	None	0.5900	0.5900	+0.0000	0.0000	0.0000	+0.0000
condition-2-ur-5k	456	1	csqa	es	en	None	0.5450	0.5450	+0.0000	0.0000	0.0000	+0.0000
condition-2-ur-5k	456	1	csqa	es	ur	None	0.4900	0.4900	+0.0000	0.0000	0.0000	+0.0000
condition-2-ur-5k	456	1	csqa	ur	en	None	0.3960	0.3960	+0.0000	0.0000	0.0000	+0.0000
condition-2-ur-5k	456	1	csqa	ur	ur	None	0.3690	0.3690	+0.0000	0.0000	0.0000	+0.0000
condition-2-ur-5k	456	1	csqa	zh	en	None	0.5610	0.5610	+0.0000	0.0000	0.0000	+0.0000
condition-2-ur-5k	456	1	csqa	zh	ur	None	0.4850	0.4850	+0.0000	0.0000	0.0000	+0.0000
condition-2-ur-5k	456	1	sib200	en	en	None	0.7892	0.7794	-0.0098	0.0000	0.0098	+0.0098
condition-2-ur-5k	456	1	sib200	en	ur	None	0.6471	0.5833	-0.0637	0.0000	0.2843	+0.2843
condition-2-ur-5k	456	1	sib200	es	en	None	0.7696	0.7402	-0.0294	0.0000	0.0343	+0.0343
condition-2-ur-5k	456	1	sib200	es	ur	None	0.5833	0.5294	-0.0539	0.0049	0.2892	+0.2843
condition-2-ur-5k	456	1	sib200	ur	en	None	0.7059	0.6961	-0.0098	0.0000	0.0098	+0.0098
condition-2-ur-5k	456	1	sib200	ur	ur	None	0.5049	0.4461	-0.0588	0.0000	0.3088	+0.3088
condition-2-ur-5k	456	1	sib200	zh	en	None	0.7696	0.7451	-0.0245	0.0000	0.0294	+0.0294
condition-2-ur-5k	456	1	sib200	zh	ur	None	0.7255	0.6765	-0.0490	0.0000	0.1422	+0.1422
condition-2-ur-5k	456	1	xnli	en	en	None	0.5383	0.5383	+0.0000	0.0000	0.0000	+0.0000
condition-2-ur-5k	456	1	xnli	en	ur	None	0.3451	0.3451	+0.0000	0.0000	0.0000	+0.0000
condition-2-ur-5k	456	1	xnli	es	en	None	0.4878	0.4878	+0.0000	0.0000	0.0000	+0.0000
condition-2-ur-5k	456	1	xnli	es	ur	None	0.3399	0.3399	+0.0000	0.0000	0.0000	+0.0000
condition-2-ur-5k	456	1	xnli	ur	en	None	0.4315	0.4315	+0.0000	0.0000	0.0000	+0.0000
condition-2-ur-5k	456	1	xnli	ur	ur	None	0.3381	0.3381	+0.0000	0.0000	0.0000	+0.0000
condition-2-ur-5k	456	1	xnli	zh	en	None	0.4485	0.4485	+0.0000	0.0000	0.0000	+0.0000
condition-2-ur-5k	456	1	xnli	zh	ur	None	0.3341	0.3341	+0.0000	0.0000	0.0000	+0.0000
condition-2-ur-5k	456	2	belebele	en	en	None	0.7900	0.7900	+0.0000	0.0000	0.0000	+0.0000
condition-2-ur-5k	456	2	belebele	en	ur	None	0.8067	0.8067	+0.0000	0.0000	0.0000	+0.0000
condition-2-ur-5k	456	2	belebele	es	en	None	0.7400	0.7400	+0.0000	0.0000	0.0000	+0.0000
condition-2-ur-5k	456	2	belebele	es	ur	None	0.6933	0.6933	+0.0000	0.0011	0.0011	+0.0000
condition-2-ur-5k	456	2	belebele	ur	en	None	0.6311	0.6311	+0.0000	0.0000	0.0000	+0.0000
condition-2-ur-5k	456	2	belebele	ur	ur	None	0.5544	0.5544	+0.0000	0.0000	0.0000	+0.0000
condition-2-ur-5k	456	2	belebele	zh	en	None	0.7778	0.7778	+0.0000	0.0000	0.0000	+0.0000
condition-2-ur-5k	456	2	belebele	zh	ur	None	0.7611	0.7611	+0.0000	0.0000	0.0000	+0.0000
condition-2-ur-5k	456	2	csqa	en	en	None	0.6160	0.6160	+0.0000	0.0000	0.0000	+0.0000
condition-2-ur-5k	456	2	csqa	en	ur	None	0.6100	0.6100	+0.0000	0.0000	0.0000	+0.0000
condition-2-ur-5k	456	2	csqa	es	en	None	0.5390	0.5390	+0.0000	0.0000	0.0000	+0.0000
condition-2-ur-5k	456	2	csqa	es	ur	None	0.5030	0.5030	+0.0000	0.0000	0.0000	+0.0000
condition-2-ur-5k	456	2	csqa	ur	en	None	0.3900	0.3900	+0.0000	0.0000	0.0000	+0.0000
condition-2-ur-5k	456	2	csqa	ur	ur	None	0.3770	0.3770	+0.0000	0.0000	0.0000	+0.0000
condition-2-ur-5k	456	2	csqa	zh	en	None	0.5390	0.5390	+0.0000	0.0000	0.0000	+0.0000
condition-2-ur-5k	456	2	csqa	zh	ur	None	0.5020	0.5020	+0.0000	0.0000	0.0000	+0.0000
condition-2-ur-5k	456	2	sib200	en	en	None	0.6961	0.6961	+0.0000	0.0000	0.0000	+0.0000
condition-2-ur-5k	456	2	sib200	en	ur	None	0.6863	0.6765	-0.0098	0.1029	0.1373	+0.0343
condition-2-ur-5k	456	2	sib200	es	en	None	0.6618	0.6618	+0.0000	0.0000	0.0000	+0.0000
condition-2-ur-5k	456	2	sib200	es	ur	None	0.6422	0.6373	-0.0049	0.0686	0.1029	+0.0343
condition-2-ur-5k	456	2	sib200	ur	en	None	0.6667	0.6667	+0.0000	0.0000	0.0000	+0.0000
condition-2-ur-5k	456	2	sib200	ur	ur	None	0.5882	0.5686	-0.0196	0.0147	0.0784	+0.0637
condition-2-ur-5k	456	2	sib200	zh	en	None	0.6912	0.6863	-0.0049	0.0000	0.0049	+0.0049
condition-2-ur-5k	456	2	sib200	zh	ur	None	0.6863	0.6716	-0.0147	0.0196	0.0588	+0.0392
condition-2-ur-5k	456	2	xnli	en	en	None	0.3786	0.3786	+0.0000	0.0006	0.0006	+0.0000
condition-2-ur-5k	456	2	xnli	en	ur	None	0.3525	0.3525	+0.0000	0.0016	0.0016	+0.0000
condition-2-ur-5k	456	2	xnli	es	en	None	0.3848	0.3848	+0.0000	0.0022	0.0022	+0.0000
condition-2-ur-5k	456	2	xnli	es	ur	None	0.3657	0.3657	+0.0000	0.0008	0.0008	+0.0000
condition-2-ur-5k	456	2	xnli	ur	en	None	0.3399	0.3399	+0.0000	0.0006	0.0006	+0.0000
condition-2-ur-5k	456	2	xnli	ur	ur	None	0.3435	0.3435	+0.0000	0.0018	0.0018	+0.0000
condition-2-ur-5k	456	2	xnli	zh	en	None	0.4405	0.4405	+0.0000	0.0000	0.0000	+0.0000
condition-2-ur-5k	456	2	xnli	zh	ur	None	0.4385	0.4385	+0.0000	0.0006	0.0006	+0.0000
condition-2-zh-20k	42	1	belebele	en	en	None	0.7889	0.7889	+0.0000	0.0000	0.0000	+0.0000
condition-2-zh-20k	42	1	belebele	en	zh	None	0.7978	0.7978	+0.0000	0.0000	0.0000	+0.0000
condition-2-zh-20k	42	1	belebele	es	en	None	0.6978	0.6978	+0.0000	0.0000	0.0000	+0.0000
condition-2-zh-20k	42	1	belebele	es	zh	None	0.7144	0.7144	+0.0000	0.0000	0.0000	+0.0000
condition-2-zh-20k	42	1	belebele	ur	en	None	0.6156	0.6156	+0.0000	0.0000	0.0000	+0.0000
condition-2-zh-20k	42	1	belebele	ur	zh	None	0.6278	0.6278	+0.0000	0.0000	0.0000	+0.0000
condition-2-zh-20k	42	1	belebele	zh	en	None	0.7700	0.7700	+0.0000	0.0000	0.0000	+0.0000
condition-2-zh-20k	42	1	belebele	zh	zh	None	0.7722	0.7722	+0.0000	0.0000	0.0000	+0.0000
condition-2-zh-20k	42	1	csqa	en	en	None	0.6160	0.6160	+0.0000	0.0000	0.0000	+0.0000
condition-2-zh-20k	42	1	csqa	en	zh	None	0.6460	0.6460	+0.0000	0.0000	0.0000	+0.0000
condition-2-zh-20k	42	1	csqa	es	en	None	0.5290	0.5290	+0.0000	0.0000	0.0000	+0.0000
condition-2-zh-20k	42	1	csqa	es	zh	None	0.5710	0.5710	+0.0000	0.0000	0.0000	+0.0000
condition-2-zh-20k	42	1	csqa	ur	en	None	0.4250	0.4250	+0.0000	0.0000	0.0000	+0.0000
condition-2-zh-20k	42	1	csqa	ur	zh	None	0.4360	0.4360	+0.0000	0.0000	0.0000	+0.0000
condition-2-zh-20k	42	1	csqa	zh	en	None	0.5520	0.5520	+0.0000	0.0000	0.0000	+0.0000
condition-2-zh-20k	42	1	csqa	zh	zh	None	0.5410	0.5410	+0.0000	0.0000	0.0000	+0.0000
condition-2-zh-20k	42	1	sib200	en	en	None	0.7500	0.7451	-0.0049	0.0000	0.0049	+0.0049
condition-2-zh-20k	42	1	sib200	en	zh	None	0.6667	0.6667	+0.0000	0.0000	0.0000	+0.0000
condition-2-zh-20k	42	1	sib200	es	en	None	0.7647	0.7549	-0.0098	0.0000	0.0098	+0.0098
condition-2-zh-20k	42	1	sib200	es	zh	None	0.6520	0.6520	+0.0000	0.0000	0.0049	+0.0049
condition-2-zh-20k	42	1	sib200	ur	en	None	0.6863	0.6863	+0.0000	0.0000	0.0000	+0.0000
condition-2-zh-20k	42	1	sib200	ur	zh	None	0.5931	0.5931	+0.0000	0.0000	0.0000	+0.0000
condition-2-zh-20k	42	1	sib200	zh	en	None	0.7696	0.7598	-0.0098	0.0000	0.0098	+0.0098
condition-2-zh-20k	42	1	sib200	zh	zh	None	0.6422	0.6471	+0.0049	0.0147	0.0000	-0.0147
condition-2-zh-20k	42	1	xnli	en	en	None	0.5301	0.5301	+0.0000	0.0000	0.0000	+0.0000
condition-2-zh-20k	42	1	xnli	en	zh	None	0.3333	0.3333	+0.0000	0.0000	0.0000	+0.0000
condition-2-zh-20k	42	1	xnli	es	en	None	0.4754	0.4754	+0.0000	0.0000	0.0000	+0.0000
condition-2-zh-20k	42	1	xnli	es	zh	None	0.3333	0.3333	+0.0000	0.0000	0.0000	+0.0000
condition-2-zh-20k	42	1	xnli	ur	en	None	0.4565	0.4565	+0.0000	0.0000	0.0000	+0.0000
condition-2-zh-20k	42	1	xnli	ur	zh	None	0.3335	0.3335	+0.0000	0.0000	0.0000	+0.0000
condition-2-zh-20k	42	1	xnli	zh	en	None	0.4126	0.4126	+0.0000	0.0000	0.0000	+0.0000
condition-2-zh-20k	42	1	xnli	zh	zh	None	0.3331	0.3331	+0.0000	0.0000	0.0000	+0.0000
condition-2-zh-20k	42	2	belebele	en	en	None	0.7933	0.7933	+0.0000	0.0000	0.0000	+0.0000
condition-2-zh-20k	42	2	belebele	en	zh	None	0.8022	0.8022	+0.0000	0.0000	0.0000	+0.0000
condition-2-zh-20k	42	2	belebele	es	en	None	0.7233	0.7233	+0.0000	0.0000	0.0000	+0.0000
condition-2-zh-20k	42	2	belebele	es	zh	None	0.7200	0.7200	+0.0000	0.0000	0.0000	+0.0000
condition-2-zh-20k	42	2	belebele	ur	en	None	0.6256	0.6256	+0.0000	0.0000	0.0000	+0.0000
condition-2-zh-20k	42	2	belebele	ur	zh	None	0.6267	0.6267	+0.0000	0.0000	0.0000	+0.0000
condition-2-zh-20k	42	2	belebele	zh	en	None	0.7767	0.7767	+0.0000	0.0000	0.0000	+0.0000
condition-2-zh-20k	42	2	belebele	zh	zh	None	0.7767	0.7767	+0.0000	0.0011	0.0011	+0.0000
condition-2-zh-20k	42	2	csqa	en	en	None	0.6070	0.6070	+0.0000	0.0000	0.0000	+0.0000
condition-2-zh-20k	42	2	csqa	en	zh	None	0.6330	0.6330	+0.0000	0.0000	0.0000	+0.0000
condition-2-zh-20k	42	2	csqa	es	en	None	0.5280	0.5280	+0.0000	0.0000	0.0000	+0.0000
condition-2-zh-20k	42	2	csqa	es	zh	None	0.5500	0.5500	+0.0000	0.0000	0.0000	+0.0000
condition-2-zh-20k	42	2	csqa	ur	en	None	0.4230	0.4230	+0.0000	0.0000	0.0000	+0.0000
condition-2-zh-20k	42	2	csqa	ur	zh	None	0.4130	0.4130	+0.0000	0.0000	0.0000	+0.0000
condition-2-zh-20k	42	2	csqa	zh	en	None	0.5380	0.5380	+0.0000	0.0000	0.0000	+0.0000
condition-2-zh-20k	42	2	csqa	zh	zh	None	0.5400	0.5400	+0.0000	0.0000	0.0000	+0.0000
condition-2-zh-20k	42	2	sib200	en	en	None	0.7108	0.7108	+0.0000	0.0000	0.0000	+0.0000
condition-2-zh-20k	42	2	sib200	en	zh	None	0.6471	0.6520	+0.0049	0.0049	0.0000	-0.0049
condition-2-zh-20k	42	2	sib200	es	en	None	0.6569	0.6569	+0.0000	0.0000	0.0000	+0.0000
condition-2-zh-20k	42	2	sib200	es	zh	None	0.5931	0.6176	+0.0245	0.0441	0.0147	-0.0294
condition-2-zh-20k	42	2	sib200	ur	en	None	0.6618	0.6618	+0.0000	0.0000	0.0000	+0.0000
condition-2-zh-20k	42	2	sib200	ur	zh	None	0.5931	0.5931	+0.0000	0.0000	0.0000	+0.0000
condition-2-zh-20k	42	2	sib200	zh	en	None	0.6569	0.6520	-0.0049	0.0000	0.0049	+0.0049
condition-2-zh-20k	42	2	sib200	zh	zh	None	0.6078	0.6471	+0.0392	0.0539	0.0049	-0.0490
condition-2-zh-20k	42	2	xnli	en	en	None	0.3573	0.3573	+0.0000	0.0006	0.0006	+0.0000
condition-2-zh-20k	42	2	xnli	en	zh	None	0.3413	0.3417	+0.0004	0.0038	0.0032	-0.0006
condition-2-zh-20k	42	2	xnli	es	en	None	0.3591	0.3591	+0.0000	0.0036	0.0036	+0.0000
condition-2-zh-20k	42	2	xnli	es	zh	None	0.3359	0.3363	+0.0004	0.0052	0.0046	-0.0006
condition-2-zh-20k	42	2	xnli	ur	en	None	0.3337	0.3337	+0.0000	0.0032	0.0032	+0.0000
condition-2-zh-20k	42	2	xnli	ur	zh	None	0.3265	0.3277	+0.0012	0.0246	0.0224	-0.0022
condition-2-zh-20k	42	2	xnli	zh	en	None	0.4407	0.4407	+0.0000	0.0014	0.0014	+0.0000
condition-2-zh-20k	42	2	xnli	zh	zh	None	0.3673	0.3737	+0.0064	0.0275	0.0168	-0.0108
condition-2-zh-5k	123	1	belebele	en	en	None	0.7800	0.7800	+0.0000	0.0000	0.0000	+0.0000
condition-2-zh-5k	123	1	belebele	en	zh	None	0.7989	0.7989	+0.0000	0.0000	0.0000	+0.0000
condition-2-zh-5k	123	1	belebele	es	en	None	0.7044	0.7044	+0.0000	0.0000	0.0000	+0.0000
condition-2-zh-5k	123	1	belebele	es	zh	None	0.7344	0.7344	+0.0000	0.0000	0.0000	+0.0000
condition-2-zh-5k	123	1	belebele	ur	en	None	0.6233	0.6233	+0.0000	0.0000	0.0000	+0.0000
condition-2-zh-5k	123	1	belebele	ur	zh	None	0.6222	0.6222	+0.0000	0.0000	0.0000	+0.0000
condition-2-zh-5k	123	1	belebele	zh	en	None	0.7656	0.7656	+0.0000	0.0000	0.0000	+0.0000
condition-2-zh-5k	123	1	belebele	zh	zh	None	0.7811	0.7811	+0.0000	0.0000	0.0000	+0.0000
condition-2-zh-5k	123	1	csqa	en	en	None	0.6000	0.6000	+0.0000	0.0000	0.0000	+0.0000
condition-2-zh-5k	123	1	csqa	en	zh	None	0.6400	0.6400	+0.0000	0.0000	0.0000	+0.0000
condition-2-zh-5k	123	1	csqa	es	en	None	0.5140	0.5140	+0.0000	0.0000	0.0000	+0.0000
condition-2-zh-5k	123	1	csqa	es	zh	None	0.5670	0.5670	+0.0000	0.0000	0.0000	+0.0000
condition-2-zh-5k	123	1	csqa	ur	en	None	0.4230	0.4230	+0.0000	0.0000	0.0000	+0.0000
condition-2-zh-5k	123	1	csqa	ur	zh	None	0.4270	0.4270	+0.0000	0.0000	0.0000	+0.0000
condition-2-zh-5k	123	1	csqa	zh	en	None	0.5410	0.5410	+0.0000	0.0000	0.0000	+0.0000
condition-2-zh-5k	123	1	csqa	zh	zh	None	0.5530	0.5530	+0.0000	0.0000	0.0000	+0.0000
condition-2-zh-5k	123	1	sib200	en	en	None	0.7598	0.7549	-0.0049	0.0000	0.0049	+0.0049
condition-2-zh-5k	123	1	sib200	en	zh	None	0.7206	0.7206	+0.0000	0.0000	0.0000	+0.0000
condition-2-zh-5k	123	1	sib200	es	en	None	0.7843	0.7745	-0.0098	0.0000	0.0147	+0.0147
condition-2-zh-5k	123	1	sib200	es	zh	None	0.6961	0.6961	+0.0000	0.0000	0.0000	+0.0000
condition-2-zh-5k	123	1	sib200	ur	en	None	0.7255	0.7255	+0.0000	0.0000	0.0000	+0.0000
condition-2-zh-5k	123	1	sib200	ur	zh	None	0.6716	0.6716	+0.0000	0.0000	0.0000	+0.0000
condition-2-zh-5k	123	1	sib200	zh	en	None	0.7745	0.7647	-0.0098	0.0000	0.0098	+0.0098
condition-2-zh-5k	123	1	sib200	zh	zh	None	0.7010	0.7010	+0.0000	0.0049	0.0000	-0.0049
condition-2-zh-5k	123	1	xnli	en	en	None	0.4950	0.4950	+0.0000	0.0000	0.0000	+0.0000
condition-2-zh-5k	123	1	xnli	en	zh	None	0.3327	0.3327	+0.0000	0.0000	0.0000	+0.0000
condition-2-zh-5k	123	1	xnli	es	en	None	0.4335	0.4335	+0.0000	0.0000	0.0000	+0.0000
condition-2-zh-5k	123	1	xnli	es	zh	None	0.3331	0.3331	+0.0000	0.0000	0.0000	+0.0000
condition-2-zh-5k	123	1	xnli	ur	en	None	0.4389	0.4389	+0.0000	0.0000	0.0000	+0.0000
condition-2-zh-5k	123	1	xnli	ur	zh	None	0.3315	0.3319	+0.0004	0.0064	0.0060	-0.0004
condition-2-zh-5k	123	1	xnli	zh	en	None	0.3946	0.3946	+0.0000	0.0000	0.0000	+0.0000
condition-2-zh-5k	123	1	xnli	zh	zh	None	0.3323	0.3323	+0.0000	0.0000	0.0000	+0.0000
condition-2-zh-5k	123	2	belebele	en	en	None	0.7867	0.7867	+0.0000	0.0000	0.0000	+0.0000
condition-2-zh-5k	123	2	belebele	en	zh	None	0.8122	0.8122	+0.0000	0.0000	0.0000	+0.0000
condition-2-zh-5k	123	2	belebele	es	en	None	0.7189	0.7189	+0.0000	0.0000	0.0000	+0.0000
condition-2-zh-5k	123	2	belebele	es	zh	None	0.7433	0.7433	+0.0000	0.0000	0.0000	+0.0000
condition-2-zh-5k	123	2	belebele	ur	en	None	0.6278	0.6278	+0.0000	0.0000	0.0000	+0.0000
condition-2-zh-5k	123	2	belebele	ur	zh	None	0.6378	0.6378	+0.0000	0.0000	0.0000	+0.0000
condition-2-zh-5k	123	2	belebele	zh	en	None	0.7756	0.7756	+0.0000	0.0000	0.0000	+0.0000
condition-2-zh-5k	123	2	belebele	zh	zh	None	0.7844	0.7844	+0.0000	0.0011	0.0011	+0.0000
condition-2-zh-5k	123	2	csqa	en	en	None	0.6060	0.6060	+0.0000	0.0000	0.0000	+0.0000
condition-2-zh-5k	123	2	csqa	en	zh	None	0.6280	0.6280	+0.0000	0.0000	0.0000	+0.0000
condition-2-zh-5k	123	2	csqa	es	en	None	0.5250	0.5250	+0.0000	0.0000	0.0000	+0.0000
condition-2-zh-5k	123	2	csqa	es	zh	None	0.5380	0.5380	+0.0000	0.0000	0.0000	+0.0000
condition-2-zh-5k	123	2	csqa	ur	en	None	0.4170	0.4170	+0.0000	0.0000	0.0000	+0.0000
condition-2-zh-5k	123	2	csqa	ur	zh	None	0.3940	0.3940	+0.0000	0.0000	0.0000	+0.0000
condition-2-zh-5k	123	2	csqa	zh	en	None	0.5200	0.5200	+0.0000	0.0000	0.0000	+0.0000
condition-2-zh-5k	123	2	csqa	zh	zh	None	0.5400	0.5400	+0.0000	0.0000	0.0000	+0.0000
condition-2-zh-5k	123	2	sib200	en	en	None	0.6716	0.6716	+0.0000	0.0000	0.0000	+0.0000
condition-2-zh-5k	123	2	sib200	en	zh	None	0.6716	0.6716	+0.0000	0.0000	0.0000	+0.0000
condition-2-zh-5k	123	2	sib200	es	en	None	0.6373	0.6373	+0.0000	0.0000	0.0000	+0.0000
condition-2-zh-5k	123	2	sib200	es	zh	None	0.6324	0.6324	+0.0000	0.0245	0.0294	+0.0049
condition-2-zh-5k	123	2	sib200	ur	en	None	0.6618	0.6618	+0.0000	0.0000	0.0000	+0.0000
condition-2-zh-5k	123	2	sib200	ur	zh	None	0.6127	0.6127	+0.0000	0.0000	0.0000	+0.0000
condition-2-zh-5k	123	2	sib200	zh	en	None	0.6618	0.6569	-0.0049	0.0000	0.0049	+0.0049
condition-2-zh-5k	123	2	sib200	zh	zh	None	0.6471	0.6471	+0.0000	0.0196	0.0098	-0.0098
condition-2-zh-5k	123	2	xnli	en	en	None	0.3928	0.3928	+0.0000	0.0004	0.0004	+0.0000
condition-2-zh-5k	123	2	xnli	en	zh	None	0.3341	0.3347	+0.0006	0.0046	0.0040	-0.0006
condition-2-zh-5k	123	2	xnli	es	en	None	0.3984	0.3984	+0.0000	0.0042	0.0042	+0.0000
condition-2-zh-5k	123	2	xnli	es	zh	None	0.3323	0.3333	+0.0010	0.0172	0.0152	-0.0020
condition-2-zh-5k	123	2	xnli	ur	en	None	0.3351	0.3351	+0.0000	0.0016	0.0016	+0.0000
condition-2-zh-5k	123	2	xnli	ur	zh	None	0.3024	0.3132	+0.0108	0.1303	0.0940	-0.0363
condition-2-zh-5k	123	2	xnli	zh	en	None	0.4774	0.4774	+0.0000	0.0004	0.0004	+0.0000
condition-2-zh-5k	123	2	xnli	zh	zh	None	0.3659	0.3705	+0.0046	0.0377	0.0273	-0.0104
condition-2-zh-5k	42	1	belebele	en	en	None	0.7767	0.7767	+0.0000	0.0000	0.0000	+0.0000
condition-2-zh-5k	42	1	belebele	en	zh	None	0.7967	0.7967	+0.0000	0.0000	0.0000	+0.0000
condition-2-zh-5k	42	1	belebele	es	en	None	0.7056	0.7056	+0.0000	0.0000	0.0000	+0.0000
condition-2-zh-5k	42	1	belebele	es	zh	None	0.7322	0.7322	+0.0000	0.0000	0.0000	+0.0000
condition-2-zh-5k	42	1	belebele	ur	en	None	0.6133	0.6133	+0.0000	0.0000	0.0000	+0.0000
condition-2-zh-5k	42	1	belebele	ur	zh	None	0.6211	0.6211	+0.0000	0.0000	0.0000	+0.0000
condition-2-zh-5k	42	1	belebele	zh	en	None	0.7622	0.7622	+0.0000	0.0000	0.0000	+0.0000
condition-2-zh-5k	42	1	belebele	zh	zh	None	0.7811	0.7811	+0.0000	0.0000	0.0000	+0.0000
condition-2-zh-5k	42	1	csqa	en	en	None	0.6060	0.6060	+0.0000	0.0000	0.0000	+0.0000
condition-2-zh-5k	42	1	csqa	en	zh	None	0.6420	0.6420	+0.0000	0.0000	0.0000	+0.0000
condition-2-zh-5k	42	1	csqa	es	en	None	0.5300	0.5300	+0.0000	0.0000	0.0000	+0.0000
condition-2-zh-5k	42	1	csqa	es	zh	None	0.5640	0.5640	+0.0000	0.0000	0.0000	+0.0000
condition-2-zh-5k	42	1	csqa	ur	en	None	0.4200	0.4200	+0.0000	0.0000	0.0000	+0.0000
condition-2-zh-5k	42	1	csqa	ur	zh	None	0.4280	0.4280	+0.0000	0.0000	0.0000	+0.0000
condition-2-zh-5k	42	1	csqa	zh	en	None	0.5450	0.5450	+0.0000	0.0000	0.0000	+0.0000
condition-2-zh-5k	42	1	csqa	zh	zh	None	0.5480	0.5480	+0.0000	0.0000	0.0000	+0.0000
condition-2-zh-5k	42	1	sib200	en	en	None	0.7696	0.7647	-0.0049	0.0000	0.0049	+0.0049
condition-2-zh-5k	42	1	sib200	en	zh	None	0.6863	0.6863	+0.0000	0.0000	0.0000	+0.0000
condition-2-zh-5k	42	1	sib200	es	en	None	0.7745	0.7598	-0.0147	0.0000	0.0147	+0.0147
condition-2-zh-5k	42	1	sib200	es	zh	None	0.6618	0.6618	+0.0000	0.0000	0.0049	+0.0049
condition-2-zh-5k	42	1	sib200	ur	en	None	0.7059	0.7059	+0.0000	0.0000	0.0000	+0.0000
condition-2-zh-5k	42	1	sib200	ur	zh	None	0.5931	0.5931	+0.0000	0.0000	0.0049	+0.0049
condition-2-zh-5k	42	1	sib200	zh	en	None	0.7500	0.7451	-0.0049	0.0000	0.0049	+0.0049
condition-2-zh-5k	42	1	sib200	zh	zh	None	0.6765	0.6814	+0.0049	0.0098	0.0000	-0.0098
condition-2-zh-5k	42	1	xnli	en	en	None	0.5190	0.5190	+0.0000	0.0000	0.0000	+0.0000
condition-2-zh-5k	42	1	xnli	en	zh	None	0.3327	0.3327	+0.0000	0.0002	0.0002	+0.0000
condition-2-zh-5k	42	1	xnli	es	en	None	0.4585	0.4585	+0.0000	0.0000	0.0000	+0.0000
condition-2-zh-5k	42	1	xnli	es	zh	None	0.3333	0.3333	+0.0000	0.0000	0.0000	+0.0000
condition-2-zh-5k	42	1	xnli	ur	en	None	0.4521	0.4521	+0.0000	0.0000	0.0000	+0.0000
condition-2-zh-5k	42	1	xnli	ur	zh	None	0.3381	0.3381	+0.0000	0.0321	0.0319	-0.0002
condition-2-zh-5k	42	1	xnli	zh	en	None	0.4120	0.4120	+0.0000	0.0000	0.0000	+0.0000
condition-2-zh-5k	42	1	xnli	zh	zh	None	0.3395	0.3395	+0.0000	0.0016	0.0016	+0.0000
condition-2-zh-5k	42	2	belebele	en	en	None	0.7867	0.7867	+0.0000	0.0000	0.0000	+0.0000
condition-2-zh-5k	42	2	belebele	en	zh	None	0.8100	0.8100	+0.0000	0.0000	0.0000	+0.0000
condition-2-zh-5k	42	2	belebele	es	en	None	0.7256	0.7256	+0.0000	0.0000	0.0000	+0.0000
condition-2-zh-5k	42	2	belebele	es	zh	None	0.7411	0.7411	+0.0000	0.0000	0.0000	+0.0000
condition-2-zh-5k	42	2	belebele	ur	en	None	0.6300	0.6300	+0.0000	0.0000	0.0000	+0.0000
condition-2-zh-5k	42	2	belebele	ur	zh	None	0.6389	0.6389	+0.0000	0.0000	0.0000	+0.0000
condition-2-zh-5k	42	2	belebele	zh	en	None	0.7778	0.7778	+0.0000	0.0000	0.0000	+0.0000
condition-2-zh-5k	42	2	belebele	zh	zh	None	0.7911	0.7911	+0.0000	0.0011	0.0011	+0.0000
condition-2-zh-5k	42	2	csqa	en	en	None	0.6160	0.6160	+0.0000	0.0000	0.0000	+0.0000
condition-2-zh-5k	42	2	csqa	en	zh	None	0.6300	0.6300	+0.0000	0.0000	0.0000	+0.0000
condition-2-zh-5k	42	2	csqa	es	en	None	0.5280	0.5280	+0.0000	0.0000	0.0000	+0.0000
condition-2-zh-5k	42	2	csqa	es	zh	None	0.5360	0.5360	+0.0000	0.0000	0.0000	+0.0000
condition-2-zh-5k	42	2	csqa	ur	en	None	0.4180	0.4180	+0.0000	0.0000	0.0000	+0.0000
condition-2-zh-5k	42	2	csqa	ur	zh	None	0.4000	0.4000	+0.0000	0.0000	0.0000	+0.0000
condition-2-zh-5k	42	2	csqa	zh	en	None	0.5310	0.5310	+0.0000	0.0000	0.0000	+0.0000
condition-2-zh-5k	42	2	csqa	zh	zh	None	0.5470	0.5470	+0.0000	0.0000	0.0000	+0.0000
condition-2-zh-5k	42	2	sib200	en	en	None	0.6814	0.6814	+0.0000	0.0000	0.0000	+0.0000
condition-2-zh-5k	42	2	sib200	en	zh	None	0.6667	0.6667	+0.0000	0.0000	0.0000	+0.0000
condition-2-zh-5k	42	2	sib200	es	en	None	0.6520	0.6520	+0.0000	0.0000	0.0000	+0.0000
condition-2-zh-5k	42	2	sib200	es	zh	None	0.6225	0.6225	+0.0000	0.0196	0.0245	+0.0049
condition-2-zh-5k	42	2	sib200	ur	en	None	0.6667	0.6667	+0.0000	0.0000	0.0000	+0.0000
condition-2-zh-5k	42	2	sib200	ur	zh	None	0.5931	0.5931	+0.0000	0.0000	0.0000	+0.0000
condition-2-zh-5k	42	2	sib200	zh	en	None	0.6569	0.6520	-0.0049	0.0000	0.0049	+0.0049
condition-2-zh-5k	42	2	sib200	zh	zh	None	0.6176	0.6275	+0.0098	0.0343	0.0196	-0.0147
condition-2-zh-5k	42	2	xnli	en	en	None	0.3685	0.3685	+0.0000	0.0002	0.0002	+0.0000
condition-2-zh-5k	42	2	xnli	en	zh	None	0.3341	0.3357	+0.0016	0.0427	0.0395	-0.0032
condition-2-zh-5k	42	2	xnli	es	en	None	0.3750	0.3750	+0.0000	0.0034	0.0034	+0.0000
condition-2-zh-5k	42	2	xnli	es	zh	None	0.3331	0.3345	+0.0014	0.0569	0.0529	-0.0040
condition-2-zh-5k	42	2	xnli	ur	en	None	0.3343	0.3343	+0.0000	0.0012	0.0012	+0.0000
condition-2-zh-5k	42	2	xnli	ur	zh	None	0.2289	0.2495	+0.0206	0.3641	0.3070	-0.0571
condition-2-zh-5k	42	2	xnli	zh	en	None	0.4443	0.4443	+0.0000	0.0008	0.0008	+0.0000
condition-2-zh-5k	42	2	xnli	zh	zh	None	0.3257	0.3517	+0.0259	0.1938	0.1375	-0.0563
condition-2-zh-5k	456	1	belebele	en	en	None	0.7822	0.7822	+0.0000	0.0000	0.0000	+0.0000
condition-2-zh-5k	456	1	belebele	en	zh	None	0.8067	0.8067	+0.0000	0.0000	0.0000	+0.0000
condition-2-zh-5k	456	1	belebele	es	en	None	0.7044	0.7044	+0.0000	0.0000	0.0000	+0.0000
condition-2-zh-5k	456	1	belebele	es	zh	None	0.7333	0.7333	+0.0000	0.0000	0.0000	+0.0000
condition-2-zh-5k	456	1	belebele	ur	en	None	0.6133	0.6133	+0.0000	0.0000	0.0000	+0.0000
condition-2-zh-5k	456	1	belebele	ur	zh	None	0.6211	0.6211	+0.0000	0.0000	0.0000	+0.0000
condition-2-zh-5k	456	1	belebele	zh	en	None	0.7700	0.7700	+0.0000	0.0000	0.0000	+0.0000
condition-2-zh-5k	456	1	belebele	zh	zh	None	0.7800	0.7800	+0.0000	0.0000	0.0000	+0.0000
condition-2-zh-5k	456	1	csqa	en	en	None	0.6020	0.6020	+0.0000	0.0000	0.0000	+0.0000
condition-2-zh-5k	456	1	csqa	en	zh	None	0.6500	0.6500	+0.0000	0.0000	0.0000	+0.0000
condition-2-zh-5k	456	1	csqa	es	en	None	0.5230	0.5230	+0.0000	0.0000	0.0000	+0.0000
condition-2-zh-5k	456	1	csqa	es	zh	None	0.5700	0.5700	+0.0000	0.0000	0.0000	+0.0000
condition-2-zh-5k	456	1	csqa	ur	en	None	0.4160	0.4160	+0.0000	0.0000	0.0000	+0.0000
condition-2-zh-5k	456	1	csqa	ur	zh	None	0.4310	0.4310	+0.0000	0.0000	0.0000	+0.0000
condition-2-zh-5k	456	1	csqa	zh	en	None	0.5440	0.5440	+0.0000	0.0000	0.0000	+0.0000
condition-2-zh-5k	456	1	csqa	zh	zh	None	0.5500	0.5500	+0.0000	0.0000	0.0000	+0.0000
condition-2-zh-5k	456	1	sib200	en	en	None	0.7794	0.7745	-0.0049	0.0000	0.0049	+0.0049
condition-2-zh-5k	456	1	sib200	en	zh	None	0.7206	0.7206	+0.0000	0.0000	0.0000	+0.0000
condition-2-zh-5k	456	1	sib200	es	en	None	0.7843	0.7794	-0.0049	0.0000	0.0049	+0.0049
condition-2-zh-5k	456	1	sib200	es	zh	None	0.6863	0.6863	+0.0000	0.0000	0.0000	+0.0000
condition-2-zh-5k	456	1	sib200	ur	en	None	0.7059	0.7059	+0.0000	0.0000	0.0000	+0.0000
condition-2-zh-5k	456	1	sib200	ur	zh	None	0.6520	0.6520	+0.0000	0.0000	0.0000	+0.0000
condition-2-zh-5k	456	1	sib200	zh	en	None	0.7696	0.7647	-0.0049	0.0000	0.0049	+0.0049
condition-2-zh-5k	456	1	sib200	zh	zh	None	0.6863	0.6863	+0.0000	0.0049	0.0000	-0.0049
condition-2-zh-5k	456	1	xnli	en	en	None	0.5234	0.5234	+0.0000	0.0000	0.0000	+0.0000
condition-2-zh-5k	456	1	xnli	en	zh	None	0.3331	0.3331	+0.0000	0.0000	0.0000	+0.0000
condition-2-zh-5k	456	1	xnli	es	en	None	0.4651	0.4651	+0.0000	0.0000	0.0000	+0.0000
condition-2-zh-5k	456	1	xnli	es	zh	None	0.3331	0.3331	+0.0000	0.0002	0.0002	+0.0000
condition-2-zh-5k	456	1	xnli	ur	en	None	0.4485	0.4485	+0.0000	0.0000	0.0000	+0.0000
condition-2-zh-5k	456	1	xnli	ur	zh	None	0.3337	0.3337	+0.0000	0.0008	0.0008	+0.0000
condition-2-zh-5k	456	1	xnli	zh	en	None	0.4168	0.4168	+0.0000	0.0000	0.0000	+0.0000
condition-2-zh-5k	456	1	xnli	zh	zh	None	0.3331	0.3331	+0.0000	0.0000	0.0000	+0.0000
condition-2-zh-5k	456	2	belebele	en	en	None	0.7878	0.7878	+0.0000	0.0000	0.0000	+0.0000
condition-2-zh-5k	456	2	belebele	en	zh	None	0.8133	0.8133	+0.0000	0.0000	0.0000	+0.0000
condition-2-zh-5k	456	2	belebele	es	en	None	0.7167	0.7167	+0.0000	0.0000	0.0000	+0.0000
condition-2-zh-5k	456	2	belebele	es	zh	None	0.7344	0.7344	+0.0000	0.0000	0.0000	+0.0000
condition-2-zh-5k	456	2	belebele	ur	en	None	0.6200	0.6200	+0.0000	0.0000	0.0000	+0.0000
condition-2-zh-5k	456	2	belebele	ur	zh	None	0.6344	0.6344	+0.0000	0.0000	0.0000	+0.0000
condition-2-zh-5k	456	2	belebele	zh	en	None	0.7811	0.7811	+0.0000	0.0000	0.0000	+0.0000
condition-2-zh-5k	456	2	belebele	zh	zh	None	0.7811	0.7811	+0.0000	0.0011	0.0011	+0.0000
condition-2-zh-5k	456	2	csqa	en	en	None	0.6110	0.6110	+0.0000	0.0000	0.0000	+0.0000
condition-2-zh-5k	456	2	csqa	en	zh	None	0.6350	0.6350	+0.0000	0.0000	0.0000	+0.0000
condition-2-zh-5k	456	2	csqa	es	en	None	0.5280	0.5280	+0.0000	0.0000	0.0000	+0.0000
condition-2-zh-5k	456	2	csqa	es	zh	None	0.5470	0.5470	+0.0000	0.0000	0.0000	+0.0000
condition-2-zh-5k	456	2	csqa	ur	en	None	0.4150	0.4150	+0.0000	0.0000	0.0000	+0.0000
condition-2-zh-5k	456	2	csqa	ur	zh	None	0.4060	0.4060	+0.0000	0.0000	0.0000	+0.0000
condition-2-zh-5k	456	2	csqa	zh	en	None	0.5290	0.5290	+0.0000	0.0000	0.0000	+0.0000
condition-2-zh-5k	456	2	csqa	zh	zh	None	0.5470	0.5470	+0.0000	0.0000	0.0000	+0.0000
condition-2-zh-5k	456	2	sib200	en	en	None	0.6814	0.6814	+0.0000	0.0000	0.0000	+0.0000
condition-2-zh-5k	456	2	sib200	en	zh	None	0.6765	0.6765	+0.0000	0.0049	0.0049	+0.0000
condition-2-zh-5k	456	2	sib200	es	en	None	0.6471	0.6471	+0.0000	0.0000	0.0000	+0.0000
condition-2-zh-5k	456	2	sib200	es	zh	None	0.6324	0.6324	+0.0000	0.0245	0.0245	+0.0000
condition-2-zh-5k	456	2	sib200	ur	en	None	0.6765	0.6765	+0.0000	0.0000	0.0000	+0.0000
condition-2-zh-5k	456	2	sib200	ur	zh	None	0.6176	0.6176	+0.0000	0.0000	0.0000	+0.0000
condition-2-zh-5k	456	2	sib200	zh	en	None	0.6667	0.6667	+0.0000	0.0000	0.0000	+0.0000
condition-2-zh-5k	456	2	sib200	zh	zh	None	0.6373	0.6569	+0.0196	0.0441	0.0147	-0.0294
condition-2-zh-5k	456	2	xnli	en	en	None	0.3627	0.3627	+0.0000	0.0002	0.0002	+0.0000
condition-2-zh-5k	456	2	xnli	en	zh	None	0.3301	0.3303	+0.0002	0.0014	0.0012	-0.0002
condition-2-zh-5k	456	2	xnli	es	en	None	0.3675	0.3675	+0.0000	0.0036	0.0036	+0.0000
condition-2-zh-5k	456	2	xnli	es	zh	None	0.3287	0.3289	+0.0002	0.0138	0.0136	-0.0002
condition-2-zh-5k	456	2	xnli	ur	en	None	0.3339	0.3339	+0.0000	0.0014	0.0014	+0.0000
condition-2-zh-5k	456	2	xnli	ur	zh	None	0.2906	0.3016	+0.0110	0.1571	0.1240	-0.0331
condition-2-zh-5k	456	2	xnli	zh	en	None	0.4212	0.4212	+0.0000	0.0002	0.0002	+0.0000
condition-2-zh-5k	456	2	xnli	zh	zh	None	0.3495	0.3507	+0.0012	0.0321	0.0271	-0.0050
condition-3-zh-5k	42	1	belebele	en	en	None	0.7911	0.7911	+0.0000	0.0000	0.0000	+0.0000
condition-3-zh-5k	42	1	belebele	en	zh	None	0.7889	0.7889	+0.0000	0.0000	0.0000	+0.0000
condition-3-zh-5k	42	1	belebele	es	en	None	0.7056	0.7056	+0.0000	0.0000	0.0000	+0.0000
condition-3-zh-5k	42	1	belebele	es	zh	None	0.7133	0.7133	+0.0000	0.0000	0.0000	+0.0000
condition-3-zh-5k	42	1	belebele	ur	en	None	0.6100	0.6100	+0.0000	0.0000	0.0000	+0.0000
condition-3-zh-5k	42	1	belebele	ur	zh	None	0.6144	0.6144	+0.0000	0.0000	0.0000	+0.0000
condition-3-zh-5k	42	1	belebele	zh	en	None	0.7644	0.7644	+0.0000	0.0000	0.0000	+0.0000
condition-3-zh-5k	42	1	belebele	zh	zh	None	0.7789	0.7789	+0.0000	0.0000	0.0000	+0.0000
condition-3-zh-5k	42	1	csqa	en	en	None	0.6090	0.6090	+0.0000	0.0000	0.0000	+0.0000
condition-3-zh-5k	42	1	csqa	en	zh	None	0.6440	0.6440	+0.0000	0.0000	0.0000	+0.0000
condition-3-zh-5k	42	1	csqa	es	en	None	0.5500	0.5500	+0.0000	0.0000	0.0000	+0.0000
condition-3-zh-5k	42	1	csqa	es	zh	None	0.5430	0.5430	+0.0000	0.0000	0.0000	+0.0000
condition-3-zh-5k	42	1	csqa	ur	en	None	0.4240	0.4240	+0.0000	0.0000	0.0000	+0.0000
condition-3-zh-5k	42	1	csqa	ur	zh	None	0.4140	0.4140	+0.0000	0.0000	0.0000	+0.0000
condition-3-zh-5k	42	1	csqa	zh	en	None	0.5570	0.5570	+0.0000	0.0000	0.0000	+0.0000
condition-3-zh-5k	42	1	csqa	zh	zh	None	0.5410	0.5410	+0.0000	0.0000	0.0000	+0.0000
condition-3-zh-5k	42	1	sib200	en	en	None	0.7500	0.7451	-0.0049	0.0000	0.0049	+0.0049
condition-3-zh-5k	42	1	sib200	en	zh	None	0.6814	0.6814	+0.0000	0.0000	0.0000	+0.0000
condition-3-zh-5k	42	1	sib200	es	en	None	0.7549	0.7402	-0.0147	0.0000	0.0147	+0.0147
condition-3-zh-5k	42	1	sib200	es	zh	None	0.6912	0.6912	+0.0000	0.0000	0.0147	+0.0147
condition-3-zh-5k	42	1	sib200	ur	en	None	0.6912	0.6912	+0.0000	0.0000	0.0049	+0.0049
condition-3-zh-5k	42	1	sib200	ur	zh	None	0.6078	0.6078	+0.0000	0.0000	0.0098	+0.0098
condition-3-zh-5k	42	1	sib200	zh	en	None	0.7647	0.7549	-0.0098	0.0049	0.0245	+0.0196
condition-3-zh-5k	42	1	sib200	zh	zh	None	0.6863	0.6863	+0.0000	0.0049	0.0196	+0.0147
condition-3-zh-5k	42	1	xnli	en	en	None	0.5347	0.5347	+0.0000	0.0000	0.0000	+0.0000
condition-3-zh-5k	42	1	xnli	en	zh	None	0.3325	0.3325	+0.0000	0.0000	0.0000	+0.0000
condition-3-zh-5k	42	1	xnli	es	en	None	0.4858	0.4858	+0.0000	0.0000	0.0000	+0.0000
condition-3-zh-5k	42	1	xnli	es	zh	None	0.3325	0.3325	+0.0000	0.0000	0.0000	+0.0000
condition-3-zh-5k	42	1	xnli	ur	en	None	0.4409	0.4409	+0.0000	0.0000	0.0000	+0.0000
condition-3-zh-5k	42	1	xnli	ur	zh	None	0.3311	0.3311	+0.0000	0.0004	0.0002	-0.0002
condition-3-zh-5k	42	1	xnli	zh	en	None	0.4429	0.4429	+0.0000	0.0000	0.0000	+0.0000
condition-3-zh-5k	42	1	xnli	zh	zh	None	0.3323	0.3323	+0.0000	0.0000	0.0000	+0.0000
condition-3-zh-5k	42	2	belebele	en	en	None	0.7911	0.7911	+0.0000	0.0000	0.0000	+0.0000
condition-3-zh-5k	42	2	belebele	en	zh	None	0.8022	0.8022	+0.0000	0.0000	0.0000	+0.0000
condition-3-zh-5k	42	2	belebele	es	en	None	0.7222	0.7222	+0.0000	0.0000	0.0000	+0.0000
condition-3-zh-5k	42	2	belebele	es	zh	None	0.7278	0.7278	+0.0000	0.0000	0.0000	+0.0000
condition-3-zh-5k	42	2	belebele	ur	en	None	0.6289	0.6289	+0.0000	0.0000	0.0000	+0.0000
condition-3-zh-5k	42	2	belebele	ur	zh	None	0.6167	0.6167	+0.0000	0.0000	0.0000	+0.0000
condition-3-zh-5k	42	2	belebele	zh	en	None	0.7733	0.7733	+0.0000	0.0000	0.0000	+0.0000
condition-3-zh-5k	42	2	belebele	zh	zh	None	0.7711	0.7711	+0.0000	0.0000	0.0000	+0.0000
condition-3-zh-5k	42	2	csqa	en	en	None	0.6100	0.6100	+0.0000	0.0000	0.0000	+0.0000
condition-3-zh-5k	42	2	csqa	en	zh	None	0.6440	0.6440	+0.0000	0.0000	0.0000	+0.0000
condition-3-zh-5k	42	2	csqa	es	en	None	0.5380	0.5380	+0.0000	0.0000	0.0000	+0.0000
condition-3-zh-5k	42	2	csqa	es	zh	None	0.5250	0.5250	+0.0000	0.0000	0.0000	+0.0000
condition-3-zh-5k	42	2	csqa	ur	en	None	0.4400	0.4400	+0.0000	0.0000	0.0000	+0.0000
condition-3-zh-5k	42	2	csqa	ur	zh	None	0.4170	0.4170	+0.0000	0.0000	0.0000	+0.0000
condition-3-zh-5k	42	2	csqa	zh	en	None	0.5460	0.5460	+0.0000	0.0000	0.0000	+0.0000
condition-3-zh-5k	42	2	csqa	zh	zh	None	0.5220	0.5220	+0.0000	0.0000	0.0000	+0.0000
condition-3-zh-5k	42	2	sib200	en	en	None	0.6618	0.6618	+0.0000	0.0000	0.0000	+0.0000
condition-3-zh-5k	42	2	sib200	en	zh	None	0.6569	0.6471	-0.0098	0.0000	0.0245	+0.0245
condition-3-zh-5k	42	2	sib200	es	en	None	0.6373	0.6373	+0.0000	0.0000	0.0000	+0.0000
condition-3-zh-5k	42	2	sib200	es	zh	None	0.6225	0.6078	-0.0147	0.0098	0.0441	+0.0343
condition-3-zh-5k	42	2	sib200	ur	en	None	0.6569	0.6569	+0.0000	0.0000	0.0000	+0.0000
condition-3-zh-5k	42	2	sib200	ur	zh	None	0.5490	0.5441	-0.0049	0.0000	0.0539	+0.0539
condition-3-zh-5k	42	2	sib200	zh	en	None	0.6716	0.6667	-0.0049	0.0000	0.0049	+0.0049
condition-3-zh-5k	42	2	sib200	zh	zh	None	0.6127	0.6078	-0.0049	0.0049	0.0637	+0.0588
condition-3-zh-5k	42	2	xnli	en	en	None	0.4006	0.4006	+0.0000	0.0006	0.0006	+0.0000
condition-3-zh-5k	42	2	xnli	en	zh	None	0.3313	0.3313	+0.0000	0.0100	0.0100	+0.0000
condition-3-zh-5k	42	2	xnli	es	en	None	0.4114	0.4114	+0.0000	0.0038	0.0038	+0.0000
condition-3-zh-5k	42	2	xnli	es	zh	None	0.3289	0.3289	+0.0000	0.0132	0.0130	-0.0002
condition-3-zh-5k	42	2	xnli	ur	en	None	0.3455	0.3455	+0.0000	0.0014	0.0014	+0.0000
condition-3-zh-5k	42	2	xnli	ur	zh	None	0.3236	0.3240	+0.0004	0.0327	0.0321	-0.0006
condition-3-zh-5k	42	2	xnli	zh	en	None	0.4840	0.4840	+0.0000	0.0040	0.0040	+0.0000
condition-3-zh-5k	42	2	xnli	zh	zh	None	0.3040	0.3066	+0.0026	0.1118	0.1058	-0.0060
condition-5-es-5k	42	1	belebele	en	en	None	0.7833	0.7833	+0.0000	0.0000	0.0000	+0.0000
condition-5-es-5k	42	1	belebele	en	es	None	0.7822	0.7822	+0.0000	0.0000	0.0000	+0.0000
condition-5-es-5k	42	1	belebele	es	en	None	0.6956	0.6956	+0.0000	0.0000	0.0000	+0.0000
condition-5-es-5k	42	1	belebele	es	es	None	0.6744	0.6744	+0.0000	0.0011	0.0011	+0.0000
condition-5-es-5k	42	1	belebele	ur	en	None	0.6056	0.6056	+0.0000	0.0000	0.0000	+0.0000
condition-5-es-5k	42	1	belebele	ur	es	None	0.5333	0.5333	+0.0000	0.0000	0.0000	+0.0000
condition-5-es-5k	42	1	belebele	zh	en	None	0.7522	0.7522	+0.0000	0.0000	0.0000	+0.0000
condition-5-es-5k	42	1	belebele	zh	es	None	0.7256	0.7256	+0.0000	0.0000	0.0000	+0.0000
condition-5-es-5k	42	1	csqa	en	en	None	0.6020	0.6020	+0.0000	0.0000	0.0000	+0.0000
condition-5-es-5k	42	1	csqa	en	es	None	0.5920	0.5920	+0.0000	0.0000	0.0000	+0.0000
condition-5-es-5k	42	1	csqa	es	en	None	0.5000	0.5000	+0.0000	0.0000	0.0000	+0.0000
condition-5-es-5k	42	1	csqa	es	es	None	0.5220	0.5220	+0.0000	0.0000	0.0000	+0.0000
condition-5-es-5k	42	1	csqa	ur	en	None	0.3830	0.3830	+0.0000	0.0000	0.0000	+0.0000
condition-5-es-5k	42	1	csqa	ur	es	None	0.3910	0.3910	+0.0000	0.0000	0.0000	+0.0000
condition-5-es-5k	42	1	csqa	zh	en	None	0.5070	0.5070	+0.0000	0.0000	0.0000	+0.0000
condition-5-es-5k	42	1	csqa	zh	es	None	0.4960	0.4960	+0.0000	0.0000	0.0000	+0.0000
condition-5-es-5k	42	1	sib200	en	en	None	0.5980	0.5980	+0.0000	0.0000	0.0000	+0.0000
condition-5-es-5k	42	1	sib200	en	es	None	0.2549	0.5196	+0.2647	0.4314	0.0441	-0.3873
condition-5-es-5k	42	1	sib200	es	en	None	0.5588	0.5539	-0.0049	0.0000	0.0049	+0.0049
condition-5-es-5k	42	1	sib200	es	es	None	0.2451	0.5245	+0.2794	0.4363	0.0392	-0.3971
condition-5-es-5k	42	1	sib200	ur	en	None	0.5049	0.5000	-0.0049	0.0049	0.0098	+0.0049
condition-5-es-5k	42	1	sib200	ur	es	None	0.2402	0.4804	+0.2402	0.3480	0.0294	-0.3186
condition-5-es-5k	42	1	sib200	zh	en	None	0.5735	0.6127	+0.0392	0.0833	0.0098	-0.0735
condition-5-es-5k	42	1	sib200	zh	es	None	0.2500	0.5882	+0.3382	0.5490	0.0588	-0.4902
condition-5-es-5k	42	1	xnli	en	en	None	0.4319	0.4319	+0.0000	0.0000	0.0000	+0.0000
condition-5-es-5k	42	1	xnli	en	es	None	0.4102	0.4102	+0.0000	0.0000	0.0000	+0.0000
condition-5-es-5k	42	1	xnli	es	en	None	0.3479	0.3479	+0.0000	0.0002	0.0002	+0.0000
condition-5-es-5k	42	1	xnli	es	es	None	0.4479	0.4479	+0.0000	0.0012	0.0012	+0.0000
condition-5-es-5k	42	1	xnli	ur	en	None	0.3840	0.3840	+0.0000	0.0006	0.0006	+0.0000
condition-5-es-5k	42	1	xnli	ur	es	None	0.3920	0.3920	+0.0000	0.0006	0.0006	+0.0000
condition-5-es-5k	42	1	xnli	zh	en	None	0.3525	0.3525	+0.0000	0.0000	0.0000	+0.0000
condition-5-es-5k	42	1	xnli	zh	es	None	0.3365	0.3365	+0.0000	0.0000	0.0000	+0.0000
condition-5-es-5k	42	2	belebele	en	en	None	0.7956	0.7956	+0.0000	0.0000	0.0000	+0.0000
condition-5-es-5k	42	2	belebele	en	es	None	0.8022	0.8022	+0.0000	0.0000	0.0000	+0.0000
condition-5-es-5k	42	2	belebele	es	en	None	0.7089	0.7089	+0.0000	0.0000	0.0000	+0.0000
condition-5-es-5k	42	2	belebele	es	es	None	0.6978	0.6978	+0.0000	0.0011	0.0011	+0.0000
condition-5-es-5k	42	2	belebele	ur	en	None	0.6078	0.6078	+0.0000	0.0000	0.0000	+0.0000
condition-5-es-5k	42	2	belebele	ur	es	None	0.5600	0.5600	+0.0000	0.0000	0.0000	+0.0000
condition-5-es-5k	42	2	belebele	zh	en	None	0.7478	0.7478	+0.0000	0.0000	0.0000	+0.0000
condition-5-es-5k	42	2	belebele	zh	es	None	0.7478	0.7478	+0.0000	0.0000	0.0000	+0.0000
condition-5-es-5k	42	2	csqa	en	en	None	0.6040	0.6040	+0.0000	0.0000	0.0000	+0.0000
condition-5-es-5k	42	2	csqa	en	es	None	0.6090	0.6090	+0.0000	0.0000	0.0000	+0.0000
condition-5-es-5k	42	2	csqa	es	en	None	0.4940	0.4940	+0.0000	0.0000	0.0000	+0.0000
condition-5-es-5k	42	2	csqa	es	es	None	0.5310	0.5310	+0.0000	0.0000	0.0000	+0.0000
condition-5-es-5k	42	2	csqa	ur	en	None	0.3850	0.3850	+0.0000	0.0000	0.0000	+0.0000
condition-5-es-5k	42	2	csqa	ur	es	None	0.3920	0.3920	+0.0000	0.0000	0.0000	+0.0000
condition-5-es-5k	42	2	csqa	zh	en	None	0.5080	0.5080	+0.0000	0.0000	0.0000	+0.0000
condition-5-es-5k	42	2	csqa	zh	es	None	0.5000	0.5000	+0.0000	0.0000	0.0000	+0.0000
condition-5-es-5k	42	2	sib200	en	en	None	0.7010	0.7010	+0.0000	0.0000	0.0000	+0.0000
condition-5-es-5k	42	2	sib200	en	es	None	0.2500	0.3725	+0.1225	0.1471	0.0147	-0.1324
condition-5-es-5k	42	2	sib200	es	en	None	0.6471	0.6471	+0.0000	0.0000	0.0000	+0.0000
condition-5-es-5k	42	2	sib200	es	es	None	0.2500	0.3382	+0.0882	0.0931	0.0049	-0.0882
condition-5-es-5k	42	2	sib200	ur	en	None	0.6275	0.6275	+0.0000	0.0000	0.0000	+0.0000
condition-5-es-5k	42	2	sib200	ur	es	None	0.2500	0.3873	+0.1373	0.1667	0.0049	-0.1618
condition-5-es-5k	42	2	sib200	zh	en	None	0.6667	0.6667	+0.0000	0.0000	0.0000	+0.0000
condition-5-es-5k	42	2	sib200	zh	es	None	0.2500	0.4608	+0.2108	0.2647	0.0196	-0.2451
condition-5-es-5k	42	2	xnli	en	en	None	0.4267	0.4267	+0.0000	0.0006	0.0006	+0.0000
condition-5-es-5k	42	2	xnli	en	es	None	0.3886	0.3886	+0.0000	0.0006	0.0006	+0.0000
condition-5-es-5k	42	2	xnli	es	en	None	0.3946	0.3946	+0.0000	0.0068	0.0068	+0.0000
condition-5-es-5k	42	2	xnli	es	es	None	0.3643	0.3643	+0.0000	0.0046	0.0046	+0.0000
condition-5-es-5k	42	2	xnli	ur	en	None	0.3367	0.3367	+0.0000	0.0309	0.0309	+0.0000
condition-5-es-5k	42	2	xnli	ur	es	None	0.3525	0.3525	+0.0000	0.0122	0.0122	+0.0000
condition-5-es-5k	42	2	xnli	zh	en	None	0.4403	0.4403	+0.0000	0.0050	0.0050	+0.0000
condition-5-es-5k	42	2	xnli	zh	es	None	0.3549	0.3549	+0.0000	0.0032	0.0032	+0.0000
condition-5-ur-5k	42	1	belebele	en	en	None	0.7922	0.7922	+0.0000	0.0000	0.0000	+0.0000
condition-5-ur-5k	42	1	belebele	en	ur	None	0.7567	0.7567	+0.0000	0.0000	0.0000	+0.0000
condition-5-ur-5k	42	1	belebele	es	en	None	0.7200	0.7200	+0.0000	0.0000	0.0000	+0.0000
condition-5-ur-5k	42	1	belebele	es	ur	None	0.6711	0.6711	+0.0000	0.0078	0.0078	+0.0000
condition-5-ur-5k	42	1	belebele	ur	en	None	0.5967	0.5967	+0.0000	0.0000	0.0000	+0.0000
condition-5-ur-5k	42	1	belebele	ur	ur	None	0.5433	0.5433	+0.0000	0.0000	0.0000	+0.0000
condition-5-ur-5k	42	1	belebele	zh	en	None	0.7611	0.7611	+0.0000	0.0000	0.0000	+0.0000
condition-5-ur-5k	42	1	belebele	zh	ur	None	0.7033	0.7033	+0.0000	0.0000	0.0000	+0.0000
condition-5-ur-5k	42	1	csqa	en	en	None	0.6010	0.6010	+0.0000	0.0000	0.0000	+0.0000
condition-5-ur-5k	42	1	csqa	en	ur	None	0.5640	0.5640	+0.0000	0.0000	0.0000	+0.0000
condition-5-ur-5k	42	1	csqa	es	en	None	0.5030	0.5030	+0.0000	0.0000	0.0000	+0.0000
condition-5-ur-5k	42	1	csqa	es	ur	None	0.4460	0.4460	+0.0000	0.0000	0.0000	+0.0000
condition-5-ur-5k	42	1	csqa	ur	en	None	0.3390	0.3390	+0.0000	0.0000	0.0000	+0.0000
condition-5-ur-5k	42	1	csqa	ur	ur	None	0.3300	0.3300	+0.0000	0.0000	0.0000	+0.0000
condition-5-ur-5k	42	1	csqa	zh	en	None	0.5140	0.5140	+0.0000	0.0000	0.0000	+0.0000
condition-5-ur-5k	42	1	csqa	zh	ur	None	0.4280	0.4280	+0.0000	0.0000	0.0000	+0.0000
condition-5-ur-5k	42	1	sib200	en	en	None	0.7059	0.7010	-0.0049	0.0000	0.0049	+0.0049
condition-5-ur-5k	42	1	sib200	en	ur	None	0.2304	0.4706	+0.2402	0.3725	0.0196	-0.3529
condition-5-ur-5k	42	1	sib200	es	en	None	0.7010	0.6961	-0.0049	0.0000	0.0049	+0.0049
condition-5-ur-5k	42	1	sib200	es	ur	None	0.1961	0.4510	+0.2549	0.4510	0.0196	-0.4314
condition-5-ur-5k	42	1	sib200	ur	en	None	0.5392	0.5392	+0.0000	0.0147	0.0098	-0.0049
condition-5-ur-5k	42	1	sib200	ur	ur	None	0.2206	0.4951	+0.2745	0.3725	0.0343	-0.3382
condition-5-ur-5k	42	1	sib200	zh	en	None	0.6765	0.7059	+0.0294	0.0588	0.0098	-0.0490
condition-5-ur-5k	42	1	sib200	zh	ur	None	0.2255	0.5049	+0.2794	0.4265	0.0098	-0.4167
condition-5-ur-5k	42	1	xnli	en	en	None	0.5060	0.5060	+0.0000	0.0000	0.0000	+0.0000
condition-5-ur-5k	42	1	xnli	en	ur	None	0.3261	0.3261	+0.0000	0.0002	0.0002	+0.0000
condition-5-ur-5k	42	1	xnli	es	en	None	0.4671	0.4671	+0.0000	0.0002	0.0002	+0.0000
condition-5-ur-5k	42	1	xnli	es	ur	None	0.3283	0.3283	+0.0000	0.0000	0.0000	+0.0000
condition-5-ur-5k	42	1	xnli	ur	en	None	0.4174	0.4174	+0.0000	0.0006	0.0006	+0.0000
condition-5-ur-5k	42	1	xnli	ur	ur	None	0.3263	0.3263	+0.0000	0.0066	0.0066	+0.0000
condition-5-ur-5k	42	1	xnli	zh	en	None	0.4794	0.4794	+0.0000	0.0000	0.0000	+0.0000
condition-5-ur-5k	42	1	xnli	zh	ur	None	0.3333	0.3333	+0.0000	0.0000	0.0000	+0.0000
condition-5-ur-5k	42	2	belebele	en	en	None	0.8100	0.8100	+0.0000	0.0000	0.0000	+0.0000
condition-5-ur-5k	42	2	belebele	en	ur	None	0.7544	0.7544	+0.0000	0.0000	0.0000	+0.0000
condition-5-ur-5k	42	2	belebele	es	en	None	0.7444	0.7444	+0.0000	0.0000	0.0000	+0.0000
condition-5-ur-5k	42	2	belebele	es	ur	None	0.6911	0.6911	+0.0000	0.0056	0.0056	+0.0000
condition-5-ur-5k	42	2	belebele	ur	en	None	0.6267	0.6267	+0.0000	0.0000	0.0000	+0.0000
condition-5-ur-5k	42	2	belebele	ur	ur	None	0.5511	0.5511	+0.0000	0.0000	0.0000	+0.0000
condition-5-ur-5k	42	2	belebele	zh	en	None	0.7722	0.7722	+0.0000	0.0000	0.0000	+0.0000
condition-5-ur-5k	42	2	belebele	zh	ur	None	0.7044	0.7044	+0.0000	0.0000	0.0000	+0.0000
condition-5-ur-5k	42	2	csqa	en	en	None	0.5830	0.5830	+0.0000	0.0000	0.0000	+0.0000
condition-5-ur-5k	42	2	csqa	en	ur	None	0.5600	0.5600	+0.0000	0.0000	0.0000	+0.0000
condition-5-ur-5k	42	2	csqa	es	en	None	0.4780	0.4780	+0.0000	0.0000	0.0000	+0.0000
condition-5-ur-5k	42	2	csqa	es	ur	None	0.4470	0.4470	+0.0000	0.0000	0.0000	+0.0000
condition-5-ur-5k	42	2	csqa	ur	en	None	0.3140	0.3140	+0.0000	0.0000	0.0000	+0.0000
condition-5-ur-5k	42	2	csqa	ur	ur	None	0.3180	0.3180	+0.0000	0.0000	0.0000	+0.0000
condition-5-ur-5k	42	2	csqa	zh	en	None	0.4800	0.4800	+0.0000	0.0000	0.0000	+0.0000
condition-5-ur-5k	42	2	csqa	zh	ur	None	0.4150	0.4150	+0.0000	0.0000	0.0000	+0.0000
condition-5-ur-5k	42	2	sib200	en	en	None	0.6814	0.6814	+0.0000	0.0000	0.0000	+0.0000
condition-5-ur-5k	42	2	sib200	en	ur	None	0.0882	0.5784	+0.4902	0.8186	0.1225	-0.6961
condition-5-ur-5k	42	2	sib200	es	en	None	0.6569	0.6569	+0.0000	0.0000	0.0000	+0.0000
condition-5-ur-5k	42	2	sib200	es	ur	None	0.0490	0.5637	+0.5147	0.8824	0.1225	-0.7598
condition-5-ur-5k	42	2	sib200	ur	en	None	0.5686	0.5686	+0.0000	0.0000	0.0000	+0.0000
condition-5-ur-5k	42	2	sib200	ur	ur	None	0.1176	0.5490	+0.4314	0.7500	0.1863	-0.5637
condition-5-ur-5k	42	2	sib200	zh	en	None	0.6667	0.6716	+0.0049	0.0049	0.0000	-0.0049
condition-5-ur-5k	42	2	sib200	zh	ur	None	0.1127	0.5343	+0.4216	0.8039	0.0539	-0.7500
condition-5-ur-5k	42	2	xnli	en	en	None	0.3405	0.3405	+0.0000	0.0000	0.0000	+0.0000
condition-5-ur-5k	42	2	xnli	en	ur	None	0.3577	0.3577	+0.0000	0.0002	0.0002	+0.0000
condition-5-ur-5k	42	2	xnli	es	en	None	0.3437	0.3437	+0.0000	0.0010	0.0010	+0.0000
condition-5-ur-5k	42	2	xnli	es	ur	None	0.3377	0.3377	+0.0000	0.0006	0.0006	+0.0000
condition-5-ur-5k	42	2	xnli	ur	en	None	0.3236	0.3236	+0.0000	0.0291	0.0291	+0.0000
condition-5-ur-5k	42	2	xnli	ur	ur	None	0.3327	0.3327	+0.0000	0.0028	0.0028	+0.0000
condition-5-ur-5k	42	2	xnli	zh	en	None	0.4301	0.4301	+0.0000	0.0020	0.0020	+0.0000
condition-5-ur-5k	42	2	xnli	zh	ur	None	0.3345	0.3345	+0.0000	0.0000	0.0000	+0.0000
condition-5-zh-5k	42	1	belebele	en	en	None	0.7778	0.7778	+0.0000	0.0000	0.0000	+0.0000
condition-5-zh-5k	42	1	belebele	en	zh	None	0.8056	0.8056	+0.0000	0.0000	0.0000	+0.0000
condition-5-zh-5k	42	1	belebele	es	en	None	0.7044	0.7044	+0.0000	0.0000	0.0000	+0.0000
condition-5-zh-5k	42	1	belebele	es	zh	None	0.7478	0.7478	+0.0000	0.0000	0.0000	+0.0000
condition-5-zh-5k	42	1	belebele	ur	en	None	0.6189	0.6189	+0.0000	0.0000	0.0000	+0.0000
condition-5-zh-5k	42	1	belebele	ur	zh	None	0.6089	0.6089	+0.0000	0.0000	0.0000	+0.0000
condition-5-zh-5k	42	1	belebele	zh	en	None	0.7633	0.7633	+0.0000	0.0000	0.0000	+0.0000
condition-5-zh-5k	42	1	belebele	zh	zh	None	0.7822	0.7822	+0.0000	0.0011	0.0011	+0.0000
condition-5-zh-5k	42	1	csqa	en	en	None	0.5920	0.5920	+0.0000	0.0000	0.0000	+0.0000
condition-5-zh-5k	42	1	csqa	en	zh	None	0.6160	0.6160	+0.0000	0.0000	0.0000	+0.0000
condition-5-zh-5k	42	1	csqa	es	en	None	0.5110	0.5110	+0.0000	0.0000	0.0000	+0.0000
condition-5-zh-5k	42	1	csqa	es	zh	None	0.5370	0.5370	+0.0000	0.0000	0.0000	+0.0000
condition-5-zh-5k	42	1	csqa	ur	en	None	0.3780	0.3780	+0.0000	0.0000	0.0000	+0.0000
condition-5-zh-5k	42	1	csqa	ur	zh	None	0.3990	0.3990	+0.0000	0.0000	0.0000	+0.0000
condition-5-zh-5k	42	1	csqa	zh	en	None	0.5160	0.5160	+0.0000	0.0000	0.0000	+0.0000
condition-5-zh-5k	42	1	csqa	zh	zh	None	0.5310	0.5310	+0.0000	0.0000	0.0000	+0.0000
condition-5-zh-5k	42	1	sib200	en	en	None	0.6569	0.6569	+0.0000	0.0000	0.0049	+0.0049
condition-5-zh-5k	42	1	sib200	en	zh	None	0.2206	0.4559	+0.2353	0.2794	0.0000	-0.2794
condition-5-zh-5k	42	1	sib200	es	en	None	0.7059	0.7059	+0.0000	0.0000	0.0049	+0.0049
condition-5-zh-5k	42	1	sib200	es	zh	None	0.2304	0.4118	+0.1814	0.2255	0.0000	-0.2255
condition-5-zh-5k	42	1	sib200	ur	en	None	0.5588	0.5588	+0.0000	0.0147	0.0098	-0.0049
condition-5-zh-5k	42	1	sib200	ur	zh	None	0.1961	0.3186	+0.1225	0.5784	0.0049	-0.5735
condition-5-zh-5k	42	1	sib200	zh	en	None	0.2941	0.6422	+0.3480	0.4069	0.0000	-0.4069
condition-5-zh-5k	42	1	sib200	zh	zh	None	0.2500	0.5343	+0.2843	0.2990	0.0098	-0.2892
condition-5-zh-5k	42	1	xnli	en	en	None	0.3731	0.3731	+0.0000	0.0002	0.0002	+0.0000
condition-5-zh-5k	42	1	xnli	en	zh	None	0.3545	0.3545	+0.0000	0.0022	0.0022	+0.0000
condition-5-zh-5k	42	1	xnli	es	en	None	0.3387	0.3387	+0.0000	0.0002	0.0002	+0.0000
condition-5-zh-5k	42	1	xnli	es	zh	None	0.3838	0.3840	+0.0002	0.0042	0.0038	-0.0004
condition-5-zh-5k	42	1	xnli	ur	en	None	0.3431	0.3431	+0.0000	0.0002	0.0002	+0.0000
condition-5-zh-5k	42	1	xnli	ur	zh	None	0.3337	0.3377	+0.0040	0.2200	0.2138	-0.0062
condition-5-zh-5k	42	1	xnli	zh	en	None	0.3737	0.3737	+0.0000	0.0028	0.0028	+0.0000
condition-5-zh-5k	42	1	xnli	zh	zh	None	0.3521	0.3525	+0.0004	0.0056	0.0050	-0.0006
condition-5-zh-5k	42	2	belebele	en	en	None	0.8044	0.8044	+0.0000	0.0000	0.0000	+0.0000
condition-5-zh-5k	42	2	belebele	en	zh	None	0.8144	0.8144	+0.0000	0.0000	0.0000	+0.0000
condition-5-zh-5k	42	2	belebele	es	en	None	0.7289	0.7289	+0.0000	0.0000	0.0000	+0.0000
condition-5-zh-5k	42	2	belebele	es	zh	None	0.7356	0.7356	+0.0000	0.0000	0.0000	+0.0000
condition-5-zh-5k	42	2	belebele	ur	en	None	0.6278	0.6278	+0.0000	0.0000	0.0000	+0.0000
condition-5-zh-5k	42	2	belebele	ur	zh	None	0.6233	0.6233	+0.0000	0.0000	0.0000	+0.0000
condition-5-zh-5k	42	2	belebele	zh	en	None	0.7756	0.7756	+0.0000	0.0000	0.0000	+0.0000
condition-5-zh-5k	42	2	belebele	zh	zh	None	0.7789	0.7789	+0.0000	0.0022	0.0022	+0.0000
condition-5-zh-5k	42	2	csqa	en	en	None	0.5950	0.5950	+0.0000	0.0000	0.0000	+0.0000
condition-5-zh-5k	42	2	csqa	en	zh	None	0.6020	0.6020	+0.0000	0.0000	0.0000	+0.0000
condition-5-zh-5k	42	2	csqa	es	en	None	0.5060	0.5060	+0.0000	0.0000	0.0000	+0.0000
condition-5-zh-5k	42	2	csqa	es	zh	None	0.5190	0.5190	+0.0000	0.0000	0.0000	+0.0000
condition-5-zh-5k	42	2	csqa	ur	en	None	0.3660	0.3660	+0.0000	0.0000	0.0000	+0.0000
condition-5-zh-5k	42	2	csqa	ur	zh	None	0.3780	0.3780	+0.0000	0.0000	0.0000	+0.0000
condition-5-zh-5k	42	2	csqa	zh	en	None	0.4950	0.4950	+0.0000	0.0000	0.0000	+0.0000
condition-5-zh-5k	42	2	csqa	zh	zh	None	0.5020	0.5020	+0.0000	0.0000	0.0000	+0.0000
condition-5-zh-5k	42	2	sib200	en	en	None	0.7010	0.7010	+0.0000	0.0000	0.0000	+0.0000
condition-5-zh-5k	42	2	sib200	en	zh	None	0.2500	0.5049	+0.2549	0.3235	0.0490	-0.2745
condition-5-zh-5k	42	2	sib200	es	en	None	0.6618	0.6618	+0.0000	0.0000	0.0000	+0.0000
condition-5-zh-5k	42	2	sib200	es	zh	None	0.2500	0.4559	+0.2059	0.2255	0.0049	-0.2206
condition-5-zh-5k	42	2	sib200	ur	en	None	0.6078	0.6078	+0.0000	0.0098	0.0098	+0.0000
condition-5-zh-5k	42	2	sib200	ur	zh	None	0.1618	0.3039	+0.1422	0.5980	0.0196	-0.5784
condition-5-zh-5k	42	2	sib200	zh	en	None	0.4608	0.7010	+0.2402	0.3235	0.0049	-0.3186
condition-5-zh-5k	42	2	sib200	zh	zh	None	0.2500	0.5392	+0.2892	0.3333	0.0294	-0.3039
condition-5-zh-5k	42	2	xnli	en	en	None	0.4842	0.4842	+0.0000	0.0000	0.0000	+0.0000
condition-5-zh-5k	42	2	xnli	en	zh	None	0.1148	0.3064	+0.1916	0.7473	0.1673	-0.5800
condition-5-zh-5k	42	2	xnli	es	en	None	0.4519	0.4519	+0.0000	0.0034	0.0034	+0.0000
condition-5-zh-5k	42	2	xnli	es	zh	None	0.1094	0.3347	+0.2253	0.7613	0.1036	-0.6577
condition-5-zh-5k	42	2	xnli	ur	en	None	0.3906	0.3906	+0.0000	0.0138	0.0138	+0.0000
condition-5-zh-5k	42	2	xnli	ur	zh	None	0.0319	0.1655	+0.1335	0.9291	0.5182	-0.4110
condition-5-zh-5k	42	2	xnli	zh	en	None	0.3870	0.3872	+0.0002	0.0100	0.0098	-0.0002
condition-5-zh-5k	42	2	xnli	zh	zh	None	0.2002	0.3479	+0.1477	0.5327	0.0992	-0.4335
