target_lang	template	benchmark	data	instr	matched_diagonal	condition	data_volume	matched_instr_for_this_condition	mean_acc_across_seeds	n_seeds
en	1	belebele	en	en	y	baseline		n	0.7678	1
en	1	belebele	en	en	y	condition-1-en-5k	5k	y	0.7781	3
en	1	belebele	en	en	y	condition-1-en-20k	20k	y	0.7767	1
en	1	belebele	en	es	n	baseline		n	0.7611	1
en	1	belebele	en	es	n	condition-1-en-5k	5k	n	0.7604	3
en	1	belebele	en	es	n	condition-1-en-20k	20k	n	0.7611	1
en	1	belebele	en	ur	n	baseline		n	0.7411	1
en	1	belebele	en	ur	n	condition-1-en-5k	5k	n	0.7548	3
en	1	belebele	en	ur	n	condition-1-en-20k	20k	n	0.7611	1
en	1	belebele	en	zh	n	baseline		n	0.7889	1
en	1	belebele	en	zh	n	condition-1-en-5k	5k	n	0.7885	3
en	1	belebele	en	zh	n	condition-1-en-20k	20k	n	0.7900	1
en	1	belebele	es	en	n	baseline		n	0.6911	1
en	1	belebele	es	en	n	condition-1-en-5k	5k	y	0.7000	3
en	1	belebele	es	en	n	condition-1-en-20k	20k	y	0.7000	1
en	1	belebele	es	es	y	baseline		n	0.6722	1
en	1	belebele	es	es	y	condition-1-en-5k	5k	n	0.6719	3
en	1	belebele	es	es	y	condition-1-en-20k	20k	n	0.6667	1
en	1	belebele	es	ur	n	baseline		n	0.6389	1
en	1	belebele	es	ur	n	condition-1-en-5k	5k	n	0.6422	3
en	1	belebele	es	ur	n	condition-1-en-20k	20k	n	0.6344	1
en	1	belebele	es	zh	n	baseline		n	0.6956	1
en	1	belebele	es	zh	n	condition-1-en-5k	5k	n	0.6937	3
en	1	belebele	es	zh	n	condition-1-en-20k	20k	n	0.6989	1
en	1	belebele	ur	en	n	baseline		n	0.6044	1
en	1	belebele	ur	en	n	condition-1-en-5k	5k	y	0.6130	3
en	1	belebele	ur	en	n	condition-1-en-20k	20k	y	0.6144	1
en	1	belebele	ur	es	n	baseline		n	0.5389	1
en	1	belebele	ur	es	n	condition-1-en-5k	5k	n	0.5356	3
en	1	belebele	ur	es	n	condition-1-en-20k	20k	n	0.5389	1
en	1	belebele	ur	ur	y	baseline		n	0.5289	1
en	1	belebele	ur	ur	y	condition-1-en-5k	5k	n	0.5367	3
en	1	belebele	ur	ur	y	condition-1-en-20k	20k	n	0.5233	1
en	1	belebele	ur	zh	n	baseline		n	0.5922	1
en	1	belebele	ur	zh	n	condition-1-en-5k	5k	n	0.5996	3
en	1	belebele	ur	zh	n	condition-1-en-20k	20k	n	0.5944	1
en	1	belebele	zh	en	n	baseline		n	0.7500	1
en	1	belebele	zh	en	n	condition-1-en-5k	5k	y	0.7596	3
en	1	belebele	zh	en	n	condition-1-en-20k	20k	y	0.7600	1
en	1	belebele	zh	es	n	baseline		n	0.7033	1
en	1	belebele	zh	es	n	condition-1-en-5k	5k	n	0.7044	3
en	1	belebele	zh	es	n	condition-1-en-20k	20k	n	0.7011	1
en	1	belebele	zh	ur	n	baseline		n	0.7011	1
en	1	belebele	zh	ur	n	condition-1-en-5k	5k	n	0.7144	3
en	1	belebele	zh	ur	n	condition-1-en-20k	20k	n	0.7044	1
en	1	belebele	zh	zh	y	baseline		n	0.7756	1
en	1	belebele	zh	zh	y	condition-1-en-5k	5k	n	0.7752	3
en	1	belebele	zh	zh	y	condition-1-en-20k	20k	n	0.7656	1
en	1	csqa	en	en	y	baseline		n	0.6070	1
en	1	csqa	en	en	y	condition-1-en-5k	5k	y	0.6120	3
en	1	csqa	en	en	y	condition-1-en-20k	20k	y	0.6150	1
en	1	csqa	en	es	n	baseline		n	0.6040	1
en	1	csqa	en	es	n	condition-1-en-5k	5k	n	0.6117	3
en	1	csqa	en	es	n	condition-1-en-20k	20k	n	0.6140	1
en	1	csqa	en	ur	n	baseline		n	0.5850	1
en	1	csqa	en	ur	n	condition-1-en-5k	5k	n	0.5920	3
en	1	csqa	en	ur	n	condition-1-en-20k	20k	n	0.5930	1
en	1	csqa	en	zh	n	baseline		n	0.6410	1
en	1	csqa	en	zh	n	condition-1-en-5k	5k	n	0.6447	3
en	1	csqa	en	zh	n	condition-1-en-20k	20k	n	0.6520	1
en	1	csqa	es	en	n	baseline		n	0.5240	1
en	1	csqa	es	en	n	condition-1-en-5k	5k	y	0.5303	3
en	1	csqa	es	en	n	condition-1-en-20k	20k	y	0.5370	1
en	1	csqa	es	es	y	baseline		n	0.5290	1
en	1	csqa	es	es	y	condition-1-en-5k	5k	n	0.5333	3
en	1	csqa	es	es	y	condition-1-en-20k	20k	n	0.5230	1
en	1	csqa	es	ur	n	baseline		n	0.4730	1
en	1	csqa	es	ur	n	condition-1-en-5k	5k	n	0.4823	3
en	1	csqa	es	ur	n	condition-1-en-20k	20k	n	0.4830	1
en	1	csqa	es	zh	n	baseline		n	0.5470	1
en	1	csqa	es	zh	n	condition-1-en-5k	5k	n	0.5480	3
en	1	csqa	es	zh	n	condition-1-en-20k	20k	n	0.5530	1
en	1	csqa	ur	en	n	baseline		n	0.4240	1
en	1	csqa	ur	en	n	condition-1-en-5k	5k	y	0.4237	3
en	1	csqa	ur	en	n	condition-1-en-20k	20k	y	0.4320	1
en	1	csqa	ur	es	n	baseline		n	0.3960	1
en	1	csqa	ur	es	n	condition-1-en-5k	5k	n	0.3970	3
en	1	csqa	ur	es	n	condition-1-en-20k	20k	n	0.3940	1
en	1	csqa	ur	ur	y	baseline		n	0.4040	1
en	1	csqa	ur	ur	y	condition-1-en-5k	5k	n	0.4090	3
en	1	csqa	ur	ur	y	condition-1-en-20k	20k	n	0.4020	1
en	1	csqa	ur	zh	n	baseline		n	0.3760	1
en	1	csqa	ur	zh	n	condition-1-en-5k	5k	n	0.3867	3
en	1	csqa	ur	zh	n	condition-1-en-20k	20k	n	0.3960	1
en	1	csqa	zh	en	n	baseline		n	0.5450	1
en	1	csqa	zh	en	n	condition-1-en-5k	5k	y	0.5527	3
en	1	csqa	zh	en	n	condition-1-en-20k	20k	y	0.5490	1
en	1	csqa	zh	es	n	baseline		n	0.5000	1
en	1	csqa	zh	es	n	condition-1-en-5k	5k	n	0.5067	3
en	1	csqa	zh	es	n	condition-1-en-20k	20k	n	0.5110	1
en	1	csqa	zh	ur	n	baseline		n	0.4810	1
en	1	csqa	zh	ur	n	condition-1-en-5k	5k	n	0.4820	3
en	1	csqa	zh	ur	n	condition-1-en-20k	20k	n	0.4830	1
en	1	csqa	zh	zh	y	baseline		n	0.5340	1
en	1	csqa	zh	zh	y	condition-1-en-5k	5k	n	0.5267	3
en	1	csqa	zh	zh	y	condition-1-en-20k	20k	n	0.5360	1
en	1	sib200	en	en	y	baseline		n	0.7549	1
en	1	sib200	en	en	y	condition-1-en-5k	5k	y	0.7533	3
en	1	sib200	en	en	y	condition-1-en-20k	20k	y	0.7549	1
en	1	sib200	en	es	n	baseline		n	0.6618	1
en	1	sib200	en	es	n	condition-1-en-5k	5k	n	0.6487	3
en	1	sib200	en	es	n	condition-1-en-20k	20k	n	0.6176	1
en	1	sib200	en	ur	n	baseline		n	0.4951	1
en	1	sib200	en	ur	n	condition-1-en-5k	5k	n	0.4804	3
en	1	sib200	en	ur	n	condition-1-en-20k	20k	n	0.4951	1
en	1	sib200	en	zh	n	baseline		n	0.7157	1
en	1	sib200	en	zh	n	condition-1-en-5k	5k	n	0.7059	3
en	1	sib200	en	zh	n	condition-1-en-20k	20k	n	0.6961	1
en	1	sib200	es	en	n	baseline		n	0.7745	1
en	1	sib200	es	en	n	condition-1-en-5k	5k	y	0.7582	3
en	1	sib200	es	en	n	condition-1-en-20k	20k	y	0.7745	1
en	1	sib200	es	es	y	baseline		n	0.6520	1
en	1	sib200	es	es	y	condition-1-en-5k	5k	n	0.6389	3
en	1	sib200	es	es	y	condition-1-en-20k	20k	n	0.6029	1
en	1	sib200	es	ur	n	baseline		n	0.5343	1
en	1	sib200	es	ur	n	condition-1-en-5k	5k	n	0.4935	3
en	1	sib200	es	ur	n	condition-1-en-20k	20k	n	0.5147	1
en	1	sib200	es	zh	n	baseline		n	0.6373	1
en	1	sib200	es	zh	n	condition-1-en-5k	5k	n	0.6324	3
en	1	sib200	es	zh	n	condition-1-en-20k	20k	n	0.6225	1
en	1	sib200	ur	en	n	baseline		n	0.7255	1
en	1	sib200	ur	en	n	condition-1-en-5k	5k	y	0.6895	3
en	1	sib200	ur	en	n	condition-1-en-20k	20k	y	0.6863	1
en	1	sib200	ur	es	n	baseline		n	0.5343	1
en	1	sib200	ur	es	n	condition-1-en-5k	5k	n	0.5180	3
en	1	sib200	ur	es	n	condition-1-en-20k	20k	n	0.5000	1
en	1	sib200	ur	ur	y	baseline		n	0.5735	1
en	1	sib200	ur	ur	y	condition-1-en-5k	5k	n	0.5588	3
en	1	sib200	ur	ur	y	condition-1-en-20k	20k	n	0.5686	1
en	1	sib200	ur	zh	n	baseline		n	0.5735	1
en	1	sib200	ur	zh	n	condition-1-en-5k	5k	n	0.5539	3
en	1	sib200	ur	zh	n	condition-1-en-20k	20k	n	0.5245	1
en	1	sib200	zh	en	n	baseline		n	0.7892	1
en	1	sib200	zh	en	n	condition-1-en-5k	5k	y	0.7500	3
en	1	sib200	zh	en	n	condition-1-en-20k	20k	y	0.7647	1
en	1	sib200	zh	es	n	baseline		n	0.5882	1
en	1	sib200	zh	es	n	condition-1-en-5k	5k	n	0.5735	3
en	1	sib200	zh	es	n	condition-1-en-20k	20k	n	0.5490	1
en	1	sib200	zh	ur	n	baseline		n	0.5294	1
en	1	sib200	zh	ur	n	condition-1-en-5k	5k	n	0.5245	3
en	1	sib200	zh	ur	n	condition-1-en-20k	20k	n	0.5294	1
en	1	sib200	zh	zh	y	baseline		n	0.6667	1
en	1	sib200	zh	zh	y	condition-1-en-5k	5k	n	0.6650	3
en	1	sib200	zh	zh	y	condition-1-en-20k	20k	n	0.6471	1
en	1	xnli	en	en	y	baseline		n	0.4998	1
en	1	xnli	en	en	y	condition-1-en-5k	5k	y	0.5226	3
en	1	xnli	en	en	y	condition-1-en-20k	20k	y	0.5166	1
en	1	xnli	en	es	n	baseline		n	0.3980	1
en	1	xnli	en	es	n	condition-1-en-5k	5k	n	0.4161	3
en	1	xnli	en	es	n	condition-1-en-20k	20k	n	0.4457	1
en	1	xnli	en	ur	n	baseline		n	0.3816	1
en	1	xnli	en	ur	n	condition-1-en-5k	5k	n	0.4253	3
en	1	xnli	en	ur	n	condition-1-en-20k	20k	n	0.4677	1
en	1	xnli	en	zh	n	baseline		n	0.3333	1
en	1	xnli	en	zh	n	condition-1-en-5k	5k	n	0.3340	3
en	1	xnli	en	zh	n	condition-1-en-20k	20k	n	0.3329	1
en	1	xnli	es	en	n	baseline		n	0.4525	1
en	1	xnli	es	en	n	condition-1-en-5k	5k	y	0.4687	3
en	1	xnli	es	en	n	condition-1-en-20k	20k	y	0.4677	1
en	1	xnli	es	es	y	baseline		n	0.4547	1
en	1	xnli	es	es	y	condition-1-en-5k	5k	n	0.4623	3
en	1	xnli	es	es	y	condition-1-en-20k	20k	n	0.4758	1
en	1	xnli	es	ur	n	baseline		n	0.3433	1
en	1	xnli	es	ur	n	condition-1-en-5k	5k	n	0.3516	3
en	1	xnli	es	ur	n	condition-1-en-20k	20k	n	0.3752	1
en	1	xnli	es	zh	n	baseline		n	0.3337	1
en	1	xnli	es	zh	n	condition-1-en-5k	5k	n	0.3343	3
en	1	xnli	es	zh	n	condition-1-en-20k	20k	n	0.3337	1
en	1	xnli	ur	en	n	baseline		n	0.4343	1
en	1	xnli	ur	en	n	condition-1-en-5k	5k	y	0.4375	3
en	1	xnli	ur	en	n	condition-1-en-20k	20k	y	0.4379	1
en	1	xnli	ur	es	n	baseline		n	0.3727	1
en	1	xnli	ur	es	n	condition-1-en-5k	5k	n	0.3844	3
en	1	xnli	ur	es	n	condition-1-en-20k	20k	n	0.4060	1
en	1	xnli	ur	ur	y	baseline		n	0.3327	1
en	1	xnli	ur	ur	y	condition-1-en-5k	5k	n	0.3336	3
en	1	xnli	ur	ur	y	condition-1-en-20k	20k	n	0.3403	1
en	1	xnli	ur	zh	n	baseline		n	0.3311	1
en	1	xnli	ur	zh	n	condition-1-en-5k	5k	n	0.3331	3
en	1	xnli	ur	zh	n	condition-1-en-20k	20k	n	0.3333	1
en	1	xnli	zh	en	n	baseline		n	0.3906	1
en	1	xnli	zh	en	n	condition-1-en-5k	5k	y	0.4034	3
en	1	xnli	zh	en	n	condition-1-en-20k	20k	y	0.4120	1
en	1	xnli	zh	es	n	baseline		n	0.3333	1
en	1	xnli	zh	es	n	condition-1-en-5k	5k	n	0.3333	3
en	1	xnli	zh	es	n	condition-1-en-20k	20k	n	0.3337	1
en	1	xnli	zh	ur	n	baseline		n	0.3345	1
en	1	xnli	zh	ur	n	condition-1-en-5k	5k	n	0.3373	3
en	1	xnli	zh	ur	n	condition-1-en-20k	20k	n	0.3423	1
en	1	xnli	zh	zh	y	baseline		n	0.3329	1
en	1	xnli	zh	zh	y	condition-1-en-5k	5k	n	0.3349	3
en	1	xnli	zh	zh	y	condition-1-en-20k	20k	n	0.3331	1
en	2	belebele	en	en	y	baseline		n	0.7822	1
en	2	belebele	en	en	y	condition-1-en-5k	5k	y	0.7870	3
en	2	belebele	en	en	y	condition-1-en-20k	20k	y	0.7922	1
en	2	belebele	en	es	n	baseline		n	0.7756	1
en	2	belebele	en	es	n	condition-1-en-5k	5k	n	0.7830	3
en	2	belebele	en	es	n	condition-1-en-20k	20k	n	0.7789	1
en	2	belebele	en	ur	n	baseline		n	0.7489	1
en	2	belebele	en	ur	n	condition-1-en-5k	5k	n	0.7611	3
en	2	belebele	en	ur	n	condition-1-en-20k	20k	n	0.7600	1
en	2	belebele	en	zh	n	baseline		n	0.8000	1
en	2	belebele	en	zh	n	condition-1-en-5k	5k	n	0.8015	3
en	2	belebele	en	zh	n	condition-1-en-20k	20k	n	0.7967	1
en	2	belebele	es	en	n	baseline		n	0.7011	1
en	2	belebele	es	en	n	condition-1-en-5k	5k	y	0.7096	3
en	2	belebele	es	en	n	condition-1-en-20k	20k	y	0.7189	1
en	2	belebele	es	es	y	baseline		n	0.6989	1
en	2	belebele	es	es	y	condition-1-en-5k	5k	n	0.6952	3
en	2	belebele	es	es	y	condition-1-en-20k	20k	n	0.6833	1
en	2	belebele	es	ur	n	baseline		n	0.6389	1
en	2	belebele	es	ur	n	condition-1-en-5k	5k	n	0.6456	3
en	2	belebele	es	ur	n	condition-1-en-20k	20k	n	0.6422	1
en	2	belebele	es	zh	n	baseline		n	0.7167	1
en	2	belebele	es	zh	n	condition-1-en-5k	5k	n	0.7193	3
en	2	belebele	es	zh	n	condition-1-en-20k	20k	n	0.7156	1
en	2	belebele	ur	en	n	baseline		n	0.6144	1
en	2	belebele	ur	en	n	condition-1-en-5k	5k	y	0.6200	3
en	2	belebele	ur	en	n	condition-1-en-20k	20k	y	0.6222	1
en	2	belebele	ur	es	n	baseline		n	0.5544	1
en	2	belebele	ur	es	n	condition-1-en-5k	5k	n	0.5622	3
en	2	belebele	ur	es	n	condition-1-en-20k	20k	n	0.5656	1
en	2	belebele	ur	ur	y	baseline		n	0.5233	1
en	2	belebele	ur	ur	y	condition-1-en-5k	5k	n	0.5256	3
en	2	belebele	ur	ur	y	condition-1-en-20k	20k	n	0.5156	1
en	2	belebele	ur	zh	n	baseline		n	0.6067	1
en	2	belebele	ur	zh	n	condition-1-en-5k	5k	n	0.6030	3
en	2	belebele	ur	zh	n	condition-1-en-20k	20k	n	0.6056	1
en	2	belebele	zh	en	n	baseline		n	0.7589	1
en	2	belebele	zh	en	n	condition-1-en-5k	5k	y	0.7637	3
en	2	belebele	zh	en	n	condition-1-en-20k	20k	y	0.7622	1
en	2	belebele	zh	es	n	baseline		n	0.7367	1
en	2	belebele	zh	es	n	condition-1-en-5k	5k	n	0.7352	3
en	2	belebele	zh	es	n	condition-1-en-20k	20k	n	0.7344	1
en	2	belebele	zh	ur	n	baseline		n	0.7000	1
en	2	belebele	zh	ur	n	condition-1-en-5k	5k	n	0.7093	3
en	2	belebele	zh	ur	n	condition-1-en-20k	20k	n	0.7033	1
en	2	belebele	zh	zh	y	baseline		n	0.7611	1
en	2	belebele	zh	zh	y	condition-1-en-5k	5k	n	0.7578	3
en	2	belebele	zh	zh	y	condition-1-en-20k	20k	n	0.7633	1
en	2	csqa	en	en	y	baseline		n	0.6070	1
en	2	csqa	en	en	y	condition-1-en-5k	5k	y	0.6113	3
en	2	csqa	en	en	y	condition-1-en-20k	20k	y	0.6160	1
en	2	csqa	en	es	n	baseline		n	0.6230	1
en	2	csqa	en	es	n	condition-1-en-5k	5k	n	0.6187	3
en	2	csqa	en	es	n	condition-1-en-20k	20k	n	0.6210	1
en	2	csqa	en	ur	n	baseline		n	0.5790	1
en	2	csqa	en	ur	n	condition-1-en-5k	5k	n	0.5860	3
en	2	csqa	en	ur	n	condition-1-en-20k	20k	n	0.5820	1
en	2	csqa	en	zh	n	baseline		n	0.6310	1
en	2	csqa	en	zh	n	condition-1-en-5k	5k	n	0.6363	3
en	2	csqa	en	zh	n	condition-1-en-20k	20k	n	0.6340	1
en	2	csqa	es	en	n	baseline		n	0.5170	1
en	2	csqa	es	en	n	condition-1-en-5k	5k	y	0.5260	3
en	2	csqa	es	en	n	condition-1-en-20k	20k	y	0.5270	1
en	2	csqa	es	es	y	baseline		n	0.5320	1
en	2	csqa	es	es	y	condition-1-en-5k	5k	n	0.5340	3
en	2	csqa	es	es	y	condition-1-en-20k	20k	n	0.5350	1
en	2	csqa	es	ur	n	baseline		n	0.4800	1
en	2	csqa	es	ur	n	condition-1-en-5k	5k	n	0.4830	3
en	2	csqa	es	ur	n	condition-1-en-20k	20k	n	0.4830	1
en	2	csqa	es	zh	n	baseline		n	0.5300	1
en	2	csqa	es	zh	n	condition-1-en-5k	5k	n	0.5293	3
en	2	csqa	es	zh	n	condition-1-en-20k	20k	n	0.5350	1
en	2	csqa	ur	en	n	baseline		n	0.4170	1
en	2	csqa	ur	en	n	condition-1-en-5k	5k	y	0.4197	3
en	2	csqa	ur	en	n	condition-1-en-20k	20k	y	0.4210	1
en	2	csqa	ur	es	n	baseline		n	0.3930	1
en	2	csqa	ur	es	n	condition-1-en-5k	5k	n	0.3940	3
en	2	csqa	ur	es	n	condition-1-en-20k	20k	n	0.3920	1
en	2	csqa	ur	ur	y	baseline		n	0.3920	1
en	2	csqa	ur	ur	y	condition-1-en-5k	5k	n	0.3920	3
en	2	csqa	ur	ur	y	condition-1-en-20k	20k	n	0.4000	1
en	2	csqa	ur	zh	n	baseline		n	0.4020	1
en	2	csqa	ur	zh	n	condition-1-en-5k	5k	n	0.4030	3
en	2	csqa	ur	zh	n	condition-1-en-20k	20k	n	0.4080	1
en	2	csqa	zh	en	n	baseline		n	0.5320	1
en	2	csqa	zh	en	n	condition-1-en-5k	5k	y	0.5323	3
en	2	csqa	zh	en	n	condition-1-en-20k	20k	y	0.5410	1
en	2	csqa	zh	es	n	baseline		n	0.5100	1
en	2	csqa	zh	es	n	condition-1-en-5k	5k	n	0.5043	3
en	2	csqa	zh	es	n	condition-1-en-20k	20k	n	0.5040	1
en	2	csqa	zh	ur	n	baseline		n	0.4660	1
en	2	csqa	zh	ur	n	condition-1-en-5k	5k	n	0.4663	3
en	2	csqa	zh	ur	n	condition-1-en-20k	20k	n	0.4750	1
en	2	csqa	zh	zh	y	baseline		n	0.5320	1
en	2	csqa	zh	zh	y	condition-1-en-5k	5k	n	0.5343	3
en	2	csqa	zh	zh	y	condition-1-en-20k	20k	n	0.5370	1
en	2	sib200	en	en	y	baseline		n	0.7206	1
en	2	sib200	en	en	y	condition-1-en-5k	5k	y	0.7092	3
en	2	sib200	en	en	y	condition-1-en-20k	20k	y	0.6863	1
en	2	sib200	en	es	n	baseline		n	0.5539	1
en	2	sib200	en	es	n	condition-1-en-5k	5k	n	0.5131	3
en	2	sib200	en	es	n	condition-1-en-20k	20k	n	0.4657	1
en	2	sib200	en	ur	n	baseline		n	0.3971	1
en	2	sib200	en	ur	n	condition-1-en-5k	5k	n	0.4232	3
en	2	sib200	en	ur	n	condition-1-en-20k	20k	n	0.4559	1
en	2	sib200	en	zh	n	baseline		n	0.6520	1
en	2	sib200	en	zh	n	condition-1-en-5k	5k	n	0.6503	3
en	2	sib200	en	zh	n	condition-1-en-20k	20k	n	0.6373	1
en	2	sib200	es	en	n	baseline		n	0.6765	1
en	2	sib200	es	en	n	condition-1-en-5k	5k	y	0.6585	3
en	2	sib200	es	en	n	condition-1-en-20k	20k	y	0.6422	1
en	2	sib200	es	es	y	baseline		n	0.5147	1
en	2	sib200	es	es	y	condition-1-en-5k	5k	n	0.5000	3
en	2	sib200	es	es	y	condition-1-en-20k	20k	n	0.4608	1
en	2	sib200	es	ur	n	baseline		n	0.3088	1
en	2	sib200	es	ur	n	condition-1-en-5k	5k	n	0.3693	3
en	2	sib200	es	ur	n	condition-1-en-20k	20k	n	0.4118	1
en	2	sib200	es	zh	n	baseline		n	0.5931	1
en	2	sib200	es	zh	n	condition-1-en-5k	5k	n	0.5752	3
en	2	sib200	es	zh	n	condition-1-en-20k	20k	n	0.5833	1
en	2	sib200	ur	en	n	baseline		n	0.6814	1
en	2	sib200	ur	en	n	condition-1-en-5k	5k	y	0.6667	3
en	2	sib200	ur	en	n	condition-1-en-20k	20k	y	0.6471	1
en	2	sib200	ur	es	n	baseline		n	0.6127	1
en	2	sib200	ur	es	n	condition-1-en-5k	5k	n	0.5637	3
en	2	sib200	ur	es	n	condition-1-en-20k	20k	n	0.5196	1
en	2	sib200	ur	ur	y	baseline		n	0.5294	1
en	2	sib200	ur	ur	y	condition-1-en-5k	5k	n	0.5441	3
en	2	sib200	ur	ur	y	condition-1-en-20k	20k	n	0.5637	1
en	2	sib200	ur	zh	n	baseline		n	0.5343	1
en	2	sib200	ur	zh	n	condition-1-en-5k	5k	n	0.5294	3
en	2	sib200	ur	zh	n	condition-1-en-20k	20k	n	0.5049	1
en	2	sib200	zh	en	n	baseline		n	0.6961	1
en	2	sib200	zh	en	n	condition-1-en-5k	5k	y	0.6716	3
en	2	sib200	zh	en	n	condition-1-en-20k	20k	y	0.6324	1
en	2	sib200	zh	es	n	baseline		n	0.5588	1
en	2	sib200	zh	es	n	condition-1-en-5k	5k	n	0.5376	3
en	2	sib200	zh	es	n	condition-1-en-20k	20k	n	0.5196	1
en	2	sib200	zh	ur	n	baseline		n	0.3971	1
en	2	sib200	zh	ur	n	condition-1-en-5k	5k	n	0.4853	3
en	2	sib200	zh	ur	n	condition-1-en-20k	20k	n	0.4951	1
en	2	sib200	zh	zh	y	baseline		n	0.6225	1
en	2	sib200	zh	zh	y	condition-1-en-5k	5k	n	0.6242	3
en	2	sib200	zh	zh	y	condition-1-en-20k	20k	n	0.6176	1
en	2	xnli	en	en	y	baseline		n	0.3786	1
en	2	xnli	en	en	y	condition-1-en-5k	5k	y	0.3565	3
en	2	xnli	en	en	y	condition-1-en-20k	20k	y	0.3447	1
en	2	xnli	en	es	n	baseline		n	0.3806	1
en	2	xnli	en	es	n	condition-1-en-5k	5k	n	0.3904	3
en	2	xnli	en	es	n	condition-1-en-20k	20k	n	0.3752	1
en	2	xnli	en	ur	n	baseline		n	0.2589	1
en	2	xnli	en	ur	n	condition-1-en-5k	5k	n	0.2512	3
en	2	xnli	en	ur	n	condition-1-en-20k	20k	n	0.2493	1
en	2	xnli	en	zh	n	baseline		n	0.3337	1
en	2	xnli	en	zh	n	condition-1-en-5k	5k	n	0.3840	3
en	2	xnli	en	zh	n	condition-1-en-20k	20k	n	0.3271	1
en	2	xnli	es	en	n	baseline		n	0.3661	1
en	2	xnli	es	en	n	condition-1-en-5k	5k	y	0.3547	3
en	2	xnli	es	en	n	condition-1-en-20k	20k	y	0.3441	1
en	2	xnli	es	es	y	baseline		n	0.3770	1
en	2	xnli	es	es	y	condition-1-en-5k	5k	n	0.3766	3
en	2	xnli	es	es	y	condition-1-en-20k	20k	n	0.3607	1
en	2	xnli	es	ur	n	baseline		n	0.3319	1
en	2	xnli	es	ur	n	condition-1-en-5k	5k	n	0.3191	3
en	2	xnli	es	ur	n	condition-1-en-20k	20k	n	0.3140	1
en	2	xnli	es	zh	n	baseline		n	0.2369	1
en	2	xnli	es	zh	n	condition-1-en-5k	5k	n	0.3463	3
en	2	xnli	es	zh	n	condition-1-en-20k	20k	n	0.2715	1
en	2	xnli	ur	en	n	baseline		n	0.3357	1
en	2	xnli	ur	en	n	condition-1-en-5k	5k	y	0.3330	3
en	2	xnli	ur	en	n	condition-1-en-20k	20k	y	0.3325	1
en	2	xnli	ur	es	n	baseline		n	0.2499	1
en	2	xnli	ur	es	n	condition-1-en-5k	5k	n	0.3744	3
en	2	xnli	ur	es	n	condition-1-en-20k	20k	n	0.3697	1
en	2	xnli	ur	ur	y	baseline		n	0.3228	1
en	2	xnli	ur	ur	y	condition-1-en-5k	5k	n	0.3246	3
en	2	xnli	ur	ur	y	condition-1-en-20k	20k	n	0.3248	1
en	2	xnli	ur	zh	n	baseline		n	0.2078	1
en	2	xnli	ur	zh	n	condition-1-en-5k	5k	n	0.2758	3
en	2	xnli	ur	zh	n	condition-1-en-20k	20k	n	0.2629	1
en	2	xnli	zh	en	n	baseline		n	0.4649	1
en	2	xnli	zh	en	n	condition-1-en-5k	5k	y	0.4415	3
en	2	xnli	zh	en	n	condition-1-en-20k	20k	y	0.4042	1
en	2	xnli	zh	es	n	baseline		n	0.3637	1
en	2	xnli	zh	es	n	condition-1-en-5k	5k	n	0.3677	3
en	2	xnli	zh	es	n	condition-1-en-20k	20k	n	0.3870	1
en	2	xnli	zh	ur	n	baseline		n	0.3341	1
en	2	xnli	zh	ur	n	condition-1-en-5k	5k	n	0.3365	3
en	2	xnli	zh	ur	n	condition-1-en-20k	20k	n	0.3363	1
en	2	xnli	zh	zh	y	baseline		n	0.2491	1
en	2	xnli	zh	zh	y	condition-1-en-5k	5k	n	0.2910	3
en	2	xnli	zh	zh	y	condition-1-en-20k	20k	n	0.2868	1
zh	1	belebele	en	en	y	baseline		n	0.7678	1
zh	1	belebele	en	en	y	condition-1-en-5k	5k	y	0.7781	3
zh	1	belebele	en	en	y	condition-1-en-20k	20k	y	0.7767	1
zh	1	belebele	en	en	y	condition-2-zh-5k	5k	n	0.7796	3
zh	1	belebele	en	en	y	condition-2-zh-20k	20k	n	0.7889	1
zh	1	belebele	en	en	y	condition-3-zh-5k	5k	n	0.7911	1
zh	1	belebele	en	en	y	condition-5-zh-5k	5k	n	0.7778	1
zh	1	belebele	en	es	n	baseline		n	0.7611	1
zh	1	belebele	en	es	n	condition-1-en-5k	5k	n	0.7604	3
zh	1	belebele	en	es	n	condition-1-en-20k	20k	n	0.7611	1
zh	1	belebele	en	ur	n	baseline		n	0.7411	1
zh	1	belebele	en	ur	n	condition-1-en-5k	5k	n	0.7548	3
zh	1	belebele	en	ur	n	condition-1-en-20k	20k	n	0.7611	1
zh	1	belebele	en	zh	n	baseline		n	0.7889	1
zh	1	belebele	en	zh	n	condition-1-en-5k	5k	n	0.7885	3
zh	1	belebele	en	zh	n	condition-1-en-20k	20k	n	0.7900	1
zh	1	belebele	en	zh	n	condition-2-zh-5k	5k	y	0.8007	3
zh	1	belebele	en	zh	n	condition-2-zh-20k	20k	y	0.7978	1
zh	1	belebele	en	zh	n	condition-3-zh-5k	5k	y	0.7889	1
zh	1	belebele	en	zh	n	condition-5-zh-5k	5k	y	0.8056	1
zh	1	belebele	es	en	n	baseline		n	0.6911	1
zh	1	belebele	es	en	n	condition-1-en-5k	5k	y	0.7000	3
zh	1	belebele	es	en	n	condition-1-en-20k	20k	y	0.7000	1
zh	1	belebele	es	en	n	condition-2-zh-5k	5k	n	0.7048	3
zh	1	belebele	es	en	n	condition-2-zh-20k	20k	n	0.6978	1
zh	1	belebele	es	en	n	condition-3-zh-5k	5k	n	0.7056	1
zh	1	belebele	es	en	n	condition-5-zh-5k	5k	n	0.7044	1
zh	1	belebele	es	es	y	baseline		n	0.6722	1
zh	1	belebele	es	es	y	condition-1-en-5k	5k	n	0.6719	3
zh	1	belebele	es	es	y	condition-1-en-20k	20k	n	0.6667	1
zh	1	belebele	es	ur	n	baseline		n	0.6389	1
zh	1	belebele	es	ur	n	condition-1-en-5k	5k	n	0.6422	3
zh	1	belebele	es	ur	n	condition-1-en-20k	20k	n	0.6344	1
zh	1	belebele	es	zh	n	baseline		n	0.6956	1
zh	1	belebele	es	zh	n	condition-1-en-5k	5k	n	0.6937	3
zh	1	belebele	es	zh	n	condition-1-en-20k	20k	n	0.6989	1
zh	1	belebele	es	zh	n	condition-2-zh-5k	5k	y	0.7333	3
zh	1	belebele	es	zh	n	condition-2-zh-20k	20k	y	0.7144	1
zh	1	belebele	es	zh	n	condition-3-zh-5k	5k	y	0.7133	1
zh	1	belebele	es	zh	n	condition-5-zh-5k	5k	y	0.7478	1
zh	1	belebele	ur	en	n	baseline		n	0.6044	1
zh	1	belebele	ur	en	n	condition-1-en-5k	5k	y	0.6130	3
zh	1	belebele	ur	en	n	condition-1-en-20k	20k	y	0.6144	1
zh	1	belebele	ur	en	n	condition-2-zh-5k	5k	n	0.6167	3
zh	1	belebele	ur	en	n	condition-2-zh-20k	20k	n	0.6156	1
zh	1	belebele	ur	en	n	condition-3-zh-5k	5k	n	0.6100	1
zh	1	belebele	ur	en	n	condition-5-zh-5k	5k	n	0.6189	1
zh	1	belebele	ur	es	n	baseline		n	0.5389	1
zh	1	belebele	ur	es	n	condition-1-en-5k	5k	n	0.5356	3
zh	1	belebele	ur	es	n	condition-1-en-20k	20k	n	0.5389	1
zh	1	belebele	ur	ur	y	baseline		n	0.5289	1
zh	1	belebele	ur	ur	y	condition-1-en-5k	5k	n	0.5367	3
zh	1	belebele	ur	ur	y	condition-1-en-20k	20k	n	0.5233	1
zh	1	belebele	ur	zh	n	baseline		n	0.5922	1
zh	1	belebele	ur	zh	n	condition-1-en-5k	5k	n	0.5996	3
zh	1	belebele	ur	zh	n	condition-1-en-20k	20k	n	0.5944	1
zh	1	belebele	ur	zh	n	condition-2-zh-5k	5k	y	0.6215	3
zh	1	belebele	ur	zh	n	condition-2-zh-20k	20k	y	0.6278	1
zh	1	belebele	ur	zh	n	condition-3-zh-5k	5k	y	0.6144	1
zh	1	belebele	ur	zh	n	condition-5-zh-5k	5k	y	0.6089	1
zh	1	belebele	zh	en	n	baseline		n	0.7500	1
zh	1	belebele	zh	en	n	condition-1-en-5k	5k	y	0.7596	3
zh	1	belebele	zh	en	n	condition-1-en-20k	20k	y	0.7600	1
zh	1	belebele	zh	en	n	condition-2-zh-5k	5k	n	0.7659	3
zh	1	belebele	zh	en	n	condition-2-zh-20k	20k	n	0.7700	1
zh	1	belebele	zh	en	n	condition-3-zh-5k	5k	n	0.7644	1
zh	1	belebele	zh	en	n	condition-5-zh-5k	5k	n	0.7633	1
zh	1	belebele	zh	es	n	baseline		n	0.7033	1
zh	1	belebele	zh	es	n	condition-1-en-5k	5k	n	0.7044	3
zh	1	belebele	zh	es	n	condition-1-en-20k	20k	n	0.7011	1
zh	1	belebele	zh	ur	n	baseline		n	0.7011	1
zh	1	belebele	zh	ur	n	condition-1-en-5k	5k	n	0.7144	3
zh	1	belebele	zh	ur	n	condition-1-en-20k	20k	n	0.7044	1
zh	1	belebele	zh	zh	y	baseline		n	0.7756	1
zh	1	belebele	zh	zh	y	condition-1-en-5k	5k	n	0.7752	3
zh	1	belebele	zh	zh	y	condition-1-en-20k	20k	n	0.7656	1
zh	1	belebele	zh	zh	y	condition-2-zh-5k	5k	y	0.7807	3
zh	1	belebele	zh	zh	y	condition-2-zh-20k	20k	y	0.7722	1
zh	1	belebele	zh	zh	y	condition-3-zh-5k	5k	y	0.7789	1
zh	1	belebele	zh	zh	y	condition-5-zh-5k	5k	y	0.7822	1
zh	1	csqa	en	en	y	baseline		n	0.6070	1
zh	1	csqa	en	en	y	condition-1-en-5k	5k	y	0.6120	3
zh	1	csqa	en	en	y	condition-1-en-20k	20k	y	0.6150	1
zh	1	csqa	en	en	y	condition-2-zh-5k	5k	n	0.6027	3
zh	1	csqa	en	en	y	condition-2-zh-20k	20k	n	0.6160	1
zh	1	csqa	en	en	y	condition-3-zh-5k	5k	n	0.6090	1
zh	1	csqa	en	en	y	condition-5-zh-5k	5k	n	0.5920	1
zh	1	csqa	en	es	n	baseline		n	0.6040	1
zh	1	csqa	en	es	n	condition-1-en-5k	5k	n	0.6117	3
zh	1	csqa	en	es	n	condition-1-en-20k	20k	n	0.6140	1
zh	1	csqa	en	ur	n	baseline		n	0.5850	1
zh	1	csqa	en	ur	n	condition-1-en-5k	5k	n	0.5920	3
zh	1	csqa	en	ur	n	condition-1-en-20k	20k	n	0.5930	1
zh	1	csqa	en	zh	n	baseline		n	0.6410	1
zh	1	csqa	en	zh	n	condition-1-en-5k	5k	n	0.6447	3
zh	1	csqa	en	zh	n	condition-1-en-20k	20k	n	0.6520	1
zh	1	csqa	en	zh	n	condition-2-zh-5k	5k	y	0.6440	3
zh	1	csqa	en	zh	n	condition-2-zh-20k	20k	y	0.6460	1
zh	1	csqa	en	zh	n	condition-3-zh-5k	5k	y	0.6440	1
zh	1	csqa	en	zh	n	condition-5-zh-5k	5k	y	0.6160	1
zh	1	csqa	es	en	n	baseline		n	0.5240	1
zh	1	csqa	es	en	n	condition-1-en-5k	5k	y	0.5303	3
zh	1	csqa	es	en	n	condition-1-en-20k	20k	y	0.5370	1
zh	1	csqa	es	en	n	condition-2-zh-5k	5k	n	0.5223	3
zh	1	csqa	es	en	n	condition-2-zh-20k	20k	n	0.5290	1
zh	1	csqa	es	en	n	condition-3-zh-5k	5k	n	0.5500	1
zh	1	csqa	es	en	n	condition-5-zh-5k	5k	n	0.5110	1
zh	1	csqa	es	es	y	baseline		n	0.5290	1
zh	1	csqa	es	es	y	condition-1-en-5k	5k	n	0.5333	3
zh	1	csqa	es	es	y	condition-1-en-20k	20k	n	0.5230	1
zh	1	csqa	es	ur	n	baseline		n	0.4730	1
zh	1	csqa	es	ur	n	condition-1-en-5k	5k	n	0.4823	3
zh	1	csqa	es	ur	n	condition-1-en-20k	20k	n	0.4830	1
zh	1	csqa	es	zh	n	baseline		n	0.5470	1
zh	1	csqa	es	zh	n	condition-1-en-5k	5k	n	0.5480	3
zh	1	csqa	es	zh	n	condition-1-en-20k	20k	n	0.5530	1
zh	1	csqa	es	zh	n	condition-2-zh-5k	5k	y	0.5670	3
zh	1	csqa	es	zh	n	condition-2-zh-20k	20k	y	0.5710	1
zh	1	csqa	es	zh	n	condition-3-zh-5k	5k	y	0.5430	1
zh	1	csqa	es	zh	n	condition-5-zh-5k	5k	y	0.5370	1
zh	1	csqa	ur	en	n	baseline		n	0.4240	1
zh	1	csqa	ur	en	n	condition-1-en-5k	5k	y	0.4237	3
zh	1	csqa	ur	en	n	condition-1-en-20k	20k	y	0.4320	1
zh	1	csqa	ur	en	n	condition-2-zh-5k	5k	n	0.4197	3
zh	1	csqa	ur	en	n	condition-2-zh-20k	20k	n	0.4250	1
zh	1	csqa	ur	en	n	condition-3-zh-5k	5k	n	0.4240	1
zh	1	csqa	ur	en	n	condition-5-zh-5k	5k	n	0.3780	1
zh	1	csqa	ur	es	n	baseline		n	0.3960	1
zh	1	csqa	ur	es	n	condition-1-en-5k	5k	n	0.3970	3
zh	1	csqa	ur	es	n	condition-1-en-20k	20k	n	0.3940	1
zh	1	csqa	ur	ur	y	baseline		n	0.4040	1
zh	1	csqa	ur	ur	y	condition-1-en-5k	5k	n	0.4090	3
zh	1	csqa	ur	ur	y	condition-1-en-20k	20k	n	0.4020	1
zh	1	csqa	ur	zh	n	baseline		n	0.3760	1
zh	1	csqa	ur	zh	n	condition-1-en-5k	5k	n	0.3867	3
zh	1	csqa	ur	zh	n	condition-1-en-20k	20k	n	0.3960	1
zh	1	csqa	ur	zh	n	condition-2-zh-5k	5k	y	0.4287	3
zh	1	csqa	ur	zh	n	condition-2-zh-20k	20k	y	0.4360	1
zh	1	csqa	ur	zh	n	condition-3-zh-5k	5k	y	0.4140	1
zh	1	csqa	ur	zh	n	condition-5-zh-5k	5k	y	0.3990	1
zh	1	csqa	zh	en	n	baseline		n	0.5450	1
zh	1	csqa	zh	en	n	condition-1-en-5k	5k	y	0.5527	3
zh	1	csqa	zh	en	n	condition-1-en-20k	20k	y	0.5490	1
zh	1	csqa	zh	en	n	condition-2-zh-5k	5k	n	0.5433	3
zh	1	csqa	zh	en	n	condition-2-zh-20k	20k	n	0.5520	1
zh	1	csqa	zh	en	n	condition-3-zh-5k	5k	n	0.5570	1
zh	1	csqa	zh	en	n	condition-5-zh-5k	5k	n	0.5160	1
zh	1	csqa	zh	es	n	baseline		n	0.5000	1
zh	1	csqa	zh	es	n	condition-1-en-5k	5k	n	0.5067	3
zh	1	csqa	zh	es	n	condition-1-en-20k	20k	n	0.5110	1
zh	1	csqa	zh	ur	n	baseline		n	0.4810	1
zh	1	csqa	zh	ur	n	condition-1-en-5k	5k	n	0.4820	3
zh	1	csqa	zh	ur	n	condition-1-en-20k	20k	n	0.4830	1
zh	1	csqa	zh	zh	y	baseline		n	0.5340	1
zh	1	csqa	zh	zh	y	condition-1-en-5k	5k	n	0.5267	3
zh	1	csqa	zh	zh	y	condition-1-en-20k	20k	n	0.5360	1
zh	1	csqa	zh	zh	y	condition-2-zh-5k	5k	y	0.5503	3
zh	1	csqa	zh	zh	y	condition-2-zh-20k	20k	y	0.5410	1
zh	1	csqa	zh	zh	y	condition-3-zh-5k	5k	y	0.5410	1
zh	1	csqa	zh	zh	y	condition-5-zh-5k	5k	y	0.5310	1
zh	1	sib200	en	en	y	baseline		n	0.7549	1
zh	1	sib200	en	en	y	condition-1-en-5k	5k	y	0.7533	3
zh	1	sib200	en	en	y	condition-1-en-20k	20k	y	0.7549	1
zh	1	sib200	en	en	y	condition-2-zh-5k	5k	n	0.7647	3
zh	1	sib200	en	en	y	condition-2-zh-20k	20k	n	0.7451	1
zh	1	sib200	en	en	y	condition-3-zh-5k	5k	n	0.7451	1
zh	1	sib200	en	en	y	condition-5-zh-5k	5k	n	0.6569	1
zh	1	sib200	en	es	n	baseline		n	0.6618	1
zh	1	sib200	en	es	n	condition-1-en-5k	5k	n	0.6487	3
zh	1	sib200	en	es	n	condition-1-en-20k	20k	n	0.6176	1
zh	1	sib200	en	ur	n	baseline		n	0.4951	1
zh	1	sib200	en	ur	n	condition-1-en-5k	5k	n	0.4804	3
zh	1	sib200	en	ur	n	condition-1-en-20k	20k	n	0.4951	1
zh	1	sib200	en	zh	n	baseline		n	0.7157	1
zh	1	sib200	en	zh	n	condition-1-en-5k	5k	n	0.7059	3
zh	1	sib200	en	zh	n	condition-1-en-20k	20k	n	0.6961	1
zh	1	sib200	en	zh	n	condition-2-zh-5k	5k	y	0.7092	3
zh	1	sib200	en	zh	n	condition-2-zh-20k	20k	y	0.6667	1
zh	1	sib200	en	zh	n	condition-3-zh-5k	5k	y	0.6814	1
zh	1	sib200	en	zh	n	condition-5-zh-5k	5k	y	0.4559	1
zh	1	sib200	es	en	n	baseline		n	0.7745	1
zh	1	sib200	es	en	n	condition-1-en-5k	5k	y	0.7582	3
zh	1	sib200	es	en	n	condition-1-en-20k	20k	y	0.7745	1
zh	1	sib200	es	en	n	condition-2-zh-5k	5k	n	0.7712	3
zh	1	sib200	es	en	n	condition-2-zh-20k	20k	n	0.7549	1
zh	1	sib200	es	en	n	condition-3-zh-5k	5k	n	0.7402	1
zh	1	sib200	es	en	n	condition-5-zh-5k	5k	n	0.7059	1
zh	1	sib200	es	es	y	baseline		n	0.6520	1
zh	1	sib200	es	es	y	condition-1-en-5k	5k	n	0.6389	3
zh	1	sib200	es	es	y	condition-1-en-20k	20k	n	0.6029	1
zh	1	sib200	es	ur	n	baseline		n	0.5343	1
zh	1	sib200	es	ur	n	condition-1-en-5k	5k	n	0.4935	3
zh	1	sib200	es	ur	n	condition-1-en-20k	20k	n	0.5147	1
zh	1	sib200	es	zh	n	baseline		n	0.6373	1
zh	1	sib200	es	zh	n	condition-1-en-5k	5k	n	0.6324	3
zh	1	sib200	es	zh	n	condition-1-en-20k	20k	n	0.6225	1
zh	1	sib200	es	zh	n	condition-2-zh-5k	5k	y	0.6814	3
zh	1	sib200	es	zh	n	condition-2-zh-20k	20k	y	0.6520	1
zh	1	sib200	es	zh	n	condition-3-zh-5k	5k	y	0.6912	1
zh	1	sib200	es	zh	n	condition-5-zh-5k	5k	y	0.4118	1
zh	1	sib200	ur	en	n	baseline		n	0.7255	1
zh	1	sib200	ur	en	n	condition-1-en-5k	5k	y	0.6895	3
zh	1	sib200	ur	en	n	condition-1-en-20k	20k	y	0.6863	1
zh	1	sib200	ur	en	n	condition-2-zh-5k	5k	n	0.7124	3
zh	1	sib200	ur	en	n	condition-2-zh-20k	20k	n	0.6863	1
zh	1	sib200	ur	en	n	condition-3-zh-5k	5k	n	0.6912	1
zh	1	sib200	ur	en	n	condition-5-zh-5k	5k	n	0.5588	1
zh	1	sib200	ur	es	n	baseline		n	0.5343	1
zh	1	sib200	ur	es	n	condition-1-en-5k	5k	n	0.5180	3
zh	1	sib200	ur	es	n	condition-1-en-20k	20k	n	0.5000	1
zh	1	sib200	ur	ur	y	baseline		n	0.5735	1
zh	1	sib200	ur	ur	y	condition-1-en-5k	5k	n	0.5588	3
zh	1	sib200	ur	ur	y	condition-1-en-20k	20k	n	0.5686	1
zh	1	sib200	ur	zh	n	baseline		n	0.5735	1
zh	1	sib200	ur	zh	n	condition-1-en-5k	5k	n	0.5539	3
zh	1	sib200	ur	zh	n	condition-1-en-20k	20k	n	0.5245	1
zh	1	sib200	ur	zh	n	condition-2-zh-5k	5k	y	0.6389	3
zh	1	sib200	ur	zh	n	condition-2-zh-20k	20k	y	0.5931	1
zh	1	sib200	ur	zh	n	condition-3-zh-5k	5k	y	0.6078	1
zh	1	sib200	ur	zh	n	condition-5-zh-5k	5k	y	0.3186	1
zh	1	sib200	zh	en	n	baseline		n	0.7892	1
zh	1	sib200	zh	en	n	condition-1-en-5k	5k	y	0.7500	3
zh	1	sib200	zh	en	n	condition-1-en-20k	20k	y	0.7647	1
zh	1	sib200	zh	en	n	condition-2-zh-5k	5k	n	0.7582	3
zh	1	sib200	zh	en	n	condition-2-zh-20k	20k	n	0.7598	1
zh	1	sib200	zh	en	n	condition-3-zh-5k	5k	n	0.7549	1
zh	1	sib200	zh	en	n	condition-5-zh-5k	5k	n	0.6422	1
zh	1	sib200	zh	es	n	baseline		n	0.5882	1
zh	1	sib200	zh	es	n	condition-1-en-5k	5k	n	0.5735	3
zh	1	sib200	zh	es	n	condition-1-en-20k	20k	n	0.5490	1
zh	1	sib200	zh	ur	n	baseline		n	0.5294	1
zh	1	sib200	zh	ur	n	condition-1-en-5k	5k	n	0.5245	3
zh	1	sib200	zh	ur	n	condition-1-en-20k	20k	n	0.5294	1
zh	1	sib200	zh	zh	y	baseline		n	0.6667	1
zh	1	sib200	zh	zh	y	condition-1-en-5k	5k	n	0.6650	3
zh	1	sib200	zh	zh	y	condition-1-en-20k	20k	n	0.6471	1
zh	1	sib200	zh	zh	y	condition-2-zh-5k	5k	y	0.6895	3
zh	1	sib200	zh	zh	y	condition-2-zh-20k	20k	y	0.6471	1
zh	1	sib200	zh	zh	y	condition-3-zh-5k	5k	y	0.6863	1
zh	1	sib200	zh	zh	y	condition-5-zh-5k	5k	y	0.5343	1
zh	1	xnli	en	en	y	baseline		n	0.4998	1
zh	1	xnli	en	en	y	condition-1-en-5k	5k	y	0.5226	3
zh	1	xnli	en	en	y	condition-1-en-20k	20k	y	0.5166	1
zh	1	xnli	en	en	y	condition-2-zh-5k	5k	n	0.5124	3
zh	1	xnli	en	en	y	condition-2-zh-20k	20k	n	0.5301	1
zh	1	xnli	en	en	y	condition-3-zh-5k	5k	n	0.5347	1
zh	1	xnli	en	en	y	condition-5-zh-5k	5k	n	0.3731	1
zh	1	xnli	en	es	n	baseline		n	0.3980	1
zh	1	xnli	en	es	n	condition-1-en-5k	5k	n	0.4161	3
zh	1	xnli	en	es	n	condition-1-en-20k	20k	n	0.4457	1
zh	1	xnli	en	ur	n	baseline		n	0.3816	1
zh	1	xnli	en	ur	n	condition-1-en-5k	5k	n	0.4253	3
zh	1	xnli	en	ur	n	condition-1-en-20k	20k	n	0.4677	1
zh	1	xnli	en	zh	n	baseline		n	0.3333	1
zh	1	xnli	en	zh	n	condition-1-en-5k	5k	n	0.3340	3
zh	1	xnli	en	zh	n	condition-1-en-20k	20k	n	0.3329	1
zh	1	xnli	en	zh	n	condition-2-zh-5k	5k	y	0.3329	3
zh	1	xnli	en	zh	n	condition-2-zh-20k	20k	y	0.3333	1
zh	1	xnli	en	zh	n	condition-3-zh-5k	5k	y	0.3325	1
zh	1	xnli	en	zh	n	condition-5-zh-5k	5k	y	0.3545	1
zh	1	xnli	es	en	n	baseline		n	0.4525	1
zh	1	xnli	es	en	n	condition-1-en-5k	5k	y	0.4687	3
zh	1	xnli	es	en	n	condition-1-en-20k	20k	y	0.4677	1
zh	1	xnli	es	en	n	condition-2-zh-5k	5k	n	0.4524	3
zh	1	xnli	es	en	n	condition-2-zh-20k	20k	n	0.4754	1
zh	1	xnli	es	en	n	condition-3-zh-5k	5k	n	0.4858	1
zh	1	xnli	es	en	n	condition-5-zh-5k	5k	n	0.3387	1
zh	1	xnli	es	es	y	baseline		n	0.4547	1
zh	1	xnli	es	es	y	condition-1-en-5k	5k	n	0.4623	3
zh	1	xnli	es	es	y	condition-1-en-20k	20k	n	0.4758	1
zh	1	xnli	es	ur	n	baseline		n	0.3433	1
zh	1	xnli	es	ur	n	condition-1-en-5k	5k	n	0.3516	3
zh	1	xnli	es	ur	n	condition-1-en-20k	20k	n	0.3752	1
zh	1	xnli	es	zh	n	baseline		n	0.3337	1
zh	1	xnli	es	zh	n	condition-1-en-5k	5k	n	0.3343	3
zh	1	xnli	es	zh	n	condition-1-en-20k	20k	n	0.3337	1
zh	1	xnli	es	zh	n	condition-2-zh-5k	5k	y	0.3332	3
zh	1	xnli	es	zh	n	condition-2-zh-20k	20k	y	0.3333	1
zh	1	xnli	es	zh	n	condition-3-zh-5k	5k	y	0.3325	1
zh	1	xnli	es	zh	n	condition-5-zh-5k	5k	y	0.3840	1
zh	1	xnli	ur	en	n	baseline		n	0.4343	1
zh	1	xnli	ur	en	n	condition-1-en-5k	5k	y	0.4375	3
zh	1	xnli	ur	en	n	condition-1-en-20k	20k	y	0.4379	1
zh	1	xnli	ur	en	n	condition-2-zh-5k	5k	n	0.4465	3
zh	1	xnli	ur	en	n	condition-2-zh-20k	20k	n	0.4565	1
zh	1	xnli	ur	en	n	condition-3-zh-5k	5k	n	0.4409	1
zh	1	xnli	ur	en	n	condition-5-zh-5k	5k	n	0.3431	1
zh	1	xnli	ur	es	n	baseline		n	0.3727	1
zh	1	xnli	ur	es	n	condition-1-en-5k	5k	n	0.3844	3
zh	1	xnli	ur	es	n	condition-1-en-20k	20k	n	0.4060	1
zh	1	xnli	ur	ur	y	baseline		n	0.3327	1
zh	1	xnli	ur	ur	y	condition-1-en-5k	5k	n	0.3336	3
zh	1	xnli	ur	ur	y	condition-1-en-20k	20k	n	0.3403	1
zh	1	xnli	ur	zh	n	baseline		n	0.3311	1
zh	1	xnli	ur	zh	n	condition-1-en-5k	5k	n	0.3331	3
zh	1	xnli	ur	zh	n	condition-1-en-20k	20k	n	0.3333	1
zh	1	xnli	ur	zh	n	condition-2-zh-5k	5k	y	0.3346	3
zh	1	xnli	ur	zh	n	condition-2-zh-20k	20k	y	0.3335	1
zh	1	xnli	ur	zh	n	condition-3-zh-5k	5k	y	0.3311	1
zh	1	xnli	ur	zh	n	condition-5-zh-5k	5k	y	0.3377	1
zh	1	xnli	zh	en	n	baseline		n	0.3906	1
zh	1	xnli	zh	en	n	condition-1-en-5k	5k	y	0.4034	3
zh	1	xnli	zh	en	n	condition-1-en-20k	20k	y	0.4120	1
zh	1	xnli	zh	en	n	condition-2-zh-5k	5k	n	0.4078	3
zh	1	xnli	zh	en	n	condition-2-zh-20k	20k	n	0.4126	1
zh	1	xnli	zh	en	n	condition-3-zh-5k	5k	n	0.4429	1
zh	1	xnli	zh	en	n	condition-5-zh-5k	5k	n	0.3737	1
zh	1	xnli	zh	es	n	baseline		n	0.3333	1
zh	1	xnli	zh	es	n	condition-1-en-5k	5k	n	0.3333	3
zh	1	xnli	zh	es	n	condition-1-en-20k	20k	n	0.3337	1
zh	1	xnli	zh	ur	n	baseline		n	0.3345	1
zh	1	xnli	zh	ur	n	condition-1-en-5k	5k	n	0.3373	3
zh	1	xnli	zh	ur	n	condition-1-en-20k	20k	n	0.3423	1
zh	1	xnli	zh	zh	y	baseline		n	0.3329	1
zh	1	xnli	zh	zh	y	condition-1-en-5k	5k	n	0.3349	3
zh	1	xnli	zh	zh	y	condition-1-en-20k	20k	n	0.3331	1
zh	1	xnli	zh	zh	y	condition-2-zh-5k	5k	y	0.3350	3
zh	1	xnli	zh	zh	y	condition-2-zh-20k	20k	y	0.3331	1
zh	1	xnli	zh	zh	y	condition-3-zh-5k	5k	y	0.3323	1
zh	1	xnli	zh	zh	y	condition-5-zh-5k	5k	y	0.3525	1
zh	2	belebele	en	en	y	baseline		n	0.7822	1
zh	2	belebele	en	en	y	condition-1-en-5k	5k	y	0.7870	3
zh	2	belebele	en	en	y	condition-1-en-20k	20k	y	0.7922	1
zh	2	belebele	en	en	y	condition-2-zh-5k	5k	n	0.7870	3
zh	2	belebele	en	en	y	condition-2-zh-20k	20k	n	0.7933	1
zh	2	belebele	en	en	y	condition-3-zh-5k	5k	n	0.7911	1
zh	2	belebele	en	en	y	condition-5-zh-5k	5k	n	0.8044	1
zh	2	belebele	en	es	n	baseline		n	0.7756	1
zh	2	belebele	en	es	n	condition-1-en-5k	5k	n	0.7830	3
zh	2	belebele	en	es	n	condition-1-en-20k	20k	n	0.7789	1
zh	2	belebele	en	ur	n	baseline		n	0.7489	1
zh	2	belebele	en	ur	n	condition-1-en-5k	5k	n	0.7611	3
zh	2	belebele	en	ur	n	condition-1-en-20k	20k	n	0.7600	1
zh	2	belebele	en	zh	n	baseline		n	0.8000	1
zh	2	belebele	en	zh	n	condition-1-en-5k	5k	n	0.8015	3
zh	2	belebele	en	zh	n	condition-1-en-20k	20k	n	0.7967	1
zh	2	belebele	en	zh	n	condition-2-zh-5k	5k	y	0.8119	3
zh	2	belebele	en	zh	n	condition-2-zh-20k	20k	y	0.8022	1
zh	2	belebele	en	zh	n	condition-3-zh-5k	5k	y	0.8022	1
zh	2	belebele	en	zh	n	condition-5-zh-5k	5k	y	0.8144	1
zh	2	belebele	es	en	n	baseline		n	0.7011	1
zh	2	belebele	es	en	n	condition-1-en-5k	5k	y	0.7096	3
zh	2	belebele	es	en	n	condition-1-en-20k	20k	y	0.7189	1
zh	2	belebele	es	en	n	condition-2-zh-5k	5k	n	0.7204	3
zh	2	belebele	es	en	n	condition-2-zh-20k	20k	n	0.7233	1
zh	2	belebele	es	en	n	condition-3-zh-5k	5k	n	0.7222	1
zh	2	belebele	es	en	n	condition-5-zh-5k	5k	n	0.7289	1
zh	2	belebele	es	es	y	baseline		n	0.6989	1
zh	2	belebele	es	es	y	condition-1-en-5k	5k	n	0.6952	3
zh	2	belebele	es	es	y	condition-1-en-20k	20k	n	0.6833	1
zh	2	belebele	es	ur	n	baseline		n	0.6389	1
zh	2	belebele	es	ur	n	condition-1-en-5k	5k	n	0.6456	3
zh	2	belebele	es	ur	n	condition-1-en-20k	20k	n	0.6422	1
zh	2	belebele	es	zh	n	baseline		n	0.7167	1
zh	2	belebele	es	zh	n	condition-1-en-5k	5k	n	0.7193	3
zh	2	belebele	es	zh	n	condition-1-en-20k	20k	n	0.7156	1
zh	2	belebele	es	zh	n	condition-2-zh-5k	5k	y	0.7396	3
zh	2	belebele	es	zh	n	condition-2-zh-20k	20k	y	0.7200	1
zh	2	belebele	es	zh	n	condition-3-zh-5k	5k	y	0.7278	1
zh	2	belebele	es	zh	n	condition-5-zh-5k	5k	y	0.7356	1
zh	2	belebele	ur	en	n	baseline		n	0.6144	1
zh	2	belebele	ur	en	n	condition-1-en-5k	5k	y	0.6200	3
zh	2	belebele	ur	en	n	condition-1-en-20k	20k	y	0.6222	1
zh	2	belebele	ur	en	n	condition-2-zh-5k	5k	n	0.6259	3
zh	2	belebele	ur	en	n	condition-2-zh-20k	20k	n	0.6256	1
zh	2	belebele	ur	en	n	condition-3-zh-5k	5k	n	0.6289	1
zh	2	belebele	ur	en	n	condition-5-zh-5k	5k	n	0.6278	1
zh	2	belebele	ur	es	n	baseline		n	0.5544	1
zh	2	belebele	ur	es	n	condition-1-en-5k	5k	n	0.5622	3
zh	2	belebele	ur	es	n	condition-1-en-20k	20k	n	0.5656	1
zh	2	belebele	ur	ur	y	baseline		n	0.5233	1
zh	2	belebele	ur	ur	y	condition-1-en-5k	5k	n	0.5256	3
zh	2	belebele	ur	ur	y	condition-1-en-20k	20k	n	0.5156	1
zh	2	belebele	ur	zh	n	baseline		n	0.6067	1
zh	2	belebele	ur	zh	n	condition-1-en-5k	5k	n	0.6030	3
zh	2	belebele	ur	zh	n	condition-1-en-20k	20k	n	0.6056	1
zh	2	belebele	ur	zh	n	condition-2-zh-5k	5k	y	0.6370	3
zh	2	belebele	ur	zh	n	condition-2-zh-20k	20k	y	0.6267	1
zh	2	belebele	ur	zh	n	condition-3-zh-5k	5k	y	0.6167	1
zh	2	belebele	ur	zh	n	condition-5-zh-5k	5k	y	0.6233	1
zh	2	belebele	zh	en	n	baseline		n	0.7589	1
zh	2	belebele	zh	en	n	condition-1-en-5k	5k	y	0.7637	3
zh	2	belebele	zh	en	n	condition-1-en-20k	20k	y	0.7622	1
zh	2	belebele	zh	en	n	condition-2-zh-5k	5k	n	0.7781	3
zh	2	belebele	zh	en	n	condition-2-zh-20k	20k	n	0.7767	1
zh	2	belebele	zh	en	n	condition-3-zh-5k	5k	n	0.7733	1
zh	2	belebele	zh	en	n	condition-5-zh-5k	5k	n	0.7756	1
zh	2	belebele	zh	es	n	baseline		n	0.7367	1
zh	2	belebele	zh	es	n	condition-1-en-5k	5k	n	0.7352	3
zh	2	belebele	zh	es	n	condition-1-en-20k	20k	n	0.7344	1
zh	2	belebele	zh	ur	n	baseline		n	0.7000	1
zh	2	belebele	zh	ur	n	condition-1-en-5k	5k	n	0.7093	3
zh	2	belebele	zh	ur	n	condition-1-en-20k	20k	n	0.7033	1
zh	2	belebele	zh	zh	y	baseline		n	0.7611	1
zh	2	belebele	zh	zh	y	condition-1-en-5k	5k	n	0.7578	3
zh	2	belebele	zh	zh	y	condition-1-en-20k	20k	n	0.7633	1
zh	2	belebele	zh	zh	y	condition-2-zh-5k	5k	y	0.7856	3
zh	2	belebele	zh	zh	y	condition-2-zh-20k	20k	y	0.7767	1
zh	2	belebele	zh	zh	y	condition-3-zh-5k	5k	y	0.7711	1
zh	2	belebele	zh	zh	y	condition-5-zh-5k	5k	y	0.7789	1
zh	2	csqa	en	en	y	baseline		n	0.6070	1
zh	2	csqa	en	en	y	condition-1-en-5k	5k	y	0.6113	3
zh	2	csqa	en	en	y	condition-1-en-20k	20k	y	0.6160	1
zh	2	csqa	en	en	y	condition-2-zh-5k	5k	n	0.6110	3
zh	2	csqa	en	en	y	condition-2-zh-20k	20k	n	0.6070	1
zh	2	csqa	en	en	y	condition-3-zh-5k	5k	n	0.6100	1
zh	2	csqa	en	en	y	condition-5-zh-5k	5k	n	0.5950	1
zh	2	csqa	en	es	n	baseline		n	0.6230	1
zh	2	csqa	en	es	n	condition-1-en-5k	5k	n	0.6187	3
zh	2	csqa	en	es	n	condition-1-en-20k	20k	n	0.6210	1
zh	2	csqa	en	ur	n	baseline		n	0.5790	1
zh	2	csqa	en	ur	n	condition-1-en-5k	5k	n	0.5860	3
zh	2	csqa	en	ur	n	condition-1-en-20k	20k	n	0.5820	1
zh	2	csqa	en	zh	n	baseline		n	0.6310	1
zh	2	csqa	en	zh	n	condition-1-en-5k	5k	n	0.6363	3
zh	2	csqa	en	zh	n	condition-1-en-20k	20k	n	0.6340	1
zh	2	csqa	en	zh	n	condition-2-zh-5k	5k	y	0.6310	3
zh	2	csqa	en	zh	n	condition-2-zh-20k	20k	y	0.6330	1
zh	2	csqa	en	zh	n	condition-3-zh-5k	5k	y	0.6440	1
zh	2	csqa	en	zh	n	condition-5-zh-5k	5k	y	0.6020	1
zh	2	csqa	es	en	n	baseline		n	0.5170	1
zh	2	csqa	es	en	n	condition-1-en-5k	5k	y	0.5260	3
zh	2	csqa	es	en	n	condition-1-en-20k	20k	y	0.5270	1
zh	2	csqa	es	en	n	condition-2-zh-5k	5k	n	0.5270	3
zh	2	csqa	es	en	n	condition-2-zh-20k	20k	n	0.5280	1
zh	2	csqa	es	en	n	condition-3-zh-5k	5k	n	0.5380	1
zh	2	csqa	es	en	n	condition-5-zh-5k	5k	n	0.5060	1
zh	2	csqa	es	es	y	baseline		n	0.5320	1
zh	2	csqa	es	es	y	condition-1-en-5k	5k	n	0.5340	3
zh	2	csqa	es	es	y	condition-1-en-20k	20k	n	0.5350	1
zh	2	csqa	es	ur	n	baseline		n	0.4800	1
zh	2	csqa	es	ur	n	condition-1-en-5k	5k	n	0.4830	3
zh	2	csqa	es	ur	n	condition-1-en-20k	20k	n	0.4830	1
zh	2	csqa	es	zh	n	baseline		n	0.5300	1
zh	2	csqa	es	zh	n	condition-1-en-5k	5k	n	0.5293	3
zh	2	csqa	es	zh	n	condition-1-en-20k	20k	n	0.5350	1
zh	2	csqa	es	zh	n	condition-2-zh-5k	5k	y	0.5403	3
zh	2	csqa	es	zh	n	condition-2-zh-20k	20k	y	0.5500	1
zh	2	csqa	es	zh	n	condition-3-zh-5k	5k	y	0.5250	1
zh	2	csqa	es	zh	n	condition-5-zh-5k	5k	y	0.5190	1
zh	2	csqa	ur	en	n	baseline		n	0.4170	1
zh	2	csqa	ur	en	n	condition-1-en-5k	5k	y	0.4197	3
zh	2	csqa	ur	en	n	condition-1-en-20k	20k	y	0.4210	1
zh	2	csqa	ur	en	n	condition-2-zh-5k	5k	n	0.4167	3
zh	2	csqa	ur	en	n	condition-2-zh-20k	20k	n	0.4230	1
zh	2	csqa	ur	en	n	condition-3-zh-5k	5k	n	0.4400	1
zh	2	csqa	ur	en	n	condition-5-zh-5k	5k	n	0.3660	1
zh	2	csqa	ur	es	n	baseline		n	0.3930	1
zh	2	csqa	ur	es	n	condition-1-en-5k	5k	n	0.3940	3
zh	2	csqa	ur	es	n	condition-1-en-20k	20k	n	0.3920	1
zh	2	csqa	ur	ur	y	baseline		n	0.3920	1
zh	2	csqa	ur	ur	y	condition-1-en-5k	5k	n	0.3920	3
zh	2	csqa	ur	ur	y	condition-1-en-20k	20k	n	0.4000	1
zh	2	csqa	ur	zh	n	baseline		n	0.4020	1
zh	2	csqa	ur	zh	n	condition-1-en-5k	5k	n	0.4030	3
zh	2	csqa	ur	zh	n	condition-1-en-20k	20k	n	0.4080	1
zh	2	csqa	ur	zh	n	condition-2-zh-5k	5k	y	0.4000	3
zh	2	csqa	ur	zh	n	condition-2-zh-20k	20k	y	0.4130	1
zh	2	csqa	ur	zh	n	condition-3-zh-5k	5k	y	0.4170	1
zh	2	csqa	ur	zh	n	condition-5-zh-5k	5k	y	0.3780	1
zh	2	csqa	zh	en	n	baseline		n	0.5320	1
zh	2	csqa	zh	en	n	condition-1-en-5k	5k	y	0.5323	3
zh	2	csqa	zh	en	n	condition-1-en-20k	20k	y	0.5410	1
zh	2	csqa	zh	en	n	condition-2-zh-5k	5k	n	0.5267	3
zh	2	csqa	zh	en	n	condition-2-zh-20k	20k	n	0.5380	1
zh	2	csqa	zh	en	n	condition-3-zh-5k	5k	n	0.5460	1
zh	2	csqa	zh	en	n	condition-5-zh-5k	5k	n	0.4950	1
zh	2	csqa	zh	es	n	baseline		n	0.5100	1
zh	2	csqa	zh	es	n	condition-1-en-5k	5k	n	0.5043	3
zh	2	csqa	zh	es	n	condition-1-en-20k	20k	n	0.5040	1
zh	2	csqa	zh	ur	n	baseline		n	0.4660	1
zh	2	csqa	zh	ur	n	condition-1-en-5k	5k	n	0.4663	3
zh	2	csqa	zh	ur	n	condition-1-en-20k	20k	n	0.4750	1
zh	2	csqa	zh	zh	y	baseline		n	0.5320	1
zh	2	csqa	zh	zh	y	condition-1-en-5k	5k	n	0.5343	3
zh	2	csqa	zh	zh	y	condition-1-en-20k	20k	n	0.5370	1
zh	2	csqa	zh	zh	y	condition-2-zh-5k	5k	y	0.5447	3
zh	2	csqa	zh	zh	y	condition-2-zh-20k	20k	y	0.5400	1
zh	2	csqa	zh	zh	y	condition-3-zh-5k	5k	y	0.5220	1
zh	2	csqa	zh	zh	y	condition-5-zh-5k	5k	y	0.5020	1
zh	2	sib200	en	en	y	baseline		n	0.7206	1
zh	2	sib200	en	en	y	condition-1-en-5k	5k	y	0.7092	3
zh	2	sib200	en	en	y	condition-1-en-20k	20k	y	0.6863	1
zh	2	sib200	en	en	y	condition-2-zh-5k	5k	n	0.6781	3
zh	2	sib200	en	en	y	condition-2-zh-20k	20k	n	0.7108	1
zh	2	sib200	en	en	y	condition-3-zh-5k	5k	n	0.6618	1
zh	2	sib200	en	en	y	condition-5-zh-5k	5k	n	0.7010	1
zh	2	sib200	en	es	n	baseline		n	0.5539	1
zh	2	sib200	en	es	n	condition-1-en-5k	5k	n	0.5131	3
zh	2	sib200	en	es	n	condition-1-en-20k	20k	n	0.4657	1
zh	2	sib200	en	ur	n	baseline		n	0.3971	1
zh	2	sib200	en	ur	n	condition-1-en-5k	5k	n	0.4232	3
zh	2	sib200	en	ur	n	condition-1-en-20k	20k	n	0.4559	1
zh	2	sib200	en	zh	n	baseline		n	0.6520	1
zh	2	sib200	en	zh	n	condition-1-en-5k	5k	n	0.6503	3
zh	2	sib200	en	zh	n	condition-1-en-20k	20k	n	0.6373	1
zh	2	sib200	en	zh	n	condition-2-zh-5k	5k	y	0.6716	3
zh	2	sib200	en	zh	n	condition-2-zh-20k	20k	y	0.6520	1
zh	2	sib200	en	zh	n	condition-3-zh-5k	5k	y	0.6471	1
zh	2	sib200	en	zh	n	condition-5-zh-5k	5k	y	0.5049	1
zh	2	sib200	es	en	n	baseline		n	0.6765	1
zh	2	sib200	es	en	n	condition-1-en-5k	5k	y	0.6585	3
zh	2	sib200	es	en	n	condition-1-en-20k	20k	y	0.6422	1
zh	2	sib200	es	en	n	condition-2-zh-5k	5k	n	0.6454	3
zh	2	sib200	es	en	n	condition-2-zh-20k	20k	n	0.6569	1
zh	2	sib200	es	en	n	condition-3-zh-5k	5k	n	0.6373	1
zh	2	sib200	es	en	n	condition-5-zh-5k	5k	n	0.6618	1
zh	2	sib200	es	es	y	baseline		n	0.5147	1
zh	2	sib200	es	es	y	condition-1-en-5k	5k	n	0.5000	3
zh	2	sib200	es	es	y	condition-1-en-20k	20k	n	0.4608	1
zh	2	sib200	es	ur	n	baseline		n	0.3088	1
zh	2	sib200	es	ur	n	condition-1-en-5k	5k	n	0.3693	3
zh	2	sib200	es	ur	n	condition-1-en-20k	20k	n	0.4118	1
zh	2	sib200	es	zh	n	baseline		n	0.5931	1
zh	2	sib200	es	zh	n	condition-1-en-5k	5k	n	0.5752	3
zh	2	sib200	es	zh	n	condition-1-en-20k	20k	n	0.5833	1
zh	2	sib200	es	zh	n	condition-2-zh-5k	5k	y	0.6291	3
zh	2	sib200	es	zh	n	condition-2-zh-20k	20k	y	0.6176	1
zh	2	sib200	es	zh	n	condition-3-zh-5k	5k	y	0.6078	1
zh	2	sib200	es	zh	n	condition-5-zh-5k	5k	y	0.4559	1
zh	2	sib200	ur	en	n	baseline		n	0.6814	1
zh	2	sib200	ur	en	n	condition-1-en-5k	5k	y	0.6667	3
zh	2	sib200	ur	en	n	condition-1-en-20k	20k	y	0.6471	1
zh	2	sib200	ur	en	n	condition-2-zh-5k	5k	n	0.6683	3
zh	2	sib200	ur	en	n	condition-2-zh-20k	20k	n	0.6618	1
zh	2	sib200	ur	en	n	condition-3-zh-5k	5k	n	0.6569	1
zh	2	sib200	ur	en	n	condition-5-zh-5k	5k	n	0.6078	1
zh	2	sib200	ur	es	n	baseline		n	0.6127	1
zh	2	sib200	ur	es	n	condition-1-en-5k	5k	n	0.5637	3
zh	2	sib200	ur	es	n	condition-1-en-20k	20k	n	0.5196	1
zh	2	sib200	ur	ur	y	baseline		n	0.5294	1
zh	2	sib200	ur	ur	y	condition-1-en-5k	5k	n	0.5441	3
zh	2	sib200	ur	ur	y	condition-1-en-20k	20k	n	0.5637	1
zh	2	sib200	ur	zh	n	baseline		n	0.5343	1
zh	2	sib200	ur	zh	n	condition-1-en-5k	5k	n	0.5294	3
zh	2	sib200	ur	zh	n	condition-1-en-20k	20k	n	0.5049	1
zh	2	sib200	ur	zh	n	condition-2-zh-5k	5k	y	0.6078	3
zh	2	sib200	ur	zh	n	condition-2-zh-20k	20k	y	0.5931	1
zh	2	sib200	ur	zh	n	condition-3-zh-5k	5k	y	0.5441	1
zh	2	sib200	ur	zh	n	condition-5-zh-5k	5k	y	0.3039	1
zh	2	sib200	zh	en	n	baseline		n	0.6961	1
zh	2	sib200	zh	en	n	condition-1-en-5k	5k	y	0.6716	3
zh	2	sib200	zh	en	n	condition-1-en-20k	20k	y	0.6324	1
zh	2	sib200	zh	en	n	condition-2-zh-5k	5k	n	0.6585	3
zh	2	sib200	zh	en	n	condition-2-zh-20k	20k	n	0.6520	1
zh	2	sib200	zh	en	n	condition-3-zh-5k	5k	n	0.6667	1
zh	2	sib200	zh	en	n	condition-5-zh-5k	5k	n	0.7010	1
zh	2	sib200	zh	es	n	baseline		n	0.5588	1
zh	2	sib200	zh	es	n	condition-1-en-5k	5k	n	0.5376	3
zh	2	sib200	zh	es	n	condition-1-en-20k	20k	n	0.5196	1
zh	2	sib200	zh	ur	n	baseline		n	0.3971	1
zh	2	sib200	zh	ur	n	condition-1-en-5k	5k	n	0.4853	3
zh	2	sib200	zh	ur	n	condition-1-en-20k	20k	n	0.4951	1
zh	2	sib200	zh	zh	y	baseline		n	0.6225	1
zh	2	sib200	zh	zh	y	condition-1-en-5k	5k	n	0.6242	3
zh	2	sib200	zh	zh	y	condition-1-en-20k	20k	n	0.6176	1
zh	2	sib200	zh	zh	y	condition-2-zh-5k	5k	y	0.6438	3
zh	2	sib200	zh	zh	y	condition-2-zh-20k	20k	y	0.6471	1
zh	2	sib200	zh	zh	y	condition-3-zh-5k	5k	y	0.6078	1
zh	2	sib200	zh	zh	y	condition-5-zh-5k	5k	y	0.5392	1
zh	2	xnli	en	en	y	baseline		n	0.3786	1
zh	2	xnli	en	en	y	condition-1-en-5k	5k	y	0.3565	3
zh	2	xnli	en	en	y	condition-1-en-20k	20k	y	0.3447	1
zh	2	xnli	en	en	y	condition-2-zh-5k	5k	n	0.3747	3
zh	2	xnli	en	en	y	condition-2-zh-20k	20k	n	0.3573	1
zh	2	xnli	en	en	y	condition-3-zh-5k	5k	n	0.4006	1
zh	2	xnli	en	en	y	condition-5-zh-5k	5k	n	0.4842	1
zh	2	xnli	en	es	n	baseline		n	0.3806	1
zh	2	xnli	en	es	n	condition-1-en-5k	5k	n	0.3904	3
zh	2	xnli	en	es	n	condition-1-en-20k	20k	n	0.3752	1
zh	2	xnli	en	ur	n	baseline		n	0.2589	1
zh	2	xnli	en	ur	n	condition-1-en-5k	5k	n	0.2512	3
zh	2	xnli	en	ur	n	condition-1-en-20k	20k	n	0.2493	1
zh	2	xnli	en	zh	n	baseline		n	0.3337	1
zh	2	xnli	en	zh	n	condition-1-en-5k	5k	n	0.3840	3
zh	2	xnli	en	zh	n	condition-1-en-20k	20k	n	0.3271	1
zh	2	xnli	en	zh	n	condition-2-zh-5k	5k	y	0.3336	3
zh	2	xnli	en	zh	n	condition-2-zh-20k	20k	y	0.3417	1
zh	2	xnli	en	zh	n	condition-3-zh-5k	5k	y	0.3313	1
zh	2	xnli	en	zh	n	condition-5-zh-5k	5k	y	0.3064	1
zh	2	xnli	es	en	n	baseline		n	0.3661	1
zh	2	xnli	es	en	n	condition-1-en-5k	5k	y	0.3547	3
zh	2	xnli	es	en	n	condition-1-en-20k	20k	y	0.3441	1
zh	2	xnli	es	en	n	condition-2-zh-5k	5k	n	0.3803	3
zh	2	xnli	es	en	n	condition-2-zh-20k	20k	n	0.3591	1
zh	2	xnli	es	en	n	condition-3-zh-5k	5k	n	0.4114	1
zh	2	xnli	es	en	n	condition-5-zh-5k	5k	n	0.4519	1
zh	2	xnli	es	es	y	baseline		n	0.3770	1
zh	2	xnli	es	es	y	condition-1-en-5k	5k	n	0.3766	3
zh	2	xnli	es	es	y	condition-1-en-20k	20k	n	0.3607	1
zh	2	xnli	es	ur	n	baseline		n	0.3319	1
zh	2	xnli	es	ur	n	condition-1-en-5k	5k	n	0.3191	3
zh	2	xnli	es	ur	n	condition-1-en-20k	20k	n	0.3140	1
zh	2	xnli	es	zh	n	baseline		n	0.2369	1
zh	2	xnli	es	zh	n	condition-1-en-5k	5k	n	0.3463	3
zh	2	xnli	es	zh	n	condition-1-en-20k	20k	n	0.2715	1
zh	2	xnli	es	zh	n	condition-2-zh-5k	5k	y	0.3323	3
zh	2	xnli	es	zh	n	condition-2-zh-20k	20k	y	0.3363	1
zh	2	xnli	es	zh	n	condition-3-zh-5k	5k	y	0.3289	1
zh	2	xnli	es	zh	n	condition-5-zh-5k	5k	y	0.3347	1
zh	2	xnli	ur	en	n	baseline		n	0.3357	1
zh	2	xnli	ur	en	n	condition-1-en-5k	5k	y	0.3330	3
zh	2	xnli	ur	en	n	condition-1-en-20k	20k	y	0.3325	1
zh	2	xnli	ur	en	n	condition-2-zh-5k	5k	n	0.3345	3
zh	2	xnli	ur	en	n	condition-2-zh-20k	20k	n	0.3337	1
zh	2	xnli	ur	en	n	condition-3-zh-5k	5k	n	0.3455	1
zh	2	xnli	ur	en	n	condition-5-zh-5k	5k	n	0.3906	1
zh	2	xnli	ur	es	n	baseline		n	0.2499	1
zh	2	xnli	ur	es	n	condition-1-en-5k	5k	n	0.3744	3
zh	2	xnli	ur	es	n	condition-1-en-20k	20k	n	0.3697	1
zh	2	xnli	ur	ur	y	baseline		n	0.3228	1
zh	2	xnli	ur	ur	y	condition-1-en-5k	5k	n	0.3246	3
zh	2	xnli	ur	ur	y	condition-1-en-20k	20k	n	0.3248	1
zh	2	xnli	ur	zh	n	baseline		n	0.2078	1
zh	2	xnli	ur	zh	n	condition-1-en-5k	5k	n	0.2758	3
zh	2	xnli	ur	zh	n	condition-1-en-20k	20k	n	0.2629	1
zh	2	xnli	ur	zh	n	condition-2-zh-5k	5k	y	0.2881	3
zh	2	xnli	ur	zh	n	condition-2-zh-20k	20k	y	0.3277	1
zh	2	xnli	ur	zh	n	condition-3-zh-5k	5k	y	0.3240	1
zh	2	xnli	ur	zh	n	condition-5-zh-5k	5k	y	0.1655	1
zh	2	xnli	zh	en	n	baseline		n	0.4649	1
zh	2	xnli	zh	en	n	condition-1-en-5k	5k	y	0.4415	3
zh	2	xnli	zh	en	n	condition-1-en-20k	20k	y	0.4042	1
zh	2	xnli	zh	en	n	condition-2-zh-5k	5k	n	0.4476	3
zh	2	xnli	zh	en	n	condition-2-zh-20k	20k	n	0.4407	1
zh	2	xnli	zh	en	n	condition-3-zh-5k	5k	n	0.4840	1
zh	2	xnli	zh	en	n	condition-5-zh-5k	5k	n	0.3872	1
zh	2	xnli	zh	es	n	baseline		n	0.3637	1
zh	2	xnli	zh	es	n	condition-1-en-5k	5k	n	0.3677	3
zh	2	xnli	zh	es	n	condition-1-en-20k	20k	n	0.3870	1
zh	2	xnli	zh	ur	n	baseline		n	0.3341	1
zh	2	xnli	zh	ur	n	condition-1-en-5k	5k	n	0.3365	3
zh	2	xnli	zh	ur	n	condition-1-en-20k	20k	n	0.3363	1
zh	2	xnli	zh	zh	y	baseline		n	0.2491	1
zh	2	xnli	zh	zh	y	condition-1-en-5k	5k	n	0.2910	3
zh	2	xnli	zh	zh	y	condition-1-en-20k	20k	n	0.2868	1
zh	2	xnli	zh	zh	y	condition-2-zh-5k	5k	y	0.3576	3
zh	2	xnli	zh	zh	y	condition-2-zh-20k	20k	y	0.3737	1
zh	2	xnli	zh	zh	y	condition-3-zh-5k	5k	y	0.3066	1
zh	2	xnli	zh	zh	y	condition-5-zh-5k	5k	y	0.3479	1
es	1	belebele	en	en	y	baseline		n	0.7678	1
es	1	belebele	en	en	y	condition-1-en-5k	5k	y	0.7781	3
es	1	belebele	en	en	y	condition-1-en-20k	20k	y	0.7767	1
es	1	belebele	en	en	y	condition-2-es-5k	5k	n	0.7826	3
es	1	belebele	en	en	y	condition-2-es-20k	20k	n	0.7878	1
es	1	belebele	en	en	y	condition-5-es-5k	5k	n	0.7833	1
es	1	belebele	en	es	n	baseline		n	0.7611	1
es	1	belebele	en	es	n	condition-1-en-5k	5k	n	0.7604	3
es	1	belebele	en	es	n	condition-1-en-20k	20k	n	0.7611	1
es	1	belebele	en	es	n	condition-2-es-5k	5k	y	0.7704	3
es	1	belebele	en	es	n	condition-2-es-20k	20k	y	0.7744	1
es	1	belebele	en	es	n	condition-5-es-5k	5k	y	0.7822	1
es	1	belebele	en	ur	n	baseline		n	0.7411	1
es	1	belebele	en	ur	n	condition-1-en-5k	5k	n	0.7548	3
es	1	belebele	en	ur	n	condition-1-en-20k	20k	n	0.7611	1
es	1	belebele	en	zh	n	baseline		n	0.7889	1
es	1	belebele	en	zh	n	condition-1-en-5k	5k	n	0.7885	3
es	1	belebele	en	zh	n	condition-1-en-20k	20k	n	0.7900	1
es	1	belebele	es	en	n	baseline		n	0.6911	1
es	1	belebele	es	en	n	condition-1-en-5k	5k	y	0.7000	3
es	1	belebele	es	en	n	condition-1-en-20k	20k	y	0.7000	1
es	1	belebele	es	en	n	condition-2-es-5k	5k	n	0.7074	3
es	1	belebele	es	en	n	condition-2-es-20k	20k	n	0.7022	1
es	1	belebele	es	en	n	condition-5-es-5k	5k	n	0.6956	1
es	1	belebele	es	es	y	baseline		n	0.6722	1
es	1	belebele	es	es	y	condition-1-en-5k	5k	n	0.6719	3
es	1	belebele	es	es	y	condition-1-en-20k	20k	n	0.6667	1
es	1	belebele	es	es	y	condition-2-es-5k	5k	y	0.6744	3
es	1	belebele	es	es	y	condition-2-es-20k	20k	y	0.6678	1
es	1	belebele	es	es	y	condition-5-es-5k	5k	y	0.6744	1
es	1	belebele	es	ur	n	baseline		n	0.6389	1
es	1	belebele	es	ur	n	condition-1-en-5k	5k	n	0.6422	3
es	1	belebele	es	ur	n	condition-1-en-20k	20k	n	0.6344	1
es	1	belebele	es	zh	n	baseline		n	0.6956	1
es	1	belebele	es	zh	n	condition-1-en-5k	5k	n	0.6937	3
es	1	belebele	es	zh	n	condition-1-en-20k	20k	n	0.6989	1
es	1	belebele	ur	en	n	baseline		n	0.6044	1
es	1	belebele	ur	en	n	condition-1-en-5k	5k	y	0.6130	3
es	1	belebele	ur	en	n	condition-1-en-20k	20k	y	0.6144	1
es	1	belebele	ur	en	n	condition-2-es-5k	5k	n	0.6111	3
es	1	belebele	ur	en	n	condition-2-es-20k	20k	n	0.6089	1
es	1	belebele	ur	en	n	condition-5-es-5k	5k	n	0.6056	1
es	1	belebele	ur	es	n	baseline		n	0.5389	1
es	1	belebele	ur	es	n	condition-1-en-5k	5k	n	0.5356	3
es	1	belebele	ur	es	n	condition-1-en-20k	20k	n	0.5389	1
es	1	belebele	ur	es	n	condition-2-es-5k	5k	y	0.5596	3
es	1	belebele	ur	es	n	condition-2-es-20k	20k	y	0.5444	1
es	1	belebele	ur	es	n	condition-5-es-5k	5k	y	0.5333	1
es	1	belebele	ur	ur	y	baseline		n	0.5289	1
es	1	belebele	ur	ur	y	condition-1-en-5k	5k	n	0.5367	3
es	1	belebele	ur	ur	y	condition-1-en-20k	20k	n	0.5233	1
es	1	belebele	ur	zh	n	baseline		n	0.5922	1
es	1	belebele	ur	zh	n	condition-1-en-5k	5k	n	0.5996	3
es	1	belebele	ur	zh	n	condition-1-en-20k	20k	n	0.5944	1
es	1	belebele	zh	en	n	baseline		n	0.7500	1
es	1	belebele	zh	en	n	condition-1-en-5k	5k	y	0.7596	3
es	1	belebele	zh	en	n	condition-1-en-20k	20k	y	0.7600	1
es	1	belebele	zh	en	n	condition-2-es-5k	5k	n	0.7593	3
es	1	belebele	zh	en	n	condition-2-es-20k	20k	n	0.7556	1
es	1	belebele	zh	en	n	condition-5-es-5k	5k	n	0.7522	1
es	1	belebele	zh	es	n	baseline		n	0.7033	1
es	1	belebele	zh	es	n	condition-1-en-5k	5k	n	0.7044	3
es	1	belebele	zh	es	n	condition-1-en-20k	20k	n	0.7011	1
es	1	belebele	zh	es	n	condition-2-es-5k	5k	y	0.7222	3
es	1	belebele	zh	es	n	condition-2-es-20k	20k	y	0.7156	1
es	1	belebele	zh	es	n	condition-5-es-5k	5k	y	0.7256	1
es	1	belebele	zh	ur	n	baseline		n	0.7011	1
es	1	belebele	zh	ur	n	condition-1-en-5k	5k	n	0.7144	3
es	1	belebele	zh	ur	n	condition-1-en-20k	20k	n	0.7044	1
es	1	belebele	zh	zh	y	baseline		n	0.7756	1
es	1	belebele	zh	zh	y	condition-1-en-5k	5k	n	0.7752	3
es	1	belebele	zh	zh	y	condition-1-en-20k	20k	n	0.7656	1
es	1	csqa	en	en	y	baseline		n	0.6070	1
es	1	csqa	en	en	y	condition-1-en-5k	5k	y	0.6120	3
es	1	csqa	en	en	y	condition-1-en-20k	20k	y	0.6150	1
es	1	csqa	en	en	y	condition-2-es-5k	5k	n	0.6063	3
es	1	csqa	en	en	y	condition-2-es-20k	20k	n	0.6010	1
es	1	csqa	en	en	y	condition-5-es-5k	5k	n	0.6020	1
es	1	csqa	en	es	n	baseline		n	0.6040	1
es	1	csqa	en	es	n	condition-1-en-5k	5k	n	0.6117	3
es	1	csqa	en	es	n	condition-1-en-20k	20k	n	0.6140	1
es	1	csqa	en	es	n	condition-2-es-5k	5k	y	0.6040	3
es	1	csqa	en	es	n	condition-2-es-20k	20k	y	0.6100	1
es	1	csqa	en	es	n	condition-5-es-5k	5k	y	0.5920	1
es	1	csqa	en	ur	n	baseline		n	0.5850	1
es	1	csqa	en	ur	n	condition-1-en-5k	5k	n	0.5920	3
es	1	csqa	en	ur	n	condition-1-en-20k	20k	n	0.5930	1
es	1	csqa	en	zh	n	baseline		n	0.6410	1
es	1	csqa	en	zh	n	condition-1-en-5k	5k	n	0.6447	3
es	1	csqa	en	zh	n	condition-1-en-20k	20k	n	0.6520	1
es	1	csqa	es	en	n	baseline		n	0.5240	1
es	1	csqa	es	en	n	condition-1-en-5k	5k	y	0.5303	3
es	1	csqa	es	en	n	condition-1-en-20k	20k	y	0.5370	1
es	1	csqa	es	en	n	condition-2-es-5k	5k	n	0.5330	3
es	1	csqa	es	en	n	condition-2-es-20k	20k	n	0.5360	1
es	1	csqa	es	en	n	condition-5-es-5k	5k	n	0.5000	1
es	1	csqa	es	es	y	baseline		n	0.5290	1
es	1	csqa	es	es	y	condition-1-en-5k	5k	n	0.5333	3
es	1	csqa	es	es	y	condition-1-en-20k	20k	n	0.5230	1
es	1	csqa	es	es	y	condition-2-es-5k	5k	y	0.5387	3
es	1	csqa	es	es	y	condition-2-es-20k	20k	y	0.5400	1
es	1	csqa	es	es	y	condition-5-es-5k	5k	y	0.5220	1
es	1	csqa	es	ur	n	baseline		n	0.4730	1
es	1	csqa	es	ur	n	condition-1-en-5k	5k	n	0.4823	3
es	1	csqa	es	ur	n	condition-1-en-20k	20k	n	0.4830	1
es	1	csqa	es	zh	n	baseline		n	0.5470	1
es	1	csqa	es	zh	n	condition-1-en-5k	5k	n	0.5480	3
es	1	csqa	es	zh	n	condition-1-en-20k	20k	n	0.5530	1
es	1	csqa	ur	en	n	baseline		n	0.4240	1
es	1	csqa	ur	en	n	condition-1-en-5k	5k	y	0.4237	3
es	1	csqa	ur	en	n	condition-1-en-20k	20k	y	0.4320	1
es	1	csqa	ur	en	n	condition-2-es-5k	5k	n	0.4133	3
es	1	csqa	ur	en	n	condition-2-es-20k	20k	n	0.4180	1
es	1	csqa	ur	en	n	condition-5-es-5k	5k	n	0.3830	1
es	1	csqa	ur	es	n	baseline		n	0.3960	1
es	1	csqa	ur	es	n	condition-1-en-5k	5k	n	0.3970	3
es	1	csqa	ur	es	n	condition-1-en-20k	20k	n	0.3940	1
es	1	csqa	ur	es	n	condition-2-es-5k	5k	y	0.4067	3
es	1	csqa	ur	es	n	condition-2-es-20k	20k	y	0.3950	1
es	1	csqa	ur	es	n	condition-5-es-5k	5k	y	0.3910	1
es	1	csqa	ur	ur	y	baseline		n	0.4040	1
es	1	csqa	ur	ur	y	condition-1-en-5k	5k	n	0.4090	3
es	1	csqa	ur	ur	y	condition-1-en-20k	20k	n	0.4020	1
es	1	csqa	ur	zh	n	baseline		n	0.3760	1
es	1	csqa	ur	zh	n	condition-1-en-5k	5k	n	0.3867	3
es	1	csqa	ur	zh	n	condition-1-en-20k	20k	n	0.3960	1
es	1	csqa	zh	en	n	baseline		n	0.5450	1
es	1	csqa	zh	en	n	condition-1-en-5k	5k	y	0.5527	3
es	1	csqa	zh	en	n	condition-1-en-20k	20k	y	0.5490	1
es	1	csqa	zh	en	n	condition-2-es-5k	5k	n	0.5507	3
es	1	csqa	zh	en	n	condition-2-es-20k	20k	n	0.5490	1
es	1	csqa	zh	en	n	condition-5-es-5k	5k	n	0.5070	1
es	1	csqa	zh	es	n	baseline		n	0.5000	1
es	1	csqa	zh	es	n	condition-1-en-5k	5k	n	0.5067	3
es	1	csqa	zh	es	n	condition-1-en-20k	20k	n	0.5110	1
es	1	csqa	zh	es	n	condition-2-es-5k	5k	y	0.5077	3
es	1	csqa	zh	es	n	condition-2-es-20k	20k	y	0.5230	1
es	1	csqa	zh	es	n	condition-5-es-5k	5k	y	0.4960	1
es	1	csqa	zh	ur	n	baseline		n	0.4810	1
es	1	csqa	zh	ur	n	condition-1-en-5k	5k	n	0.4820	3
es	1	csqa	zh	ur	n	condition-1-en-20k	20k	n	0.4830	1
es	1	csqa	zh	zh	y	baseline		n	0.5340	1
es	1	csqa	zh	zh	y	condition-1-en-5k	5k	n	0.5267	3
es	1	csqa	zh	zh	y	condition-1-en-20k	20k	n	0.5360	1
es	1	sib200	en	en	y	baseline		n	0.7549	1
es	1	sib200	en	en	y	condition-1-en-5k	5k	y	0.7533	3
es	1	sib200	en	en	y	condition-1-en-20k	20k	y	0.7549	1
es	1	sib200	en	en	y	condition-2-es-5k	5k	n	0.7647	3
es	1	sib200	en	en	y	condition-2-es-20k	20k	n	0.7549	1
es	1	sib200	en	en	y	condition-5-es-5k	5k	n	0.5980	1
es	1	sib200	en	es	n	baseline		n	0.6618	1
es	1	sib200	en	es	n	condition-1-en-5k	5k	n	0.6487	3
es	1	sib200	en	es	n	condition-1-en-20k	20k	n	0.6176	1
es	1	sib200	en	es	n	condition-2-es-5k	5k	y	0.6732	3
es	1	sib200	en	es	n	condition-2-es-20k	20k	y	0.6814	1
es	1	sib200	en	es	n	condition-5-es-5k	5k	y	0.5196	1
es	1	sib200	en	ur	n	baseline		n	0.4951	1
es	1	sib200	en	ur	n	condition-1-en-5k	5k	n	0.4804	3
es	1	sib200	en	ur	n	condition-1-en-20k	20k	n	0.4951	1
es	1	sib200	en	zh	n	baseline		n	0.7157	1
es	1	sib200	en	zh	n	condition-1-en-5k	5k	n	0.7059	3
es	1	sib200	en	zh	n	condition-1-en-20k	20k	n	0.6961	1
es	1	sib200	es	en	n	baseline		n	0.7745	1
es	1	sib200	es	en	n	condition-1-en-5k	5k	y	0.7582	3
es	1	sib200	es	en	n	condition-1-en-20k	20k	y	0.7745	1
es	1	sib200	es	en	n	condition-2-es-5k	5k	n	0.7631	3
es	1	sib200	es	en	n	condition-2-es-20k	20k	n	0.7598	1
es	1	sib200	es	en	n	condition-5-es-5k	5k	n	0.5539	1
es	1	sib200	es	es	y	baseline		n	0.6520	1
es	1	sib200	es	es	y	condition-1-en-5k	5k	n	0.6389	3
es	1	sib200	es	es	y	condition-1-en-20k	20k	n	0.6029	1
es	1	sib200	es	es	y	condition-2-es-5k	5k	y	0.6438	3
es	1	sib200	es	es	y	condition-2-es-20k	20k	y	0.6765	1
es	1	sib200	es	es	y	condition-5-es-5k	5k	y	0.5245	1
es	1	sib200	es	ur	n	baseline		n	0.5343	1
es	1	sib200	es	ur	n	condition-1-en-5k	5k	n	0.4935	3
es	1	sib200	es	ur	n	condition-1-en-20k	20k	n	0.5147	1
es	1	sib200	es	zh	n	baseline		n	0.6373	1
es	1	sib200	es	zh	n	condition-1-en-5k	5k	n	0.6324	3
es	1	sib200	es	zh	n	condition-1-en-20k	20k	n	0.6225	1
es	1	sib200	ur	en	n	baseline		n	0.7255	1
es	1	sib200	ur	en	n	condition-1-en-5k	5k	y	0.6895	3
es	1	sib200	ur	en	n	condition-1-en-20k	20k	y	0.6863	1
es	1	sib200	ur	en	n	condition-2-es-5k	5k	n	0.6993	3
es	1	sib200	ur	en	n	condition-2-es-20k	20k	n	0.7108	1
es	1	sib200	ur	en	n	condition-5-es-5k	5k	n	0.5000	1
es	1	sib200	ur	es	n	baseline		n	0.5343	1
es	1	sib200	ur	es	n	condition-1-en-5k	5k	n	0.5180	3
es	1	sib200	ur	es	n	condition-1-en-20k	20k	n	0.5000	1
es	1	sib200	ur	es	n	condition-2-es-5k	5k	y	0.5359	3
es	1	sib200	ur	es	n	condition-2-es-20k	20k	y	0.5686	1
es	1	sib200	ur	es	n	condition-5-es-5k	5k	y	0.4804	1
es	1	sib200	ur	ur	y	baseline		n	0.5735	1
es	1	sib200	ur	ur	y	condition-1-en-5k	5k	n	0.5588	3
es	1	sib200	ur	ur	y	condition-1-en-20k	20k	n	0.5686	1
es	1	sib200	ur	zh	n	baseline		n	0.5735	1
es	1	sib200	ur	zh	n	condition-1-en-5k	5k	n	0.5539	3
es	1	sib200	ur	zh	n	condition-1-en-20k	20k	n	0.5245	1
es	1	sib200	zh	en	n	baseline		n	0.7892	1
es	1	sib200	zh	en	n	condition-1-en-5k	5k	y	0.7500	3
es	1	sib200	zh	en	n	condition-1-en-20k	20k	y	0.7647	1
es	1	sib200	zh	en	n	condition-2-es-5k	5k	n	0.7680	3
es	1	sib200	zh	en	n	condition-2-es-20k	20k	n	0.7647	1
es	1	sib200	zh	en	n	condition-5-es-5k	5k	n	0.6127	1
es	1	sib200	zh	es	n	baseline		n	0.5882	1
es	1	sib200	zh	es	n	condition-1-en-5k	5k	n	0.5735	3
es	1	sib200	zh	es	n	condition-1-en-20k	20k	n	0.5490	1
es	1	sib200	zh	es	n	condition-2-es-5k	5k	y	0.6389	3
es	1	sib200	zh	es	n	condition-2-es-20k	20k	y	0.6520	1
es	1	sib200	zh	es	n	condition-5-es-5k	5k	y	0.5882	1
es	1	sib200	zh	ur	n	baseline		n	0.5294	1
es	1	sib200	zh	ur	n	condition-1-en-5k	5k	n	0.5245	3
es	1	sib200	zh	ur	n	condition-1-en-20k	20k	n	0.5294	1
es	1	sib200	zh	zh	y	baseline		n	0.6667	1
es	1	sib200	zh	zh	y	condition-1-en-5k	5k	n	0.6650	3
es	1	sib200	zh	zh	y	condition-1-en-20k	20k	n	0.6471	1
es	1	xnli	en	en	y	baseline		n	0.4998	1
es	1	xnli	en	en	y	condition-1-en-5k	5k	y	0.5226	3
es	1	xnli	en	en	y	condition-1-en-20k	20k	y	0.5166	1
es	1	xnli	en	en	y	condition-2-es-5k	5k	n	0.5261	3
es	1	xnli	en	en	y	condition-2-es-20k	20k	n	0.4986	1
es	1	xnli	en	en	y	condition-5-es-5k	5k	n	0.4319	1
es	1	xnli	en	es	n	baseline		n	0.3980	1
es	1	xnli	en	es	n	condition-1-en-5k	5k	n	0.4161	3
es	1	xnli	en	es	n	condition-1-en-20k	20k	n	0.4457	1
es	1	xnli	en	es	n	condition-2-es-5k	5k	y	0.4833	3
es	1	xnli	en	es	n	condition-2-es-20k	20k	y	0.4194	1
es	1	xnli	en	es	n	condition-5-es-5k	5k	y	0.4102	1
es	1	xnli	en	ur	n	baseline		n	0.3816	1
es	1	xnli	en	ur	n	condition-1-en-5k	5k	n	0.4253	3
es	1	xnli	en	ur	n	condition-1-en-20k	20k	n	0.4677	1
es	1	xnli	en	zh	n	baseline		n	0.3333	1
es	1	xnli	en	zh	n	condition-1-en-5k	5k	n	0.3340	3
es	1	xnli	en	zh	n	condition-1-en-20k	20k	n	0.3329	1
es	1	xnli	es	en	n	baseline		n	0.4525	1
es	1	xnli	es	en	n	condition-1-en-5k	5k	y	0.4687	3
es	1	xnli	es	en	n	condition-1-en-20k	20k	y	0.4677	1
es	1	xnli	es	en	n	condition-2-es-5k	5k	n	0.4817	3
es	1	xnli	es	en	n	condition-2-es-20k	20k	n	0.4631	1
es	1	xnli	es	en	n	condition-5-es-5k	5k	n	0.3479	1
es	1	xnli	es	es	y	baseline		n	0.4547	1
es	1	xnli	es	es	y	condition-1-en-5k	5k	n	0.4623	3
es	1	xnli	es	es	y	condition-1-en-20k	20k	n	0.4758	1
es	1	xnli	es	es	y	condition-2-es-5k	5k	y	0.4607	3
es	1	xnli	es	es	y	condition-2-es-20k	20k	y	0.4042	1
es	1	xnli	es	es	y	condition-5-es-5k	5k	y	0.4479	1
es	1	xnli	es	ur	n	baseline		n	0.3433	1
es	1	xnli	es	ur	n	condition-1-en-5k	5k	n	0.3516	3
es	1	xnli	es	ur	n	condition-1-en-20k	20k	n	0.3752	1
es	1	xnli	es	zh	n	baseline		n	0.3337	1
es	1	xnli	es	zh	n	condition-1-en-5k	5k	n	0.3343	3
es	1	xnli	es	zh	n	condition-1-en-20k	20k	n	0.3337	1
es	1	xnli	ur	en	n	baseline		n	0.4343	1
es	1	xnli	ur	en	n	condition-1-en-5k	5k	y	0.4375	3
es	1	xnli	ur	en	n	condition-1-en-20k	20k	y	0.4379	1
es	1	xnli	ur	en	n	condition-2-es-5k	5k	n	0.4454	3
es	1	xnli	ur	en	n	condition-2-es-20k	20k	n	0.4381	1
es	1	xnli	ur	en	n	condition-5-es-5k	5k	n	0.3840	1
es	1	xnli	ur	es	n	baseline		n	0.3727	1
es	1	xnli	ur	es	n	condition-1-en-5k	5k	n	0.3844	3
es	1	xnli	ur	es	n	condition-1-en-20k	20k	n	0.4060	1
es	1	xnli	ur	es	n	condition-2-es-5k	5k	y	0.4398	3
es	1	xnli	ur	es	n	condition-2-es-20k	20k	y	0.4277	1
es	1	xnli	ur	es	n	condition-5-es-5k	5k	y	0.3920	1
es	1	xnli	ur	ur	y	baseline		n	0.3327	1
es	1	xnli	ur	ur	y	condition-1-en-5k	5k	n	0.3336	3
es	1	xnli	ur	ur	y	condition-1-en-20k	20k	n	0.3403	1
es	1	xnli	ur	zh	n	baseline		n	0.3311	1
es	1	xnli	ur	zh	n	condition-1-en-5k	5k	n	0.3331	3
es	1	xnli	ur	zh	n	condition-1-en-20k	20k	n	0.3333	1
es	1	xnli	zh	en	n	baseline		n	0.3906	1
es	1	xnli	zh	en	n	condition-1-en-5k	5k	y	0.4034	3
es	1	xnli	zh	en	n	condition-1-en-20k	20k	y	0.4120	1
es	1	xnli	zh	en	n	condition-2-es-5k	5k	n	0.4263	3
es	1	xnli	zh	en	n	condition-2-es-20k	20k	n	0.3852	1
es	1	xnli	zh	en	n	condition-5-es-5k	5k	n	0.3525	1
es	1	xnli	zh	es	n	baseline		n	0.3333	1
es	1	xnli	zh	es	n	condition-1-en-5k	5k	n	0.3333	3
es	1	xnli	zh	es	n	condition-1-en-20k	20k	n	0.3337	1
es	1	xnli	zh	es	n	condition-2-es-5k	5k	y	0.3538	3
es	1	xnli	zh	es	n	condition-2-es-20k	20k	y	0.3371	1
es	1	xnli	zh	es	n	condition-5-es-5k	5k	y	0.3365	1
es	1	xnli	zh	ur	n	baseline		n	0.3345	1
es	1	xnli	zh	ur	n	condition-1-en-5k	5k	n	0.3373	3
es	1	xnli	zh	ur	n	condition-1-en-20k	20k	n	0.3423	1
es	1	xnli	zh	zh	y	baseline		n	0.3329	1
es	1	xnli	zh	zh	y	condition-1-en-5k	5k	n	0.3349	3
es	1	xnli	zh	zh	y	condition-1-en-20k	20k	n	0.3331	1
es	2	belebele	en	en	y	baseline		n	0.7822	1
es	2	belebele	en	en	y	condition-1-en-5k	5k	y	0.7870	3
es	2	belebele	en	en	y	condition-1-en-20k	20k	y	0.7922	1
es	2	belebele	en	en	y	condition-2-es-5k	5k	n	0.7870	3
es	2	belebele	en	en	y	condition-2-es-20k	20k	n	0.7867	1
es	2	belebele	en	en	y	condition-5-es-5k	5k	n	0.7956	1
es	2	belebele	en	es	n	baseline		n	0.7756	1
es	2	belebele	en	es	n	condition-1-en-5k	5k	n	0.7830	3
es	2	belebele	en	es	n	condition-1-en-20k	20k	n	0.7789	1
es	2	belebele	en	es	n	condition-2-es-5k	5k	y	0.7919	3
es	2	belebele	en	es	n	condition-2-es-20k	20k	y	0.7944	1
es	2	belebele	en	es	n	condition-5-es-5k	5k	y	0.8022	1
es	2	belebele	en	ur	n	baseline		n	0.7489	1
es	2	belebele	en	ur	n	condition-1-en-5k	5k	n	0.7611	3
es	2	belebele	en	ur	n	condition-1-en-20k	20k	n	0.7600	1
es	2	belebele	en	zh	n	baseline		n	0.8000	1
es	2	belebele	en	zh	n	condition-1-en-5k	5k	n	0.8015	3
es	2	belebele	en	zh	n	condition-1-en-20k	20k	n	0.7967	1
es	2	belebele	es	en	n	baseline		n	0.7011	1
es	2	belebele	es	en	n	condition-1-en-5k	5k	y	0.7096	3
es	2	belebele	es	en	n	condition-1-en-20k	20k	y	0.7189	1
es	2	belebele	es	en	n	condition-2-es-5k	5k	n	0.7174	3
es	2	belebele	es	en	n	condition-2-es-20k	20k	n	0.7222	1
es	2	belebele	es	en	n	condition-5-es-5k	5k	n	0.7089	1
es	2	belebele	es	es	y	baseline		n	0.6989	1
es	2	belebele	es	es	y	condition-1-en-5k	5k	n	0.6952	3
es	2	belebele	es	es	y	condition-1-en-20k	20k	n	0.6833	1
es	2	belebele	es	es	y	condition-2-es-5k	5k	y	0.7093	3
es	2	belebele	es	es	y	condition-2-es-20k	20k	y	0.6978	1
es	2	belebele	es	es	y	condition-5-es-5k	5k	y	0.6978	1
es	2	belebele	es	ur	n	baseline		n	0.6389	1
es	2	belebele	es	ur	n	condition-1-en-5k	5k	n	0.6456	3
es	2	belebele	es	ur	n	condition-1-en-20k	20k	n	0.6422	1
es	2	belebele	es	zh	n	baseline		n	0.7167	1
es	2	belebele	es	zh	n	condition-1-en-5k	5k	n	0.7193	3
es	2	belebele	es	zh	n	condition-1-en-20k	20k	n	0.7156	1
es	2	belebele	ur	en	n	baseline		n	0.6144	1
es	2	belebele	ur	en	n	condition-1-en-5k	5k	y	0.6200	3
es	2	belebele	ur	en	n	condition-1-en-20k	20k	y	0.6222	1
es	2	belebele	ur	en	n	condition-2-es-5k	5k	n	0.6259	3
es	2	belebele	ur	en	n	condition-2-es-20k	20k	n	0.6178	1
es	2	belebele	ur	en	n	condition-5-es-5k	5k	n	0.6078	1
es	2	belebele	ur	es	n	baseline		n	0.5544	1
es	2	belebele	ur	es	n	condition-1-en-5k	5k	n	0.5622	3
es	2	belebele	ur	es	n	condition-1-en-20k	20k	n	0.5656	1
es	2	belebele	ur	es	n	condition-2-es-5k	5k	y	0.5922	3
es	2	belebele	ur	es	n	condition-2-es-20k	20k	y	0.5878	1
es	2	belebele	ur	es	n	condition-5-es-5k	5k	y	0.5600	1
es	2	belebele	ur	ur	y	baseline		n	0.5233	1
es	2	belebele	ur	ur	y	condition-1-en-5k	5k	n	0.5256	3
es	2	belebele	ur	ur	y	condition-1-en-20k	20k	n	0.5156	1
es	2	belebele	ur	zh	n	baseline		n	0.6067	1
es	2	belebele	ur	zh	n	condition-1-en-5k	5k	n	0.6030	3
es	2	belebele	ur	zh	n	condition-1-en-20k	20k	n	0.6056	1
es	2	belebele	zh	en	n	baseline		n	0.7589	1
es	2	belebele	zh	en	n	condition-1-en-5k	5k	y	0.7637	3
es	2	belebele	zh	en	n	condition-1-en-20k	20k	y	0.7622	1
es	2	belebele	zh	en	n	condition-2-es-5k	5k	n	0.7648	3
es	2	belebele	zh	en	n	condition-2-es-20k	20k	n	0.7667	1
es	2	belebele	zh	en	n	condition-5-es-5k	5k	n	0.7478	1
es	2	belebele	zh	es	n	baseline		n	0.7367	1
es	2	belebele	zh	es	n	condition-1-en-5k	5k	n	0.7352	3
es	2	belebele	zh	es	n	condition-1-en-20k	20k	n	0.7344	1
es	2	belebele	zh	es	n	condition-2-es-5k	5k	y	0.7467	3
es	2	belebele	zh	es	n	condition-2-es-20k	20k	y	0.7433	1
es	2	belebele	zh	es	n	condition-5-es-5k	5k	y	0.7478	1
es	2	belebele	zh	ur	n	baseline		n	0.7000	1
es	2	belebele	zh	ur	n	condition-1-en-5k	5k	n	0.7093	3
es	2	belebele	zh	ur	n	condition-1-en-20k	20k	n	0.7033	1
es	2	belebele	zh	zh	y	baseline		n	0.7611	1
es	2	belebele	zh	zh	y	condition-1-en-5k	5k	n	0.7578	3
es	2	belebele	zh	zh	y	condition-1-en-20k	20k	n	0.7633	1
es	2	csqa	en	en	y	baseline		n	0.6070	1
es	2	csqa	en	en	y	condition-1-en-5k	5k	y	0.6113	3
es	2	csqa	en	en	y	condition-1-en-20k	20k	y	0.6160	1
es	2	csqa	en	en	y	condition-2-es-5k	5k	n	0.6063	3
es	2	csqa	en	en	y	condition-2-es-20k	20k	n	0.6020	1
es	2	csqa	en	en	y	condition-5-es-5k	5k	n	0.6040	1
es	2	csqa	en	es	n	baseline		n	0.6230	1
es	2	csqa	en	es	n	condition-1-en-5k	5k	n	0.6187	3
es	2	csqa	en	es	n	condition-1-en-20k	20k	n	0.6210	1
es	2	csqa	en	es	n	condition-2-es-5k	5k	y	0.6220	3
es	2	csqa	en	es	n	condition-2-es-20k	20k	y	0.6300	1
es	2	csqa	en	es	n	condition-5-es-5k	5k	y	0.6090	1
es	2	csqa	en	ur	n	baseline		n	0.5790	1
es	2	csqa	en	ur	n	condition-1-en-5k	5k	n	0.5860	3
es	2	csqa	en	ur	n	condition-1-en-20k	20k	n	0.5820	1
es	2	csqa	en	zh	n	baseline		n	0.6310	1
es	2	csqa	en	zh	n	condition-1-en-5k	5k	n	0.6363	3
es	2	csqa	en	zh	n	condition-1-en-20k	20k	n	0.6340	1
es	2	csqa	es	en	n	baseline		n	0.5170	1
es	2	csqa	es	en	n	condition-1-en-5k	5k	y	0.5260	3
es	2	csqa	es	en	n	condition-1-en-20k	20k	y	0.5270	1
es	2	csqa	es	en	n	condition-2-es-5k	5k	n	0.5287	3
es	2	csqa	es	en	n	condition-2-es-20k	20k	n	0.5240	1
es	2	csqa	es	en	n	condition-5-es-5k	5k	n	0.4940	1
es	2	csqa	es	es	y	baseline		n	0.5320	1
es	2	csqa	es	es	y	condition-1-en-5k	5k	n	0.5340	3
es	2	csqa	es	es	y	condition-1-en-20k	20k	n	0.5350	1
es	2	csqa	es	es	y	condition-2-es-5k	5k	y	0.5430	3
es	2	csqa	es	es	y	condition-2-es-20k	20k	y	0.5520	1
es	2	csqa	es	es	y	condition-5-es-5k	5k	y	0.5310	1
es	2	csqa	es	ur	n	baseline		n	0.4800	1
es	2	csqa	es	ur	n	condition-1-en-5k	5k	n	0.4830	3
es	2	csqa	es	ur	n	condition-1-en-20k	20k	n	0.4830	1
es	2	csqa	es	zh	n	baseline		n	0.5300	1
es	2	csqa	es	zh	n	condition-1-en-5k	5k	n	0.5293	3
es	2	csqa	es	zh	n	condition-1-en-20k	20k	n	0.5350	1
es	2	csqa	ur	en	n	baseline		n	0.4170	1
es	2	csqa	ur	en	n	condition-1-en-5k	5k	y	0.4197	3
es	2	csqa	ur	en	n	condition-1-en-20k	20k	y	0.4210	1
es	2	csqa	ur	en	n	condition-2-es-5k	5k	n	0.4200	3
es	2	csqa	ur	en	n	condition-2-es-20k	20k	n	0.4250	1
es	2	csqa	ur	en	n	condition-5-es-5k	5k	n	0.3850	1
es	2	csqa	ur	es	n	baseline		n	0.3930	1
es	2	csqa	ur	es	n	condition-1-en-5k	5k	n	0.3940	3
es	2	csqa	ur	es	n	condition-1-en-20k	20k	n	0.3920	1
es	2	csqa	ur	es	n	condition-2-es-5k	5k	y	0.4027	3
es	2	csqa	ur	es	n	condition-2-es-20k	20k	y	0.4100	1
es	2	csqa	ur	es	n	condition-5-es-5k	5k	y	0.3920	1
es	2	csqa	ur	ur	y	baseline		n	0.3920	1
es	2	csqa	ur	ur	y	condition-1-en-5k	5k	n	0.3920	3
es	2	csqa	ur	ur	y	condition-1-en-20k	20k	n	0.4000	1
es	2	csqa	ur	zh	n	baseline		n	0.4020	1
es	2	csqa	ur	zh	n	condition-1-en-5k	5k	n	0.4030	3
es	2	csqa	ur	zh	n	condition-1-en-20k	20k	n	0.4080	1
es	2	csqa	zh	en	n	baseline		n	0.5320	1
es	2	csqa	zh	en	n	condition-1-en-5k	5k	y	0.5323	3
es	2	csqa	zh	en	n	condition-1-en-20k	20k	y	0.5410	1
es	2	csqa	zh	en	n	condition-2-es-5k	5k	n	0.5413	3
es	2	csqa	zh	en	n	condition-2-es-20k	20k	n	0.5350	1
es	2	csqa	zh	en	n	condition-5-es-5k	5k	n	0.5080	1
es	2	csqa	zh	es	n	baseline		n	0.5100	1
es	2	csqa	zh	es	n	condition-1-en-5k	5k	n	0.5043	3
es	2	csqa	zh	es	n	condition-1-en-20k	20k	n	0.5040	1
es	2	csqa	zh	es	n	condition-2-es-5k	5k	y	0.5093	3
es	2	csqa	zh	es	n	condition-2-es-20k	20k	y	0.5200	1
es	2	csqa	zh	es	n	condition-5-es-5k	5k	y	0.5000	1
es	2	csqa	zh	ur	n	baseline		n	0.4660	1
es	2	csqa	zh	ur	n	condition-1-en-5k	5k	n	0.4663	3
es	2	csqa	zh	ur	n	condition-1-en-20k	20k	n	0.4750	1
es	2	csqa	zh	zh	y	baseline		n	0.5320	1
es	2	csqa	zh	zh	y	condition-1-en-5k	5k	n	0.5343	3
es	2	csqa	zh	zh	y	condition-1-en-20k	20k	n	0.5370	1
es	2	sib200	en	en	y	baseline		n	0.7206	1
es	2	sib200	en	en	y	condition-1-en-5k	5k	y	0.7092	3
es	2	sib200	en	en	y	condition-1-en-20k	20k	y	0.6863	1
es	2	sib200	en	en	y	condition-2-es-5k	5k	n	0.6961	3
es	2	sib200	en	en	y	condition-2-es-20k	20k	n	0.6912	1
es	2	sib200	en	en	y	condition-5-es-5k	5k	n	0.7010	1
es	2	sib200	en	es	n	baseline		n	0.5539	1
es	2	sib200	en	es	n	condition-1-en-5k	5k	n	0.5131	3
es	2	sib200	en	es	n	condition-1-en-20k	20k	n	0.4657	1
es	2	sib200	en	es	n	condition-2-es-5k	5k	y	0.4886	3
es	2	sib200	en	es	n	condition-2-es-20k	20k	y	0.5049	1
es	2	sib200	en	es	n	condition-5-es-5k	5k	y	0.3725	1
es	2	sib200	en	ur	n	baseline		n	0.3971	1
es	2	sib200	en	ur	n	condition-1-en-5k	5k	n	0.4232	3
es	2	sib200	en	ur	n	condition-1-en-20k	20k	n	0.4559	1
es	2	sib200	en	zh	n	baseline		n	0.6520	1
es	2	sib200	en	zh	n	condition-1-en-5k	5k	n	0.6503	3
es	2	sib200	en	zh	n	condition-1-en-20k	20k	n	0.6373	1
es	2	sib200	es	en	n	baseline		n	0.6765	1
es	2	sib200	es	en	n	condition-1-en-5k	5k	y	0.6585	3
es	2	sib200	es	en	n	condition-1-en-20k	20k	y	0.6422	1
es	2	sib200	es	en	n	condition-2-es-5k	5k	n	0.6503	3
es	2	sib200	es	en	n	condition-2-es-20k	20k	n	0.6520	1
es	2	sib200	es	en	n	condition-5-es-5k	5k	n	0.6471	1
es	2	sib200	es	es	y	baseline		n	0.5147	1
es	2	sib200	es	es	y	condition-1-en-5k	5k	n	0.5000	3
es	2	sib200	es	es	y	condition-1-en-20k	20k	n	0.4608	1
es	2	sib200	es	es	y	condition-2-es-5k	5k	y	0.4788	3
es	2	sib200	es	es	y	condition-2-es-20k	20k	y	0.5000	1
es	2	sib200	es	es	y	condition-5-es-5k	5k	y	0.3382	1
es	2	sib200	es	ur	n	baseline		n	0.3088	1
es	2	sib200	es	ur	n	condition-1-en-5k	5k	n	0.3693	3
es	2	sib200	es	ur	n	condition-1-en-20k	20k	n	0.4118	1
es	2	sib200	es	zh	n	baseline		n	0.5931	1
es	2	sib200	es	zh	n	condition-1-en-5k	5k	n	0.5752	3
es	2	sib200	es	zh	n	condition-1-en-20k	20k	n	0.5833	1
es	2	sib200	ur	en	n	baseline		n	0.6814	1
es	2	sib200	ur	en	n	condition-1-en-5k	5k	y	0.6667	3
es	2	sib200	ur	en	n	condition-1-en-20k	20k	y	0.6471	1
es	2	sib200	ur	en	n	condition-2-es-5k	5k	n	0.6601	3
es	2	sib200	ur	en	n	condition-2-es-20k	20k	n	0.6471	1
es	2	sib200	ur	en	n	condition-5-es-5k	5k	n	0.6275	1
es	2	sib200	ur	es	n	baseline		n	0.6127	1
es	2	sib200	ur	es	n	condition-1-en-5k	5k	n	0.5637	3
es	2	sib200	ur	es	n	condition-1-en-20k	20k	n	0.5196	1
es	2	sib200	ur	es	n	condition-2-es-5k	5k	y	0.4477	3
es	2	sib200	ur	es	n	condition-2-es-20k	20k	y	0.4314	1
es	2	sib200	ur	es	n	condition-5-es-5k	5k	y	0.3873	1
es	2	sib200	ur	ur	y	baseline		n	0.5294	1
es	2	sib200	ur	ur	y	condition-1-en-5k	5k	n	0.5441	3
es	2	sib200	ur	ur	y	condition-1-en-20k	20k	n	0.5637	1
es	2	sib200	ur	zh	n	baseline		n	0.5343	1
es	2	sib200	ur	zh	n	condition-1-en-5k	5k	n	0.5294	3
es	2	sib200	ur	zh	n	condition-1-en-20k	20k	n	0.5049	1
es	2	sib200	zh	en	n	baseline		n	0.6961	1
es	2	sib200	zh	en	n	condition-1-en-5k	5k	y	0.6716	3
es	2	sib200	zh	en	n	condition-1-en-20k	20k	y	0.6324	1
es	2	sib200	zh	en	n	condition-2-es-5k	5k	n	0.6536	3
es	2	sib200	zh	en	n	condition-2-es-20k	20k	n	0.6373	1
es	2	sib200	zh	en	n	condition-5-es-5k	5k	n	0.6667	1
es	2	sib200	zh	es	n	baseline		n	0.5588	1
es	2	sib200	zh	es	n	condition-1-en-5k	5k	n	0.5376	3
es	2	sib200	zh	es	n	condition-1-en-20k	20k	n	0.5196	1
es	2	sib200	zh	es	n	condition-2-es-5k	5k	y	0.5033	3
es	2	sib200	zh	es	n	condition-2-es-20k	20k	y	0.5245	1
es	2	sib200	zh	es	n	condition-5-es-5k	5k	y	0.4608	1
es	2	sib200	zh	ur	n	baseline		n	0.3971	1
es	2	sib200	zh	ur	n	condition-1-en-5k	5k	n	0.4853	3
es	2	sib200	zh	ur	n	condition-1-en-20k	20k	n	0.4951	1
es	2	sib200	zh	zh	y	baseline		n	0.6225	1
es	2	sib200	zh	zh	y	condition-1-en-5k	5k	n	0.6242	3
es	2	sib200	zh	zh	y	condition-1-en-20k	20k	n	0.6176	1
es	2	xnli	en	en	y	baseline		n	0.3786	1
es	2	xnli	en	en	y	condition-1-en-5k	5k	y	0.3565	3
es	2	xnli	en	en	y	condition-1-en-20k	20k	y	0.3447	1
es	2	xnli	en	en	y	condition-2-es-5k	5k	n	0.3601	3
es	2	xnli	en	en	y	condition-2-es-20k	20k	n	0.4084	1
es	2	xnli	en	en	y	condition-5-es-5k	5k	n	0.4267	1
es	2	xnli	en	es	n	baseline		n	0.3806	1
es	2	xnli	en	es	n	condition-1-en-5k	5k	n	0.3904	3
es	2	xnli	en	es	n	condition-1-en-20k	20k	n	0.3752	1
es	2	xnli	en	es	n	condition-2-es-5k	5k	y	0.3947	3
es	2	xnli	en	es	n	condition-2-es-20k	20k	y	0.4509	1
es	2	xnli	en	es	n	condition-5-es-5k	5k	y	0.3886	1
es	2	xnli	en	ur	n	baseline		n	0.2589	1
es	2	xnli	en	ur	n	condition-1-en-5k	5k	n	0.2512	3
es	2	xnli	en	ur	n	condition-1-en-20k	20k	n	0.2493	1
es	2	xnli	en	zh	n	baseline		n	0.3337	1
es	2	xnli	en	zh	n	condition-1-en-5k	5k	n	0.3840	3
es	2	xnli	en	zh	n	condition-1-en-20k	20k	n	0.3271	1
es	2	xnli	es	en	n	baseline		n	0.3661	1
es	2	xnli	es	en	n	condition-1-en-5k	5k	y	0.3547	3
es	2	xnli	es	en	n	condition-1-en-20k	20k	y	0.3441	1
es	2	xnli	es	en	n	condition-2-es-5k	5k	n	0.3546	3
es	2	xnli	es	en	n	condition-2-es-20k	20k	n	0.3794	1
es	2	xnli	es	en	n	condition-5-es-5k	5k	n	0.3946	1
es	2	xnli	es	es	y	baseline		n	0.3770	1
es	2	xnli	es	es	y	condition-1-en-5k	5k	n	0.3766	3
es	2	xnli	es	es	y	condition-1-en-20k	20k	n	0.3607	1
es	2	xnli	es	es	y	condition-2-es-5k	5k	y	0.3858	3
es	2	xnli	es	es	y	condition-2-es-20k	20k	y	0.3988	1
es	2	xnli	es	es	y	condition-5-es-5k	5k	y	0.3643	1
es	2	xnli	es	ur	n	baseline		n	0.3319	1
es	2	xnli	es	ur	n	condition-1-en-5k	5k	n	0.3191	3
es	2	xnli	es	ur	n	condition-1-en-20k	20k	n	0.3140	1
es	2	xnli	es	zh	n	baseline		n	0.2369	1
es	2	xnli	es	zh	n	condition-1-en-5k	5k	n	0.3463	3
es	2	xnli	es	zh	n	condition-1-en-20k	20k	n	0.2715	1
es	2	xnli	ur	en	n	baseline		n	0.3357	1
es	2	xnli	ur	en	n	condition-1-en-5k	5k	y	0.3330	3
es	2	xnli	ur	en	n	condition-1-en-20k	20k	y	0.3325	1
es	2	xnli	ur	en	n	condition-2-es-5k	5k	n	0.3340	3
es	2	xnli	ur	en	n	condition-2-es-20k	20k	n	0.3325	1
es	2	xnli	ur	en	n	condition-5-es-5k	5k	n	0.3367	1
es	2	xnli	ur	es	n	baseline		n	0.2499	1
es	2	xnli	ur	es	n	condition-1-en-5k	5k	n	0.3744	3
es	2	xnli	ur	es	n	condition-1-en-20k	20k	n	0.3697	1
es	2	xnli	ur	es	n	condition-2-es-5k	5k	y	0.4003	3
es	2	xnli	ur	es	n	condition-2-es-20k	20k	y	0.3950	1
es	2	xnli	ur	es	n	condition-5-es-5k	5k	y	0.3525	1
es	2	xnli	ur	ur	y	baseline		n	0.3228	1
es	2	xnli	ur	ur	y	condition-1-en-5k	5k	n	0.3246	3
es	2	xnli	ur	ur	y	condition-1-en-20k	20k	n	0.3248	1
es	2	xnli	ur	zh	n	baseline		n	0.2078	1
es	2	xnli	ur	zh	n	condition-1-en-5k	5k	n	0.2758	3
es	2	xnli	ur	zh	n	condition-1-en-20k	20k	n	0.2629	1
es	2	xnli	zh	en	n	baseline		n	0.4649	1
es	2	xnli	zh	en	n	condition-1-en-5k	5k	y	0.4415	3
es	2	xnli	zh	en	n	condition-1-en-20k	20k	y	0.4042	1
es	2	xnli	zh	en	n	condition-2-es-5k	5k	n	0.4148	3
es	2	xnli	zh	en	n	condition-2-es-20k	20k	n	0.4838	1
es	2	xnli	zh	en	n	condition-5-es-5k	5k	n	0.4403	1
es	2	xnli	zh	es	n	baseline		n	0.3637	1
es	2	xnli	zh	es	n	condition-1-en-5k	5k	n	0.3677	3
es	2	xnli	zh	es	n	condition-1-en-20k	20k	n	0.3870	1
es	2	xnli	zh	es	n	condition-2-es-5k	5k	y	0.3610	3
es	2	xnli	zh	es	n	condition-2-es-20k	20k	y	0.3737	1
es	2	xnli	zh	es	n	condition-5-es-5k	5k	y	0.3549	1
es	2	xnli	zh	ur	n	baseline		n	0.3341	1
es	2	xnli	zh	ur	n	condition-1-en-5k	5k	n	0.3365	3
es	2	xnli	zh	ur	n	condition-1-en-20k	20k	n	0.3363	1
es	2	xnli	zh	zh	y	baseline		n	0.2491	1
es	2	xnli	zh	zh	y	condition-1-en-5k	5k	n	0.2910	3
es	2	xnli	zh	zh	y	condition-1-en-20k	20k	n	0.2868	1
ur	1	belebele	en	en	y	baseline		n	0.7678	1
ur	1	belebele	en	en	y	condition-1-en-5k	5k	y	0.7781	3
ur	1	belebele	en	en	y	condition-1-en-20k	20k	y	0.7767	1
ur	1	belebele	en	en	y	condition-2-ur-5k	5k	n	0.7907	3
ur	1	belebele	en	en	y	condition-2-ur-20k	20k	n	0.7922	1
ur	1	belebele	en	en	y	condition-5-ur-5k	5k	n	0.7922	1
ur	1	belebele	en	es	n	baseline		n	0.7611	1
ur	1	belebele	en	es	n	condition-1-en-5k	5k	n	0.7604	3
ur	1	belebele	en	es	n	condition-1-en-20k	20k	n	0.7611	1
ur	1	belebele	en	ur	n	baseline		n	0.7411	1
ur	1	belebele	en	ur	n	condition-1-en-5k	5k	n	0.7548	3
ur	1	belebele	en	ur	n	condition-1-en-20k	20k	n	0.7611	1
ur	1	belebele	en	ur	n	condition-2-ur-5k	5k	y	0.8019	3
ur	1	belebele	en	ur	n	condition-2-ur-20k	20k	y	0.7856	1
ur	1	belebele	en	ur	n	condition-5-ur-5k	5k	y	0.7567	1
ur	1	belebele	en	zh	n	baseline		n	0.7889	1
ur	1	belebele	en	zh	n	condition-1-en-5k	5k	n	0.7885	3
ur	1	belebele	en	zh	n	condition-1-en-20k	20k	n	0.7900	1
ur	1	belebele	es	en	n	baseline		n	0.6911	1
ur	1	belebele	es	en	n	condition-1-en-5k	5k	y	0.7000	3
ur	1	belebele	es	en	n	condition-1-en-20k	20k	y	0.7000	1
ur	1	belebele	es	en	n	condition-2-ur-5k	5k	n	0.7241	3
ur	1	belebele	es	en	n	condition-2-ur-20k	20k	n	0.7144	1
ur	1	belebele	es	en	n	condition-5-ur-5k	5k	n	0.7200	1
ur	1	belebele	es	es	y	baseline		n	0.6722	1
ur	1	belebele	es	es	y	condition-1-en-5k	5k	n	0.6719	3
ur	1	belebele	es	es	y	condition-1-en-20k	20k	n	0.6667	1
ur	1	belebele	es	ur	n	baseline		n	0.6389	1
ur	1	belebele	es	ur	n	condition-1-en-5k	5k	n	0.6422	3
ur	1	belebele	es	ur	n	condition-1-en-20k	20k	n	0.6344	1
ur	1	belebele	es	ur	n	condition-2-ur-5k	5k	y	0.7170	3
ur	1	belebele	es	ur	n	condition-2-ur-20k	20k	y	0.6889	1
ur	1	belebele	es	ur	n	condition-5-ur-5k	5k	y	0.6711	1
ur	1	belebele	es	zh	n	baseline		n	0.6956	1
ur	1	belebele	es	zh	n	condition-1-en-5k	5k	n	0.6937	3
ur	1	belebele	es	zh	n	condition-1-en-20k	20k	n	0.6989	1
ur	1	belebele	ur	en	n	baseline		n	0.6044	1
ur	1	belebele	ur	en	n	condition-1-en-5k	5k	y	0.6130	3
ur	1	belebele	ur	en	n	condition-1-en-20k	20k	y	0.6144	1
ur	1	belebele	ur	en	n	condition-2-ur-5k	5k	n	0.6289	3
ur	1	belebele	ur	en	n	condition-2-ur-20k	20k	n	0.6000	1
ur	1	belebele	ur	en	n	condition-5-ur-5k	5k	n	0.5967	1
ur	1	belebele	ur	es	n	baseline		n	0.5389	1
ur	1	belebele	ur	es	n	condition-1-en-5k	5k	n	0.5356	3
ur	1	belebele	ur	es	n	condition-1-en-20k	20k	n	0.5389	1
ur	1	belebele	ur	ur	y	baseline		n	0.5289	1
ur	1	belebele	ur	ur	y	condition-1-en-5k	5k	n	0.5367	3
ur	1	belebele	ur	ur	y	condition-1-en-20k	20k	n	0.5233	1
ur	1	belebele	ur	ur	y	condition-2-ur-5k	5k	y	0.5633	3
ur	1	belebele	ur	ur	y	condition-2-ur-20k	20k	y	0.5000	1
ur	1	belebele	ur	ur	y	condition-5-ur-5k	5k	y	0.5433	1
ur	1	belebele	ur	zh	n	baseline		n	0.5922	1
ur	1	belebele	ur	zh	n	condition-1-en-5k	5k	n	0.5996	3
ur	1	belebele	ur	zh	n	condition-1-en-20k	20k	n	0.5944	1
ur	1	belebele	zh	en	n	baseline		n	0.7500	1
ur	1	belebele	zh	en	n	condition-1-en-5k	5k	y	0.7596	3
ur	1	belebele	zh	en	n	condition-1-en-20k	20k	y	0.7600	1
ur	1	belebele	zh	en	n	condition-2-ur-5k	5k	n	0.7741	3
ur	1	belebele	zh	en	n	condition-2-ur-20k	20k	n	0.7678	1
ur	1	belebele	zh	en	n	condition-5-ur-5k	5k	n	0.7611	1
ur	1	belebele	zh	es	n	baseline		n	0.7033	1
ur	1	belebele	zh	es	n	condition-1-en-5k	5k	n	0.7044	3
ur	1	belebele	zh	es	n	condition-1-en-20k	20k	n	0.7011	1
ur	1	belebele	zh	ur	n	baseline		n	0.7011	1
ur	1	belebele	zh	ur	n	condition-1-en-5k	5k	n	0.7144	3
ur	1	belebele	zh	ur	n	condition-1-en-20k	20k	n	0.7044	1
ur	1	belebele	zh	ur	n	condition-2-ur-5k	5k	y	0.7600	3
ur	1	belebele	zh	ur	n	condition-2-ur-20k	20k	y	0.7500	1
ur	1	belebele	zh	ur	n	condition-5-ur-5k	5k	y	0.7033	1
ur	1	belebele	zh	zh	y	baseline		n	0.7756	1
ur	1	belebele	zh	zh	y	condition-1-en-5k	5k	n	0.7752	3
ur	1	belebele	zh	zh	y	condition-1-en-20k	20k	n	0.7656	1
ur	1	csqa	en	en	y	baseline		n	0.6070	1
ur	1	csqa	en	en	y	condition-1-en-5k	5k	y	0.6120	3
ur	1	csqa	en	en	y	condition-1-en-20k	20k	y	0.6150	1
ur	1	csqa	en	en	y	condition-2-ur-5k	5k	n	0.6103	3
ur	1	csqa	en	en	y	condition-2-ur-20k	20k	n	0.6170	1
ur	1	csqa	en	en	y	condition-5-ur-5k	5k	n	0.6010	1
ur	1	csqa	en	es	n	baseline		n	0.6040	1
ur	1	csqa	en	es	n	condition-1-en-5k	5k	n	0.6117	3
ur	1	csqa	en	es	n	condition-1-en-20k	20k	n	0.6140	1
ur	1	csqa	en	ur	n	baseline		n	0.5850	1
ur	1	csqa	en	ur	n	condition-1-en-5k	5k	n	0.5920	3
ur	1	csqa	en	ur	n	condition-1-en-20k	20k	n	0.5930	1
ur	1	csqa	en	ur	n	condition-2-ur-5k	5k	y	0.5977	3
ur	1	csqa	en	ur	n	condition-2-ur-20k	20k	y	0.6100	1
ur	1	csqa	en	ur	n	condition-5-ur-5k	5k	y	0.5640	1
ur	1	csqa	en	zh	n	baseline		n	0.6410	1
ur	1	csqa	en	zh	n	condition-1-en-5k	5k	n	0.6447	3
ur	1	csqa	en	zh	n	condition-1-en-20k	20k	n	0.6520	1
ur	1	csqa	es	en	n	baseline		n	0.5240	1
ur	1	csqa	es	en	n	condition-1-en-5k	5k	y	0.5303	3
ur	1	csqa	es	en	n	condition-1-en-20k	20k	y	0.5370	1
ur	1	csqa	es	en	n	condition-2-ur-5k	5k	n	0.5393	3
ur	1	csqa	es	en	n	condition-2-ur-20k	20k	n	0.5430	1
ur	1	csqa	es	en	n	condition-5-ur-5k	5k	n	0.5030	1
ur	1	csqa	es	es	y	baseline		n	0.5290	1
ur	1	csqa	es	es	y	condition-1-en-5k	5k	n	0.5333	3
ur	1	csqa	es	es	y	condition-1-en-20k	20k	n	0.5230	1
ur	1	csqa	es	ur	n	baseline		n	0.4730	1
ur	1	csqa	es	ur	n	condition-1-en-5k	5k	n	0.4823	3
ur	1	csqa	es	ur	n	condition-1-en-20k	20k	n	0.4830	1
ur	1	csqa	es	ur	n	condition-2-ur-5k	5k	y	0.4890	3
ur	1	csqa	es	ur	n	condition-2-ur-20k	20k	y	0.4990	1
ur	1	csqa	es	ur	n	condition-5-ur-5k	5k	y	0.4460	1
ur	1	csqa	es	zh	n	baseline		n	0.5470	1
ur	1	csqa	es	zh	n	condition-1-en-5k	5k	n	0.5480	3
ur	1	csqa	es	zh	n	condition-1-en-20k	20k	n	0.5530	1
ur	1	csqa	ur	en	n	baseline		n	0.4240	1
ur	1	csqa	ur	en	n	condition-1-en-5k	5k	y	0.4237	3
ur	1	csqa	ur	en	n	condition-1-en-20k	20k	y	0.4320	1
ur	1	csqa	ur	en	n	condition-2-ur-5k	5k	n	0.4030	3
ur	1	csqa	ur	en	n	condition-2-ur-20k	20k	n	0.3740	1
ur	1	csqa	ur	en	n	condition-5-ur-5k	5k	n	0.3390	1
ur	1	csqa	ur	es	n	baseline		n	0.3960	1
ur	1	csqa	ur	es	n	condition-1-en-5k	5k	n	0.3970	3
ur	1	csqa	ur	es	n	condition-1-en-20k	20k	n	0.3940	1
ur	1	csqa	ur	ur	y	baseline		n	0.4040	1
ur	1	csqa	ur	ur	y	condition-1-en-5k	5k	n	0.4090	3
ur	1	csqa	ur	ur	y	condition-1-en-20k	20k	n	0.4020	1
ur	1	csqa	ur	ur	y	condition-2-ur-5k	5k	y	0.3663	3
ur	1	csqa	ur	ur	y	condition-2-ur-20k	20k	y	0.3410	1
ur	1	csqa	ur	ur	y	condition-5-ur-5k	5k	y	0.3300	1
ur	1	csqa	ur	zh	n	baseline		n	0.3760	1
ur	1	csqa	ur	zh	n	condition-1-en-5k	5k	n	0.3867	3
ur	1	csqa	ur	zh	n	condition-1-en-20k	20k	n	0.3960	1
ur	1	csqa	zh	en	n	baseline		n	0.5450	1
ur	1	csqa	zh	en	n	condition-1-en-5k	5k	y	0.5527	3
ur	1	csqa	zh	en	n	condition-1-en-20k	20k	y	0.5490	1
ur	1	csqa	zh	en	n	condition-2-ur-5k	5k	n	0.5607	3
ur	1	csqa	zh	en	n	condition-2-ur-20k	20k	n	0.5490	1
ur	1	csqa	zh	en	n	condition-5-ur-5k	5k	n	0.5140	1
ur	1	csqa	zh	es	n	baseline		n	0.5000	1
ur	1	csqa	zh	es	n	condition-1-en-5k	5k	n	0.5067	3
ur	1	csqa	zh	es	n	condition-1-en-20k	20k	n	0.5110	1
ur	1	csqa	zh	ur	n	baseline		n	0.4810	1
ur	1	csqa	zh	ur	n	condition-1-en-5k	5k	n	0.4820	3
ur	1	csqa	zh	ur	n	condition-1-en-20k	20k	n	0.4830	1
ur	1	csqa	zh	ur	n	condition-2-ur-5k	5k	y	0.4883	3
ur	1	csqa	zh	ur	n	condition-2-ur-20k	20k	y	0.4970	1
ur	1	csqa	zh	ur	n	condition-5-ur-5k	5k	y	0.4280	1
ur	1	csqa	zh	zh	y	baseline		n	0.5340	1
ur	1	csqa	zh	zh	y	condition-1-en-5k	5k	n	0.5267	3
ur	1	csqa	zh	zh	y	condition-1-en-20k	20k	n	0.5360	1
ur	1	sib200	en	en	y	baseline		n	0.7549	1
ur	1	sib200	en	en	y	condition-1-en-5k	5k	y	0.7533	3
ur	1	sib200	en	en	y	condition-1-en-20k	20k	y	0.7549	1
ur	1	sib200	en	en	y	condition-2-ur-5k	5k	n	0.7729	3
ur	1	sib200	en	en	y	condition-2-ur-20k	20k	n	0.7647	1
ur	1	sib200	en	en	y	condition-5-ur-5k	5k	n	0.7010	1
ur	1	sib200	en	es	n	baseline		n	0.6618	1
ur	1	sib200	en	es	n	condition-1-en-5k	5k	n	0.6487	3
ur	1	sib200	en	es	n	condition-1-en-20k	20k	n	0.6176	1
ur	1	sib200	en	ur	n	baseline		n	0.4951	1
ur	1	sib200	en	ur	n	condition-1-en-5k	5k	n	0.4804	3
ur	1	sib200	en	ur	n	condition-1-en-20k	20k	n	0.4951	1
ur	1	sib200	en	ur	n	condition-2-ur-5k	5k	y	0.5719	3
ur	1	sib200	en	ur	n	condition-2-ur-20k	20k	y	0.3725	1
ur	1	sib200	en	ur	n	condition-5-ur-5k	5k	y	0.4706	1
ur	1	sib200	en	zh	n	baseline		n	0.7157	1
ur	1	sib200	en	zh	n	condition-1-en-5k	5k	n	0.7059	3
ur	1	sib200	en	zh	n	condition-1-en-20k	20k	n	0.6961	1
ur	1	sib200	es	en	n	baseline		n	0.7745	1
ur	1	sib200	es	en	n	condition-1-en-5k	5k	y	0.7582	3
ur	1	sib200	es	en	n	condition-1-en-20k	20k	y	0.7745	1
ur	1	sib200	es	en	n	condition-2-ur-5k	5k	n	0.7190	3
ur	1	sib200	es	en	n	condition-2-ur-20k	20k	n	0.7304	1
ur	1	sib200	es	en	n	condition-5-ur-5k	5k	n	0.6961	1
ur	1	sib200	es	es	y	baseline		n	0.6520	1
ur	1	sib200	es	es	y	condition-1-en-5k	5k	n	0.6389	3
ur	1	sib200	es	es	y	condition-1-en-20k	20k	n	0.6029	1
ur	1	sib200	es	ur	n	baseline		n	0.5343	1
ur	1	sib200	es	ur	n	condition-1-en-5k	5k	n	0.4935	3
ur	1	sib200	es	ur	n	condition-1-en-20k	20k	n	0.5147	1
ur	1	sib200	es	ur	n	condition-2-ur-5k	5k	y	0.5392	3
ur	1	sib200	es	ur	n	condition-2-ur-20k	20k	y	0.3137	1
ur	1	sib200	es	ur	n	condition-5-ur-5k	5k	y	0.4510	1
ur	1	sib200	es	zh	n	baseline		n	0.6373	1
ur	1	sib200	es	zh	n	condition-1-en-5k	5k	n	0.6324	3
ur	1	sib200	es	zh	n	condition-1-en-20k	20k	n	0.6225	1
ur	1	sib200	ur	en	n	baseline		n	0.7255	1
ur	1	sib200	ur	en	n	condition-1-en-5k	5k	y	0.6895	3
ur	1	sib200	ur	en	n	condition-1-en-20k	20k	y	0.6863	1
ur	1	sib200	ur	en	n	condition-2-ur-5k	5k	n	0.6765	3
ur	1	sib200	ur	en	n	condition-2-ur-20k	20k	n	0.6569	1
ur	1	sib200	ur	en	n	condition-5-ur-5k	5k	n	0.5392	1
ur	1	sib200	ur	es	n	baseline		n	0.5343	1
ur	1	sib200	ur	es	n	condition-1-en-5k	5k	n	0.5180	3
ur	1	sib200	ur	es	n	condition-1-en-20k	20k	n	0.5000	1
ur	1	sib200	ur	ur	y	baseline		n	0.5735	1
ur	1	sib200	ur	ur	y	condition-1-en-5k	5k	n	0.5588	3
ur	1	sib200	ur	ur	y	condition-1-en-20k	20k	n	0.5686	1
ur	1	sib200	ur	ur	y	condition-2-ur-5k	5k	y	0.4232	3
ur	1	sib200	ur	ur	y	condition-2-ur-20k	20k	y	0.2598	1
ur	1	sib200	ur	ur	y	condition-5-ur-5k	5k	y	0.4951	1
ur	1	sib200	ur	zh	n	baseline		n	0.5735	1
ur	1	sib200	ur	zh	n	condition-1-en-5k	5k	n	0.5539	3
ur	1	sib200	ur	zh	n	condition-1-en-20k	20k	n	0.5245	1
ur	1	sib200	zh	en	n	baseline		n	0.7892	1
ur	1	sib200	zh	en	n	condition-1-en-5k	5k	y	0.7500	3
ur	1	sib200	zh	en	n	condition-1-en-20k	20k	y	0.7647	1
ur	1	sib200	zh	en	n	condition-2-ur-5k	5k	n	0.7353	3
ur	1	sib200	zh	en	n	condition-2-ur-20k	20k	n	0.7304	1
ur	1	sib200	zh	en	n	condition-5-ur-5k	5k	n	0.7059	1
ur	1	sib200	zh	es	n	baseline		n	0.5882	1
ur	1	sib200	zh	es	n	condition-1-en-5k	5k	n	0.5735	3
ur	1	sib200	zh	es	n	condition-1-en-20k	20k	n	0.5490	1
ur	1	sib200	zh	ur	n	baseline		n	0.5294	1
ur	1	sib200	zh	ur	n	condition-1-en-5k	5k	n	0.5245	3
ur	1	sib200	zh	ur	n	condition-1-en-20k	20k	n	0.5294	1
ur	1	sib200	zh	ur	n	condition-2-ur-5k	5k	y	0.6781	3
ur	1	sib200	zh	ur	n	condition-2-ur-20k	20k	y	0.3971	1
ur	1	sib200	zh	ur	n	condition-5-ur-5k	5k	y	0.5049	1
ur	1	sib200	zh	zh	y	baseline		n	0.6667	1
ur	1	sib200	zh	zh	y	condition-1-en-5k	5k	n	0.6650	3
ur	1	sib200	zh	zh	y	condition-1-en-20k	20k	n	0.6471	1
ur	1	xnli	en	en	y	baseline		n	0.4998	1
ur	1	xnli	en	en	y	condition-1-en-5k	5k	y	0.5226	3
ur	1	xnli	en	en	y	condition-1-en-20k	20k	y	0.5166	1
ur	1	xnli	en	en	y	condition-2-ur-5k	5k	n	0.5279	3
ur	1	xnli	en	en	y	condition-2-ur-20k	20k	n	0.5379	1
ur	1	xnli	en	en	y	condition-5-ur-5k	5k	n	0.5060	1
ur	1	xnli	en	es	n	baseline		n	0.3980	1
ur	1	xnli	en	es	n	condition-1-en-5k	5k	n	0.4161	3
ur	1	xnli	en	es	n	condition-1-en-20k	20k	n	0.4457	1
ur	1	xnli	en	ur	n	baseline		n	0.3816	1
ur	1	xnli	en	ur	n	condition-1-en-5k	5k	n	0.4253	3
ur	1	xnli	en	ur	n	condition-1-en-20k	20k	n	0.4677	1
ur	1	xnli	en	ur	n	condition-2-ur-5k	5k	y	0.3551	3
ur	1	xnli	en	ur	n	condition-2-ur-20k	20k	y	0.4595	1
ur	1	xnli	en	ur	n	condition-5-ur-5k	5k	y	0.3261	1
ur	1	xnli	en	zh	n	baseline		n	0.3333	1
ur	1	xnli	en	zh	n	condition-1-en-5k	5k	n	0.3340	3
ur	1	xnli	en	zh	n	condition-1-en-20k	20k	n	0.3329	1
ur	1	xnli	es	en	n	baseline		n	0.4525	1
ur	1	xnli	es	en	n	condition-1-en-5k	5k	y	0.4687	3
ur	1	xnli	es	en	n	condition-1-en-20k	20k	y	0.4677	1
ur	1	xnli	es	en	n	condition-2-ur-5k	5k	n	0.4737	3
ur	1	xnli	es	en	n	condition-2-ur-20k	20k	n	0.5002	1
ur	1	xnli	es	en	n	condition-5-ur-5k	5k	n	0.4671	1
ur	1	xnli	es	es	y	baseline		n	0.4547	1
ur	1	xnli	es	es	y	condition-1-en-5k	5k	n	0.4623	3
ur	1	xnli	es	es	y	condition-1-en-20k	20k	n	0.4758	1
ur	1	xnli	es	ur	n	baseline		n	0.3433	1
ur	1	xnli	es	ur	n	condition-1-en-5k	5k	n	0.3516	3
ur	1	xnli	es	ur	n	condition-1-en-20k	20k	n	0.3752	1
ur	1	xnli	es	ur	n	condition-2-ur-5k	5k	y	0.3452	3
ur	1	xnli	es	ur	n	condition-2-ur-20k	20k	y	0.3673	1
ur	1	xnli	es	ur	n	condition-5-ur-5k	5k	y	0.3283	1
ur	1	xnli	es	zh	n	baseline		n	0.3337	1
ur	1	xnli	es	zh	n	condition-1-en-5k	5k	n	0.3343	3
ur	1	xnli	es	zh	n	condition-1-en-20k	20k	n	0.3337	1
ur	1	xnli	ur	en	n	baseline		n	0.4343	1
ur	1	xnli	ur	en	n	condition-1-en-5k	5k	y	0.4375	3
ur	1	xnli	ur	en	n	condition-1-en-20k	20k	y	0.4379	1
ur	1	xnli	ur	en	n	condition-2-ur-5k	5k	n	0.4220	3
ur	1	xnli	ur	en	n	condition-2-ur-20k	20k	n	0.4439	1
ur	1	xnli	ur	en	n	condition-5-ur-5k	5k	n	0.4174	1
ur	1	xnli	ur	es	n	baseline		n	0.3727	1
ur	1	xnli	ur	es	n	condition-1-en-5k	5k	n	0.3844	3
ur	1	xnli	ur	es	n	condition-1-en-20k	20k	n	0.4060	1
ur	1	xnli	ur	ur	y	baseline		n	0.3327	1
ur	1	xnli	ur	ur	y	condition-1-en-5k	5k	n	0.3336	3
ur	1	xnli	ur	ur	y	condition-1-en-20k	20k	n	0.3403	1
ur	1	xnli	ur	ur	y	condition-2-ur-5k	5k	y	0.3365	3
ur	1	xnli	ur	ur	y	condition-2-ur-20k	20k	y	0.3337	1
ur	1	xnli	ur	ur	y	condition-5-ur-5k	5k	y	0.3263	1
ur	1	xnli	ur	zh	n	baseline		n	0.3311	1
ur	1	xnli	ur	zh	n	condition-1-en-5k	5k	n	0.3331	3
ur	1	xnli	ur	zh	n	condition-1-en-20k	20k	n	0.3333	1
ur	1	xnli	zh	en	n	baseline		n	0.3906	1
ur	1	xnli	zh	en	n	condition-1-en-5k	5k	y	0.4034	3
ur	1	xnli	zh	en	n	condition-1-en-20k	20k	y	0.4120	1
ur	1	xnli	zh	en	n	condition-2-ur-5k	5k	n	0.4318	3
ur	1	xnli	zh	en	n	condition-2-ur-20k	20k	n	0.4413	1
ur	1	xnli	zh	en	n	condition-5-ur-5k	5k	n	0.4794	1
ur	1	xnli	zh	es	n	baseline		n	0.3333	1
ur	1	xnli	zh	es	n	condition-1-en-5k	5k	n	0.3333	3
ur	1	xnli	zh	es	n	condition-1-en-20k	20k	n	0.3337	1
ur	1	xnli	zh	ur	n	baseline		n	0.3345	1
ur	1	xnli	zh	ur	n	condition-1-en-5k	5k	n	0.3373	3
ur	1	xnli	zh	ur	n	condition-1-en-20k	20k	n	0.3423	1
ur	1	xnli	zh	ur	n	condition-2-ur-5k	5k	y	0.3343	3
ur	1	xnli	zh	ur	n	condition-2-ur-20k	20k	y	0.3403	1
ur	1	xnli	zh	ur	n	condition-5-ur-5k	5k	y	0.3333	1
ur	1	xnli	zh	zh	y	baseline		n	0.3329	1
ur	1	xnli	zh	zh	y	condition-1-en-5k	5k	n	0.3349	3
ur	1	xnli	zh	zh	y	condition-1-en-20k	20k	n	0.3331	1
ur	2	belebele	en	en	y	baseline		n	0.7822	1
ur	2	belebele	en	en	y	condition-1-en-5k	5k	y	0.7870	3
ur	2	belebele	en	en	y	condition-1-en-20k	20k	y	0.7922	1
ur	2	belebele	en	en	y	condition-2-ur-5k	5k	n	0.7952	3
ur	2	belebele	en	en	y	condition-2-ur-20k	20k	n	0.7944	1
ur	2	belebele	en	en	y	condition-5-ur-5k	5k	n	0.8100	1
ur	2	belebele	en	es	n	baseline		n	0.7756	1
ur	2	belebele	en	es	n	condition-1-en-5k	5k	n	0.7830	3
ur	2	belebele	en	es	n	condition-1-en-20k	20k	n	0.7789	1
ur	2	belebele	en	ur	n	baseline		n	0.7489	1
ur	2	belebele	en	ur	n	condition-1-en-5k	5k	n	0.7611	3
ur	2	belebele	en	ur	n	condition-1-en-20k	20k	n	0.7600	1
ur	2	belebele	en	ur	n	condition-2-ur-5k	5k	y	0.8096	3
ur	2	belebele	en	ur	n	condition-2-ur-20k	20k	y	0.7844	1
ur	2	belebele	en	ur	n	condition-5-ur-5k	5k	y	0.7544	1
ur	2	belebele	en	zh	n	baseline		n	0.8000	1
ur	2	belebele	en	zh	n	condition-1-en-5k	5k	n	0.8015	3
ur	2	belebele	en	zh	n	condition-1-en-20k	20k	n	0.7967	1
ur	2	belebele	es	en	n	baseline		n	0.7011	1
ur	2	belebele	es	en	n	condition-1-en-5k	5k	y	0.7096	3
ur	2	belebele	es	en	n	condition-1-en-20k	20k	y	0.7189	1
ur	2	belebele	es	en	n	condition-2-ur-5k	5k	n	0.7393	3
ur	2	belebele	es	en	n	condition-2-ur-20k	20k	n	0.7300	1
ur	2	belebele	es	en	n	condition-5-ur-5k	5k	n	0.7444	1
ur	2	belebele	es	es	y	baseline		n	0.6989	1
ur	2	belebele	es	es	y	condition-1-en-5k	5k	n	0.6952	3
ur	2	belebele	es	es	y	condition-1-en-20k	20k	n	0.6833	1
ur	2	belebele	es	ur	n	baseline		n	0.6389	1
ur	2	belebele	es	ur	n	condition-1-en-5k	5k	n	0.6456	3
ur	2	belebele	es	ur	n	condition-1-en-20k	20k	n	0.6422	1
ur	2	belebele	es	ur	n	condition-2-ur-5k	5k	y	0.7078	3
ur	2	belebele	es	ur	n	condition-2-ur-20k	20k	y	0.6889	1
ur	2	belebele	es	ur	n	condition-5-ur-5k	5k	y	0.6911	1
ur	2	belebele	es	zh	n	baseline		n	0.7167	1
ur	2	belebele	es	zh	n	condition-1-en-5k	5k	n	0.7193	3
ur	2	belebele	es	zh	n	condition-1-en-20k	20k	n	0.7156	1
ur	2	belebele	ur	en	n	baseline		n	0.6144	1
ur	2	belebele	ur	en	n	condition-1-en-5k	5k	y	0.6200	3
ur	2	belebele	ur	en	n	condition-1-en-20k	20k	y	0.6222	1
ur	2	belebele	ur	en	n	condition-2-ur-5k	5k	n	0.6381	3
ur	2	belebele	ur	en	n	condition-2-ur-20k	20k	n	0.6056	1
ur	2	belebele	ur	en	n	condition-5-ur-5k	5k	n	0.6267	1
ur	2	belebele	ur	es	n	baseline		n	0.5544	1
ur	2	belebele	ur	es	n	condition-1-en-5k	5k	n	0.5622	3
ur	2	belebele	ur	es	n	condition-1-en-20k	20k	n	0.5656	1
ur	2	belebele	ur	ur	y	baseline		n	0.5233	1
ur	2	belebele	ur	ur	y	condition-1-en-5k	5k	n	0.5256	3
ur	2	belebele	ur	ur	y	condition-1-en-20k	20k	n	0.5156	1
ur	2	belebele	ur	ur	y	condition-2-ur-5k	5k	y	0.5704	3
ur	2	belebele	ur	ur	y	condition-2-ur-20k	20k	y	0.4844	1
ur	2	belebele	ur	ur	y	condition-5-ur-5k	5k	y	0.5511	1
ur	2	belebele	ur	zh	n	baseline		n	0.6067	1
ur	2	belebele	ur	zh	n	condition-1-en-5k	5k	n	0.6030	3
ur	2	belebele	ur	zh	n	condition-1-en-20k	20k	n	0.6056	1
ur	2	belebele	zh	en	n	baseline		n	0.7589	1
ur	2	belebele	zh	en	n	condition-1-en-5k	5k	y	0.7637	3
ur	2	belebele	zh	en	n	condition-1-en-20k	20k	y	0.7622	1
ur	2	belebele	zh	en	n	condition-2-ur-5k	5k	n	0.7770	3
ur	2	belebele	zh	en	n	condition-2-ur-20k	20k	n	0.7744	1
ur	2	belebele	zh	en	n	condition-5-ur-5k	5k	n	0.7722	1
ur	2	belebele	zh	es	n	baseline		n	0.7367	1
ur	2	belebele	zh	es	n	condition-1-en-5k	5k	n	0.7352	3
ur	2	belebele	zh	es	n	condition-1-en-20k	20k	n	0.7344	1
ur	2	belebele	zh	ur	n	baseline		n	0.7000	1
ur	2	belebele	zh	ur	n	condition-1-en-5k	5k	n	0.7093	3
ur	2	belebele	zh	ur	n	condition-1-en-20k	20k	n	0.7033	1
ur	2	belebele	zh	ur	n	condition-2-ur-5k	5k	y	0.7641	3
ur	2	belebele	zh	ur	n	condition-2-ur-20k	20k	y	0.7467	1
ur	2	belebele	zh	ur	n	condition-5-ur-5k	5k	y	0.7044	1
ur	2	belebele	zh	zh	y	baseline		n	0.7611	1
ur	2	belebele	zh	zh	y	condition-1-en-5k	5k	n	0.7578	3
ur	2	belebele	zh	zh	y	condition-1-en-20k	20k	n	0.7633	1
ur	2	csqa	en	en	y	baseline		n	0.6070	1
ur	2	csqa	en	en	y	condition-1-en-5k	5k	y	0.6113	3
ur	2	csqa	en	en	y	condition-1-en-20k	20k	y	0.6160	1
ur	2	csqa	en	en	y	condition-2-ur-5k	5k	n	0.6130	3
ur	2	csqa	en	en	y	condition-2-ur-20k	20k	n	0.6080	1
ur	2	csqa	en	en	y	condition-5-ur-5k	5k	n	0.5830	1
ur	2	csqa	en	es	n	baseline		n	0.6230	1
ur	2	csqa	en	es	n	condition-1-en-5k	5k	n	0.6187	3
ur	2	csqa	en	es	n	condition-1-en-20k	20k	n	0.6210	1
ur	2	csqa	en	ur	n	baseline		n	0.5790	1
ur	2	csqa	en	ur	n	condition-1-en-5k	5k	n	0.5860	3
ur	2	csqa	en	ur	n	condition-1-en-20k	20k	n	0.5820	1
ur	2	csqa	en	ur	n	condition-2-ur-5k	5k	y	0.6080	3
ur	2	csqa	en	ur	n	condition-2-ur-20k	20k	y	0.6120	1
ur	2	csqa	en	ur	n	condition-5-ur-5k	5k	y	0.5600	1
ur	2	csqa	en	zh	n	baseline		n	0.6310	1
ur	2	csqa	en	zh	n	condition-1-en-5k	5k	n	0.6363	3
ur	2	csqa	en	zh	n	condition-1-en-20k	20k	n	0.6340	1
ur	2	csqa	es	en	n	baseline		n	0.5170	1
ur	2	csqa	es	en	n	condition-1-en-5k	5k	y	0.5260	3
ur	2	csqa	es	en	n	condition-1-en-20k	20k	y	0.5270	1
ur	2	csqa	es	en	n	condition-2-ur-5k	5k	n	0.5313	3
ur	2	csqa	es	en	n	condition-2-ur-20k	20k	n	0.5420	1
ur	2	csqa	es	en	n	condition-5-ur-5k	5k	n	0.4780	1
ur	2	csqa	es	es	y	baseline		n	0.5320	1
ur	2	csqa	es	es	y	condition-1-en-5k	5k	n	0.5340	3
ur	2	csqa	es	es	y	condition-1-en-20k	20k	n	0.5350	1
ur	2	csqa	es	ur	n	baseline		n	0.4800	1
ur	2	csqa	es	ur	n	condition-1-en-5k	5k	n	0.4830	3
ur	2	csqa	es	ur	n	condition-1-en-20k	20k	n	0.4830	1
ur	2	csqa	es	ur	n	condition-2-ur-5k	5k	y	0.4970	3
ur	2	csqa	es	ur	n	condition-2-ur-20k	20k	y	0.5020	1
ur	2	csqa	es	ur	n	condition-5-ur-5k	5k	y	0.4470	1
ur	2	csqa	es	zh	n	baseline		n	0.5300	1
ur	2	csqa	es	zh	n	condition-1-en-5k	5k	n	0.5293	3
ur	2	csqa	es	zh	n	condition-1-en-20k	20k	n	0.5350	1
ur	2	csqa	ur	en	n	baseline		n	0.4170	1
ur	2	csqa	ur	en	n	condition-1-en-5k	5k	y	0.4197	3
ur	2	csqa	ur	en	n	condition-1-en-20k	20k	y	0.4210	1
ur	2	csqa	ur	en	n	condition-2-ur-5k	5k	n	0.3870	3
ur	2	csqa	ur	en	n	condition-2-ur-20k	20k	n	0.3430	1
ur	2	csqa	ur	en	n	condition-5-ur-5k	5k	n	0.3140	1
ur	2	csqa	ur	es	n	baseline		n	0.3930	1
ur	2	csqa	ur	es	n	condition-1-en-5k	5k	n	0.3940	3
ur	2	csqa	ur	es	n	condition-1-en-20k	20k	n	0.3920	1
ur	2	csqa	ur	ur	y	baseline		n	0.3920	1
ur	2	csqa	ur	ur	y	condition-1-en-5k	5k	n	0.3920	3
ur	2	csqa	ur	ur	y	condition-1-en-20k	20k	n	0.4000	1
ur	2	csqa	ur	ur	y	condition-2-ur-5k	5k	y	0.3843	3
ur	2	csqa	ur	ur	y	condition-2-ur-20k	20k	y	0.3520	1
ur	2	csqa	ur	ur	y	condition-5-ur-5k	5k	y	0.3180	1
ur	2	csqa	ur	zh	n	baseline		n	0.4020	1
ur	2	csqa	ur	zh	n	condition-1-en-5k	5k	n	0.4030	3
ur	2	csqa	ur	zh	n	condition-1-en-20k	20k	n	0.4080	1
ur	2	csqa	zh	en	n	baseline		n	0.5320	1
ur	2	csqa	zh	en	n	condition-1-en-5k	5k	y	0.5323	3
ur	2	csqa	zh	en	n	condition-1-en-20k	20k	y	0.5410	1
ur	2	csqa	zh	en	n	condition-2-ur-5k	5k	n	0.5430	3
ur	2	csqa	zh	en	n	condition-2-ur-20k	20k	n	0.5270	1
ur	2	csqa	zh	en	n	condition-5-ur-5k	5k	n	0.4800	1
ur	2	csqa	zh	es	n	baseline		n	0.5100	1
ur	2	csqa	zh	es	n	condition-1-en-5k	5k	n	0.5043	3
ur	2	csqa	zh	es	n	condition-1-en-20k	20k	n	0.5040	1
ur	2	csqa	zh	ur	n	baseline		n	0.4660	1
ur	2	csqa	zh	ur	n	condition-1-en-5k	5k	n	0.4663	3
ur	2	csqa	zh	ur	n	condition-1-en-20k	20k	n	0.4750	1
ur	2	csqa	zh	ur	n	condition-2-ur-5k	5k	y	0.4997	3
ur	2	csqa	zh	ur	n	condition-2-ur-20k	20k	y	0.5070	1
ur	2	csqa	zh	ur	n	condition-5-ur-5k	5k	y	0.4150	1
ur	2	csqa	zh	zh	y	baseline		n	0.5320	1
ur	2	csqa	zh	zh	y	condition-1-en-5k	5k	n	0.5343	3
ur	2	csqa	zh	zh	y	condition-1-en-20k	20k	n	0.5370	1
ur	2	sib200	en	en	y	baseline		n	0.7206	1
ur	2	sib200	en	en	y	condition-1-en-5k	5k	y	0.7092	3
ur	2	sib200	en	en	y	condition-1-en-20k	20k	y	0.6863	1
ur	2	sib200	en	en	y	condition-2-ur-5k	5k	n	0.6912	3
ur	2	sib200	en	en	y	condition-2-ur-20k	20k	n	0.6912	1
ur	2	sib200	en	en	y	condition-5-ur-5k	5k	n	0.6814	1
ur	2	sib200	en	es	n	baseline		n	0.5539	1
ur	2	sib200	en	es	n	condition-1-en-5k	5k	n	0.5131	3
ur	2	sib200	en	es	n	condition-1-en-20k	20k	n	0.4657	1
ur	2	sib200	en	ur	n	baseline		n	0.3971	1
ur	2	sib200	en	ur	n	condition-1-en-5k	5k	n	0.4232	3
ur	2	sib200	en	ur	n	condition-1-en-20k	20k	n	0.4559	1
ur	2	sib200	en	ur	n	condition-2-ur-5k	5k	y	0.6895	3
ur	2	sib200	en	ur	n	condition-2-ur-20k	20k	y	0.7157	1
ur	2	sib200	en	ur	n	condition-5-ur-5k	5k	y	0.5784	1
ur	2	sib200	en	zh	n	baseline		n	0.6520	1
ur	2	sib200	en	zh	n	condition-1-en-5k	5k	n	0.6503	3
ur	2	sib200	en	zh	n	condition-1-en-20k	20k	n	0.6373	1
ur	2	sib200	es	en	n	baseline		n	0.6765	1
ur	2	sib200	es	en	n	condition-1-en-5k	5k	y	0.6585	3
ur	2	sib200	es	en	n	condition-1-en-20k	20k	y	0.6422	1
ur	2	sib200	es	en	n	condition-2-ur-5k	5k	n	0.6601	3
ur	2	sib200	es	en	n	condition-2-ur-20k	20k	n	0.6520	1
ur	2	sib200	es	en	n	condition-5-ur-5k	5k	n	0.6569	1
ur	2	sib200	es	es	y	baseline		n	0.5147	1
ur	2	sib200	es	es	y	condition-1-en-5k	5k	n	0.5000	3
ur	2	sib200	es	es	y	condition-1-en-20k	20k	n	0.4608	1
ur	2	sib200	es	ur	n	baseline		n	0.3088	1
ur	2	sib200	es	ur	n	condition-1-en-5k	5k	n	0.3693	3
ur	2	sib200	es	ur	n	condition-1-en-20k	20k	n	0.4118	1
ur	2	sib200	es	ur	n	condition-2-ur-5k	5k	y	0.6503	3
ur	2	sib200	es	ur	n	condition-2-ur-20k	20k	y	0.6127	1
ur	2	sib200	es	ur	n	condition-5-ur-5k	5k	y	0.5637	1
ur	2	sib200	es	zh	n	baseline		n	0.5931	1
ur	2	sib200	es	zh	n	condition-1-en-5k	5k	n	0.5752	3
ur	2	sib200	es	zh	n	condition-1-en-20k	20k	n	0.5833	1
ur	2	sib200	ur	en	n	baseline		n	0.6814	1
ur	2	sib200	ur	en	n	condition-1-en-5k	5k	y	0.6667	3
ur	2	sib200	ur	en	n	condition-1-en-20k	20k	y	0.6471	1
ur	2	sib200	ur	en	n	condition-2-ur-5k	5k	n	0.6650	3
ur	2	sib200	ur	en	n	condition-2-ur-20k	20k	n	0.5980	1
ur	2	sib200	ur	en	n	condition-5-ur-5k	5k	n	0.5686	1
ur	2	sib200	ur	es	n	baseline		n	0.6127	1
ur	2	sib200	ur	es	n	condition-1-en-5k	5k	n	0.5637	3
ur	2	sib200	ur	es	n	condition-1-en-20k	20k	n	0.5196	1
ur	2	sib200	ur	ur	y	baseline		n	0.5294	1
ur	2	sib200	ur	ur	y	condition-1-en-5k	5k	n	0.5441	3
ur	2	sib200	ur	ur	y	condition-1-en-20k	20k	n	0.5637	1
ur	2	sib200	ur	ur	y	condition-2-ur-5k	5k	y	0.5000	3
ur	2	sib200	ur	ur	y	condition-2-ur-20k	20k	y	0.3382	1
ur	2	sib200	ur	ur	y	condition-5-ur-5k	5k	y	0.5490	1
ur	2	sib200	ur	zh	n	baseline		n	0.5343	1
ur	2	sib200	ur	zh	n	condition-1-en-5k	5k	n	0.5294	3
ur	2	sib200	ur	zh	n	condition-1-en-20k	20k	n	0.5049	1
ur	2	sib200	zh	en	n	baseline		n	0.6961	1
ur	2	sib200	zh	en	n	condition-1-en-5k	5k	y	0.6716	3
ur	2	sib200	zh	en	n	condition-1-en-20k	20k	y	0.6324	1
ur	2	sib200	zh	en	n	condition-2-ur-5k	5k	n	0.6814	3
ur	2	sib200	zh	en	n	condition-2-ur-20k	20k	n	0.6520	1
ur	2	sib200	zh	en	n	condition-5-ur-5k	5k	n	0.6716	1
ur	2	sib200	zh	es	n	baseline		n	0.5588	1
ur	2	sib200	zh	es	n	condition-1-en-5k	5k	n	0.5376	3
ur	2	sib200	zh	es	n	condition-1-en-20k	20k	n	0.5196	1
ur	2	sib200	zh	ur	n	baseline		n	0.3971	1
ur	2	sib200	zh	ur	n	condition-1-en-5k	5k	n	0.4853	3
ur	2	sib200	zh	ur	n	condition-1-en-20k	20k	n	0.4951	1
ur	2	sib200	zh	ur	n	condition-2-ur-5k	5k	y	0.6765	3
ur	2	sib200	zh	ur	n	condition-2-ur-20k	20k	y	0.6176	1
ur	2	sib200	zh	ur	n	condition-5-ur-5k	5k	y	0.5343	1
ur	2	sib200	zh	zh	y	baseline		n	0.6225	1
ur	2	sib200	zh	zh	y	condition-1-en-5k	5k	n	0.6242	3
ur	2	sib200	zh	zh	y	condition-1-en-20k	20k	n	0.6176	1
ur	2	xnli	en	en	y	baseline		n	0.3786	1
ur	2	xnli	en	en	y	condition-1-en-5k	5k	y	0.3565	3
ur	2	xnli	en	en	y	condition-1-en-20k	20k	y	0.3447	1
ur	2	xnli	en	en	y	condition-2-ur-5k	5k	n	0.4053	3
ur	2	xnli	en	en	y	condition-2-ur-20k	20k	n	0.3615	1
ur	2	xnli	en	en	y	condition-5-ur-5k	5k	n	0.3405	1
ur	2	xnli	en	es	n	baseline		n	0.3806	1
ur	2	xnli	en	es	n	condition-1-en-5k	5k	n	0.3904	3
ur	2	xnli	en	es	n	condition-1-en-20k	20k	n	0.3752	1
ur	2	xnli	en	ur	n	baseline		n	0.2589	1
ur	2	xnli	en	ur	n	condition-1-en-5k	5k	n	0.2512	3
ur	2	xnli	en	ur	n	condition-1-en-20k	20k	n	0.2493	1
ur	2	xnli	en	ur	n	condition-2-ur-5k	5k	y	0.3615	3
ur	2	xnli	en	ur	n	condition-2-ur-20k	20k	y	0.3415	1
ur	2	xnli	en	ur	n	condition-5-ur-5k	5k	y	0.3577	1
ur	2	xnli	en	zh	n	baseline		n	0.3337	1
ur	2	xnli	en	zh	n	condition-1-en-5k	5k	n	0.3840	3
ur	2	xnli	en	zh	n	condition-1-en-20k	20k	n	0.3271	1
ur	2	xnli	es	en	n	baseline		n	0.3661	1
ur	2	xnli	es	en	n	condition-1-en-5k	5k	y	0.3547	3
ur	2	xnli	es	en	n	condition-1-en-20k	20k	y	0.3441	1
ur	2	xnli	es	en	n	condition-2-ur-5k	5k	n	0.4070	3
ur	2	xnli	es	en	n	condition-2-ur-20k	20k	n	0.3687	1
ur	2	xnli	es	en	n	condition-5-ur-5k	5k	n	0.3437	1
ur	2	xnli	es	es	y	baseline		n	0.3770	1
ur	2	xnli	es	es	y	condition-1-en-5k	5k	n	0.3766	3
ur	2	xnli	es	es	y	condition-1-en-20k	20k	n	0.3607	1
ur	2	xnli	es	ur	n	baseline		n	0.3319	1
ur	2	xnli	es	ur	n	condition-1-en-5k	5k	n	0.3191	3
ur	2	xnli	es	ur	n	condition-1-en-20k	20k	n	0.3140	1
ur	2	xnli	es	ur	n	condition-2-ur-5k	5k	y	0.3810	3
ur	2	xnli	es	ur	n	condition-2-ur-20k	20k	y	0.3812	1
ur	2	xnli	es	ur	n	condition-5-ur-5k	5k	y	0.3377	1
ur	2	xnli	es	zh	n	baseline		n	0.2369	1
ur	2	xnli	es	zh	n	condition-1-en-5k	5k	n	0.3463	3
ur	2	xnli	es	zh	n	condition-1-en-20k	20k	n	0.2715	1
ur	2	xnli	ur	en	n	baseline		n	0.3357	1
ur	2	xnli	ur	en	n	condition-1-en-5k	5k	y	0.3330	3
ur	2	xnli	ur	en	n	condition-1-en-20k	20k	y	0.3325	1
ur	2	xnli	ur	en	n	condition-2-ur-5k	5k	n	0.3450	3
ur	2	xnli	ur	en	n	condition-2-ur-20k	20k	n	0.3363	1
ur	2	xnli	ur	en	n	condition-5-ur-5k	5k	n	0.3236	1
ur	2	xnli	ur	es	n	baseline		n	0.2499	1
ur	2	xnli	ur	es	n	condition-1-en-5k	5k	n	0.3744	3
ur	2	xnli	ur	es	n	condition-1-en-20k	20k	n	0.3697	1
ur	2	xnli	ur	ur	y	baseline		n	0.3228	1
ur	2	xnli	ur	ur	y	condition-1-en-5k	5k	n	0.3246	3
ur	2	xnli	ur	ur	y	condition-1-en-20k	20k	n	0.3248	1
ur	2	xnli	ur	ur	y	condition-2-ur-5k	5k	y	0.3658	3
ur	2	xnli	ur	ur	y	condition-2-ur-20k	20k	y	0.3910	1
ur	2	xnli	ur	ur	y	condition-5-ur-5k	5k	y	0.3327	1
ur	2	xnli	ur	zh	n	baseline		n	0.2078	1
ur	2	xnli	ur	zh	n	condition-1-en-5k	5k	n	0.2758	3
ur	2	xnli	ur	zh	n	condition-1-en-20k	20k	n	0.2629	1
ur	2	xnli	zh	en	n	baseline		n	0.4649	1
ur	2	xnli	zh	en	n	condition-1-en-5k	5k	y	0.4415	3
ur	2	xnli	zh	en	n	condition-1-en-20k	20k	y	0.4042	1
ur	2	xnli	zh	en	n	condition-2-ur-5k	5k	n	0.4703	3
ur	2	xnli	zh	en	n	condition-2-ur-20k	20k	n	0.4577	1
ur	2	xnli	zh	en	n	condition-5-ur-5k	5k	n	0.4301	1
ur	2	xnli	zh	es	n	baseline		n	0.3637	1
ur	2	xnli	zh	es	n	condition-1-en-5k	5k	n	0.3677	3
ur	2	xnli	zh	es	n	condition-1-en-20k	20k	n	0.3870	1
ur	2	xnli	zh	ur	n	baseline		n	0.3341	1
ur	2	xnli	zh	ur	n	condition-1-en-5k	5k	n	0.3365	3
ur	2	xnli	zh	ur	n	condition-1-en-20k	20k	n	0.3363	1
ur	2	xnli	zh	ur	n	condition-2-ur-5k	5k	y	0.4409	3
ur	2	xnli	zh	ur	n	condition-2-ur-20k	20k	y	0.4501	1
ur	2	xnli	zh	ur	n	condition-5-ur-5k	5k	y	0.3345	1
ur	2	xnli	zh	zh	y	baseline		n	0.2491	1
ur	2	xnli	zh	zh	y	condition-1-en-5k	5k	n	0.2910	3
ur	2	xnli	zh	zh	y	condition-1-en-20k	20k	n	0.2868	1
