condition	seed	template	benchmark	data	instr	baseline_orig	cond_orig	delta_orig	baseline_rep	cond_rep	delta_rep	baseline_pf_orig	cond_pf_orig	baseline_pf_rep	cond_pf_rep
condition-1-en-20k	42	1	belebele	en	en	0.7678	0.7767	+0.0089	0.7678	0.7767	+0.0089	0.0000	0.0000	0.0000	0.0000
condition-1-en-20k	42	1	belebele	en	es	0.7611	0.7611	+0.0000	0.7611	0.7611	+0.0000	0.0000	0.0000	0.0000	0.0000
condition-1-en-20k	42	1	belebele	en	ur	0.7411	0.7611	+0.0200	0.7411	0.7611	+0.0200	0.0000	0.0000	0.0000	0.0000
condition-1-en-20k	42	1	belebele	en	zh	0.7889	0.7900	+0.0011	0.7889	0.7900	+0.0011	0.0000	0.0000	0.0000	0.0000
condition-1-en-20k	42	1	belebele	es	en	0.6911	0.7000	+0.0089	0.6911	0.7000	+0.0089	0.0000	0.0000	0.0000	0.0000
condition-1-en-20k	42	1	belebele	es	es	0.6722	0.6667	-0.0056	0.6722	0.6667	-0.0056	0.0000	0.0000	0.0000	0.0000
condition-1-en-20k	42	1	belebele	es	ur	0.6389	0.6344	-0.0044	0.6389	0.6344	-0.0044	0.0000	0.0000	0.0000	0.0000
condition-1-en-20k	42	1	belebele	es	zh	0.6956	0.6989	+0.0033	0.6956	0.6989	+0.0033	0.0000	0.0000	0.0000	0.0000
condition-1-en-20k	42	1	belebele	ur	en	0.6044	0.6144	+0.0100	0.6044	0.6144	+0.0100	0.0000	0.0000	0.0000	0.0000
condition-1-en-20k	42	1	belebele	ur	es	0.5389	0.5389	+0.0000	0.5389	0.5389	+0.0000	0.0000	0.0000	0.0000	0.0000
condition-1-en-20k	42	1	belebele	ur	ur	0.5289	0.5233	-0.0056	0.5289	0.5233	-0.0056	0.0044	0.0011	0.0044	0.0011
condition-1-en-20k	42	1	belebele	ur	zh	0.5922	0.5944	+0.0022	0.5922	0.5944	+0.0022	0.0000	0.0000	0.0000	0.0000
condition-1-en-20k	42	1	belebele	zh	en	0.7500	0.7600	+0.0100	0.7500	0.7600	+0.0100	0.0000	0.0000	0.0000	0.0000
condition-1-en-20k	42	1	belebele	zh	es	0.7033	0.7011	-0.0022	0.7033	0.7011	-0.0022	0.0000	0.0000	0.0000	0.0000
condition-1-en-20k	42	1	belebele	zh	ur	0.7011	0.7044	+0.0033	0.7011	0.7044	+0.0033	0.0000	0.0000	0.0000	0.0000
condition-1-en-20k	42	1	belebele	zh	zh	0.7756	0.7656	-0.0100	0.7756	0.7656	-0.0100	0.0000	0.0000	0.0000	0.0000
condition-1-en-20k	42	1	csqa	en	en	0.6070	0.6150	+0.0080	0.6070	0.6150	+0.0080	0.0000	0.0000	0.0000	0.0000
condition-1-en-20k	42	1	csqa	en	es	0.6040	0.6140	+0.0100	0.6040	0.6140	+0.0100	0.0070	0.0010	0.0070	0.0010
condition-1-en-20k	42	1	csqa	en	ur	0.5850	0.5930	+0.0080	0.5850	0.5930	+0.0080	0.0000	0.0000	0.0000	0.0000
condition-1-en-20k	42	1	csqa	en	zh	0.6410	0.6520	+0.0110	0.6410	0.6520	+0.0110	0.0000	0.0000	0.0000	0.0000
condition-1-en-20k	42	1	csqa	es	en	0.5240	0.5370	+0.0130	0.5240	0.5370	+0.0130	0.0000	0.0000	0.0000	0.0000
condition-1-en-20k	42	1	csqa	es	es	0.5290	0.5230	-0.0060	0.5290	0.5230	-0.0060	0.0010	0.0010	0.0010	0.0010
condition-1-en-20k	42	1	csqa	es	ur	0.4730	0.4830	+0.0100	0.4730	0.4830	+0.0100	0.0000	0.0000	0.0000	0.0000
condition-1-en-20k	42	1	csqa	es	zh	0.5470	0.5530	+0.0060	0.5470	0.5530	+0.0060	0.0000	0.0000	0.0000	0.0000
condition-1-en-20k	42	1	csqa	ur	en	0.4240	0.4320	+0.0080	0.4240	0.4320	+0.0080	0.0000	0.0000	0.0000	0.0000
condition-1-en-20k	42	1	csqa	ur	es	0.3960	0.3940	-0.0020	0.3960	0.3940	-0.0020	0.0000	0.0000	0.0000	0.0000
condition-1-en-20k	42	1	csqa	ur	ur	0.4040	0.4020	-0.0020	0.4040	0.4020	-0.0020	0.0010	0.0000	0.0010	0.0000
condition-1-en-20k	42	1	csqa	ur	zh	0.3760	0.3960	+0.0200	0.3760	0.3960	+0.0200	0.0000	0.0000	0.0000	0.0000
condition-1-en-20k	42	1	csqa	zh	en	0.5450	0.5490	+0.0040	0.5450	0.5490	+0.0040	0.0000	0.0000	0.0000	0.0000
condition-1-en-20k	42	1	csqa	zh	es	0.5000	0.5110	+0.0110	0.5000	0.5110	+0.0110	0.0020	0.0000	0.0020	0.0000
condition-1-en-20k	42	1	csqa	zh	ur	0.4810	0.4830	+0.0020	0.4810	0.4830	+0.0020	0.0000	0.0000	0.0000	0.0000
condition-1-en-20k	42	1	csqa	zh	zh	0.5340	0.5360	+0.0020	0.5340	0.5360	+0.0020	0.0000	0.0000	0.0000	0.0000
condition-1-en-20k	42	1	sib200	en	en	0.7549	0.7549	+0.0000	0.7549	0.7549	+0.0000	0.0000	0.0000	0.0000	0.0000
condition-1-en-20k	42	1	sib200	en	es	0.6618	0.6176	-0.0441	0.6618	0.6176	-0.0441	0.0000	0.0000	0.0000	0.0000
condition-1-en-20k	42	1	sib200	en	ur	0.3088	0.3873	+0.0784	0.4951	0.4951	+0.0000	0.4510	0.3235	0.0931	0.0833
condition-1-en-20k	42	1	sib200	en	zh	0.7157	0.6961	-0.0196	0.7157	0.6961	-0.0196	0.0000	0.0000	0.0000	0.0000
condition-1-en-20k	42	1	sib200	es	en	0.7794	0.7745	-0.0049	0.7745	0.7745	+0.0000	0.0000	0.0000	0.0049	0.0000
condition-1-en-20k	42	1	sib200	es	es	0.6471	0.5980	-0.0490	0.6520	0.6029	-0.0490	0.0147	0.0098	0.0000	0.0000
condition-1-en-20k	42	1	sib200	es	ur	0.2304	0.2304	+0.0000	0.5343	0.5147	-0.0196	0.6176	0.6225	0.0980	0.0980
condition-1-en-20k	42	1	sib200	es	zh	0.5784	0.5931	+0.0147	0.6373	0.6225	-0.0147	0.0882	0.0588	0.0147	0.0196
condition-1-en-20k	42	1	sib200	ur	en	0.7402	0.7010	-0.0392	0.7255	0.6863	-0.0392	0.0000	0.0000	0.0147	0.0147
condition-1-en-20k	42	1	sib200	ur	es	0.5000	0.4657	-0.0343	0.5343	0.5000	-0.0343	0.0441	0.0490	0.0245	0.0245
condition-1-en-20k	42	1	sib200	ur	ur	0.2157	0.2255	+0.0098	0.5735	0.5686	-0.0049	0.5098	0.4657	0.0343	0.0147
condition-1-en-20k	42	1	sib200	ur	zh	0.5686	0.5245	-0.0441	0.5735	0.5245	-0.0490	0.0098	0.0000	0.0049	0.0098
condition-1-en-20k	42	1	sib200	zh	en	0.8039	0.7794	-0.0245	0.7892	0.7647	-0.0245	0.0098	0.0049	0.0196	0.0196
condition-1-en-20k	42	1	sib200	zh	es	0.5343	0.4951	-0.0392	0.5882	0.5490	-0.0392	0.0784	0.0784	0.0000	0.0000
condition-1-en-20k	42	1	sib200	zh	ur	0.2157	0.2206	+0.0049	0.5294	0.5294	+0.0000	0.6127	0.6078	0.1324	0.1127
condition-1-en-20k	42	1	sib200	zh	zh	0.5343	0.5539	+0.0196	0.6667	0.6471	-0.0196	0.1912	0.1275	0.0098	0.0049
condition-1-en-20k	42	1	xnli	en	en	0.4998	0.5166	+0.0168	0.4998	0.5166	+0.0168	0.0014	0.0006	0.0014	0.0006
condition-1-en-20k	42	1	xnli	en	es	0.3980	0.4457	+0.0477	0.3980	0.4457	+0.0477	0.0002	0.0002	0.0002	0.0002
condition-1-en-20k	42	1	xnli	en	ur	0.3816	0.4677	+0.0860	0.3816	0.4677	+0.0860	0.0010	0.0006	0.0008	0.0004
condition-1-en-20k	42	1	xnli	en	zh	0.3333	0.3329	-0.0004	0.3333	0.3329	-0.0004	0.0000	0.0000	0.0000	0.0000
condition-1-en-20k	42	1	xnli	es	en	0.4525	0.4677	+0.0152	0.4525	0.4677	+0.0152	0.0006	0.0004	0.0006	0.0004
condition-1-en-20k	42	1	xnli	es	es	0.4547	0.4758	+0.0212	0.4547	0.4758	+0.0212	0.0002	0.0008	0.0002	0.0008
condition-1-en-20k	42	1	xnli	es	ur	0.3433	0.3752	+0.0319	0.3433	0.3752	+0.0319	0.0010	0.0006	0.0010	0.0006
condition-1-en-20k	42	1	xnli	es	zh	0.3337	0.3337	+0.0000	0.3337	0.3337	+0.0000	0.0000	0.0000	0.0000	0.0000
condition-1-en-20k	42	1	xnli	ur	en	0.4343	0.4379	+0.0036	0.4343	0.4379	+0.0036	0.0038	0.0002	0.0038	0.0002
condition-1-en-20k	42	1	xnli	ur	es	0.3727	0.4060	+0.0333	0.3727	0.4060	+0.0333	0.0002	0.0002	0.0002	0.0002
condition-1-en-20k	42	1	xnli	ur	ur	0.3327	0.3403	+0.0076	0.3327	0.3403	+0.0076	0.0038	0.0020	0.0038	0.0020
condition-1-en-20k	42	1	xnli	ur	zh	0.3311	0.3333	+0.0022	0.3311	0.3333	+0.0022	0.0002	0.0002	0.0002	0.0002
condition-1-en-20k	42	1	xnli	zh	en	0.3906	0.4120	+0.0214	0.3906	0.4120	+0.0214	0.0000	0.0000	0.0000	0.0000
condition-1-en-20k	42	1	xnli	zh	es	0.3333	0.3337	+0.0004	0.3333	0.3337	+0.0004	0.0000	0.0000	0.0000	0.0000
condition-1-en-20k	42	1	xnli	zh	ur	0.3345	0.3423	+0.0078	0.3345	0.3423	+0.0078	0.0000	0.0000	0.0000	0.0000
condition-1-en-20k	42	1	xnli	zh	zh	0.3329	0.3331	+0.0002	0.3329	0.3331	+0.0002	0.0004	0.0000	0.0004	0.0000
condition-1-en-20k	42	2	belebele	en	en	0.7822	0.7922	+0.0100	0.7822	0.7922	+0.0100	0.0000	0.0000	0.0000	0.0000
condition-1-en-20k	42	2	belebele	en	es	0.7756	0.7789	+0.0033	0.7756	0.7789	+0.0033	0.0000	0.0000	0.0000	0.0000
condition-1-en-20k	42	2	belebele	en	ur	0.7489	0.7600	+0.0111	0.7489	0.7600	+0.0111	0.0000	0.0000	0.0000	0.0000
condition-1-en-20k	42	2	belebele	en	zh	0.8000	0.7967	-0.0033	0.8000	0.7967	-0.0033	0.0000	0.0000	0.0000	0.0000
condition-1-en-20k	42	2	belebele	es	en	0.7011	0.7189	+0.0178	0.7011	0.7189	+0.0178	0.0000	0.0000	0.0000	0.0000
condition-1-en-20k	42	2	belebele	es	es	0.6989	0.6833	-0.0156	0.6989	0.6833	-0.0156	0.0000	0.0000	0.0000	0.0000
condition-1-en-20k	42	2	belebele	es	ur	0.6389	0.6422	+0.0033	0.6389	0.6422	+0.0033	0.0000	0.0000	0.0000	0.0000
condition-1-en-20k	42	2	belebele	es	zh	0.7167	0.7156	-0.0011	0.7167	0.7156	-0.0011	0.0000	0.0000	0.0000	0.0000
condition-1-en-20k	42	2	belebele	ur	en	0.6144	0.6222	+0.0078	0.6144	0.6222	+0.0078	0.0000	0.0000	0.0000	0.0000
condition-1-en-20k	42	2	belebele	ur	es	0.5544	0.5656	+0.0111	0.5544	0.5656	+0.0111	0.0000	0.0000	0.0000	0.0000
condition-1-en-20k	42	2	belebele	ur	ur	0.5233	0.5156	-0.0078	0.5233	0.5156	-0.0078	0.0033	0.0011	0.0033	0.0011
condition-1-en-20k	42	2	belebele	ur	zh	0.6067	0.6056	-0.0011	0.6067	0.6056	-0.0011	0.0000	0.0000	0.0000	0.0000
condition-1-en-20k	42	2	belebele	zh	en	0.7589	0.7622	+0.0033	0.7589	0.7622	+0.0033	0.0000	0.0000	0.0000	0.0000
condition-1-en-20k	42	2	belebele	zh	es	0.7367	0.7344	-0.0022	0.7367	0.7344	-0.0022	0.0000	0.0000	0.0000	0.0000
condition-1-en-20k	42	2	belebele	zh	ur	0.7000	0.7033	+0.0033	0.7000	0.7033	+0.0033	0.0000	0.0000	0.0000	0.0000
condition-1-en-20k	42	2	belebele	zh	zh	0.7611	0.7633	+0.0022	0.7611	0.7633	+0.0022	0.0000	0.0000	0.0000	0.0000
condition-1-en-20k	42	2	csqa	en	en	0.6070	0.6160	+0.0090	0.6070	0.6160	+0.0090	0.0000	0.0000	0.0000	0.0000
condition-1-en-20k	42	2	csqa	en	es	0.6230	0.6210	-0.0020	0.6230	0.6210	-0.0020	0.0000	0.0000	0.0000	0.0000
condition-1-en-20k	42	2	csqa	en	ur	0.5790	0.5820	+0.0030	0.5790	0.5820	+0.0030	0.0000	0.0000	0.0000	0.0000
condition-1-en-20k	42	2	csqa	en	zh	0.6310	0.6340	+0.0030	0.6310	0.6340	+0.0030	0.0000	0.0000	0.0000	0.0000
condition-1-en-20k	42	2	csqa	es	en	0.5170	0.5270	+0.0100	0.5170	0.5270	+0.0100	0.0000	0.0000	0.0000	0.0000
condition-1-en-20k	42	2	csqa	es	es	0.5320	0.5350	+0.0030	0.5320	0.5350	+0.0030	0.0000	0.0000	0.0000	0.0000
condition-1-en-20k	42	2	csqa	es	ur	0.4800	0.4830	+0.0030	0.4800	0.4830	+0.0030	0.0000	0.0000	0.0000	0.0000
condition-1-en-20k	42	2	csqa	es	zh	0.5300	0.5350	+0.0050	0.5300	0.5350	+0.0050	0.0000	0.0000	0.0000	0.0000
condition-1-en-20k	42	2	csqa	ur	en	0.4170	0.4210	+0.0040	0.4170	0.4210	+0.0040	0.0000	0.0000	0.0000	0.0000
condition-1-en-20k	42	2	csqa	ur	es	0.3930	0.3920	-0.0010	0.3930	0.3920	-0.0010	0.0000	0.0000	0.0000	0.0000
condition-1-en-20k	42	2	csqa	ur	ur	0.3920	0.4000	+0.0080	0.3920	0.4000	+0.0080	0.0010	0.0000	0.0010	0.0000
condition-1-en-20k	42	2	csqa	ur	zh	0.4020	0.4080	+0.0060	0.4020	0.4080	+0.0060	0.0000	0.0000	0.0000	0.0000
condition-1-en-20k	42	2	csqa	zh	en	0.5320	0.5410	+0.0090	0.5320	0.5410	+0.0090	0.0000	0.0000	0.0000	0.0000
condition-1-en-20k	42	2	csqa	zh	es	0.5100	0.5040	-0.0060	0.5100	0.5040	-0.0060	0.0000	0.0000	0.0000	0.0000
condition-1-en-20k	42	2	csqa	zh	ur	0.4660	0.4750	+0.0090	0.4660	0.4750	+0.0090	0.0000	0.0000	0.0000	0.0000
condition-1-en-20k	42	2	csqa	zh	zh	0.5320	0.5370	+0.0050	0.5320	0.5370	+0.0050	0.0000	0.0000	0.0000	0.0000
condition-1-en-20k	42	2	sib200	en	en	0.7206	0.6863	-0.0343	0.7206	0.6863	-0.0343	0.0000	0.0000	0.0000	0.0000
condition-1-en-20k	42	2	sib200	en	es	0.5343	0.4608	-0.0735	0.5539	0.4657	-0.0882	0.0294	0.0098	0.0000	0.0000
condition-1-en-20k	42	2	sib200	en	ur	0.2696	0.2647	-0.0049	0.3971	0.4559	+0.0588	0.3873	0.4363	0.3039	0.2059
condition-1-en-20k	42	2	sib200	en	zh	0.6275	0.6078	-0.0196	0.6520	0.6373	-0.0147	0.0539	0.0441	0.0098	0.0098
condition-1-en-20k	42	2	sib200	es	en	0.6765	0.6422	-0.0343	0.6765	0.6422	-0.0343	0.0000	0.0000	0.0000	0.0000
condition-1-en-20k	42	2	sib200	es	es	0.3725	0.3480	-0.0245	0.5147	0.4608	-0.0539	0.1716	0.1225	0.0000	0.0000
condition-1-en-20k	42	2	sib200	es	ur	0.0980	0.0294	-0.0686	0.3088	0.4118	+0.1029	0.6569	0.8284	0.4510	0.2745
condition-1-en-20k	42	2	sib200	es	zh	0.4755	0.4902	+0.0147	0.5931	0.5833	-0.0098	0.1716	0.1520	0.0147	0.0098
condition-1-en-20k	42	2	sib200	ur	en	0.6814	0.6471	-0.0343	0.6814	0.6471	-0.0343	0.0000	0.0000	0.0000	0.0000
condition-1-en-20k	42	2	sib200	ur	es	0.3725	0.3578	-0.0147	0.6127	0.5196	-0.0931	0.3186	0.2157	0.0147	0.0147
condition-1-en-20k	42	2	sib200	ur	ur	0.2059	0.2059	+0.0000	0.5294	0.5637	+0.0343	0.5735	0.5637	0.1275	0.0882
condition-1-en-20k	42	2	sib200	ur	zh	0.5343	0.5049	-0.0294	0.5343	0.5049	-0.0294	0.0147	0.0049	0.0098	0.0098
condition-1-en-20k	42	2	sib200	zh	en	0.6961	0.6324	-0.0637	0.6961	0.6324	-0.0637	0.0000	0.0000	0.0000	0.0000
condition-1-en-20k	42	2	sib200	zh	es	0.3725	0.3725	+0.0000	0.5588	0.5196	-0.0392	0.2402	0.1765	0.0098	0.0049
condition-1-en-20k	42	2	sib200	zh	ur	0.0931	0.0686	-0.0245	0.3971	0.4951	+0.0980	0.7598	0.8529	0.4020	0.2059
condition-1-en-20k	42	2	sib200	zh	zh	0.4853	0.4853	+0.0000	0.6225	0.6176	-0.0049	0.2206	0.1863	0.0245	0.0245
condition-1-en-20k	42	2	xnli	en	en	0.3786	0.3447	-0.0339	0.3786	0.3447	-0.0339	0.0004	0.0004	0.0004	0.0004
condition-1-en-20k	42	2	xnli	en	es	0.3806	0.3752	-0.0054	0.3806	0.3752	-0.0054	0.0034	0.0010	0.0034	0.0010
condition-1-en-20k	42	2	xnli	en	ur	0.2277	0.2154	-0.0124	0.2589	0.2493	-0.0096	0.4289	0.4641	0.3337	0.3677
condition-1-en-20k	42	2	xnli	en	zh	0.2405	0.1749	-0.0657	0.3337	0.3271	-0.0066	0.3212	0.5176	0.1477	0.2289
condition-1-en-20k	42	2	xnli	es	en	0.3661	0.3441	-0.0220	0.3661	0.3441	-0.0220	0.0086	0.0048	0.0086	0.0048
condition-1-en-20k	42	2	xnli	es	es	0.3770	0.3607	-0.0164	0.3770	0.3607	-0.0164	0.0102	0.0012	0.0102	0.0012
condition-1-en-20k	42	2	xnli	es	ur	0.3271	0.3076	-0.0196	0.3319	0.3140	-0.0180	0.1367	0.1770	0.1220	0.1573
condition-1-en-20k	42	2	xnli	es	zh	0.1128	0.0886	-0.0242	0.2369	0.2715	+0.0345	0.7014	0.7649	0.4603	0.4020
condition-1-en-20k	42	2	xnli	ur	en	0.3357	0.3325	-0.0032	0.3357	0.3325	-0.0032	0.0130	0.0060	0.0130	0.0060
condition-1-en-20k	42	2	xnli	ur	es	0.2499	0.3697	+0.1198	0.2499	0.3697	+0.1198	0.3930	0.0066	0.3930	0.0066
condition-1-en-20k	42	2	xnli	ur	ur	0.2990	0.2898	-0.0092	0.3228	0.3248	+0.0020	0.1337	0.1425	0.0655	0.0435
condition-1-en-20k	42	2	xnli	ur	zh	0.2014	0.2495	+0.0481	0.2078	0.2629	+0.0551	0.3856	0.2369	0.3699	0.2002
condition-1-en-20k	42	2	xnli	zh	en	0.4649	0.4042	-0.0607	0.4649	0.4042	-0.0607	0.0054	0.0022	0.0054	0.0022
condition-1-en-20k	42	2	xnli	zh	es	0.3637	0.3870	+0.0234	0.3637	0.3870	+0.0234	0.0142	0.0060	0.0142	0.0060
condition-1-en-20k	42	2	xnli	zh	ur	0.3323	0.3343	+0.0020	0.3341	0.3363	+0.0022	0.0140	0.0156	0.0082	0.0106
condition-1-en-20k	42	2	xnli	zh	zh	0.0675	0.0673	-0.0002	0.2491	0.2868	+0.0377	0.8253	0.8297	0.4054	0.3267
condition-1-en-5k	123	1	belebele	en	en	0.7678	0.7778	+0.0100	0.7678	0.7778	+0.0100	0.0000	0.0000	0.0000	0.0000
condition-1-en-5k	123	1	belebele	en	es	0.7611	0.7622	+0.0011	0.7611	0.7622	+0.0011	0.0000	0.0000	0.0000	0.0000
condition-1-en-5k	123	1	belebele	en	ur	0.7411	0.7489	+0.0078	0.7411	0.7489	+0.0078	0.0000	0.0000	0.0000	0.0000
condition-1-en-5k	123	1	belebele	en	zh	0.7889	0.7889	+0.0000	0.7889	0.7889	+0.0000	0.0000	0.0000	0.0000	0.0000
condition-1-en-5k	123	1	belebele	es	en	0.6911	0.7000	+0.0089	0.6911	0.7000	+0.0089	0.0000	0.0000	0.0000	0.0000
condition-1-en-5k	123	1	belebele	es	es	0.6722	0.6733	+0.0011	0.6722	0.6733	+0.0011	0.0000	0.0000	0.0000	0.0000
condition-1-en-5k	123	1	belebele	es	ur	0.6389	0.6467	+0.0078	0.6389	0.6467	+0.0078	0.0000	0.0000	0.0000	0.0000
condition-1-en-5k	123	1	belebele	es	zh	0.6956	0.6933	-0.0022	0.6956	0.6933	-0.0022	0.0000	0.0000	0.0000	0.0000
condition-1-en-5k	123	1	belebele	ur	en	0.6044	0.6089	+0.0044	0.6044	0.6089	+0.0044	0.0000	0.0000	0.0000	0.0000
condition-1-en-5k	123	1	belebele	ur	es	0.5389	0.5278	-0.0111	0.5389	0.5278	-0.0111	0.0000	0.0000	0.0000	0.0000
condition-1-en-5k	123	1	belebele	ur	ur	0.5289	0.5289	+0.0000	0.5289	0.5289	+0.0000	0.0044	0.0056	0.0044	0.0056
condition-1-en-5k	123	1	belebele	ur	zh	0.5922	0.6011	+0.0089	0.5922	0.6011	+0.0089	0.0000	0.0000	0.0000	0.0000
condition-1-en-5k	123	1	belebele	zh	en	0.7500	0.7600	+0.0100	0.7500	0.7600	+0.0100	0.0000	0.0000	0.0000	0.0000
condition-1-en-5k	123	1	belebele	zh	es	0.7033	0.7011	-0.0022	0.7033	0.7011	-0.0022	0.0000	0.0000	0.0000	0.0000
condition-1-en-5k	123	1	belebele	zh	ur	0.7011	0.7156	+0.0144	0.7011	0.7156	+0.0144	0.0000	0.0000	0.0000	0.0000
condition-1-en-5k	123	1	belebele	zh	zh	0.7756	0.7756	+0.0000	0.7756	0.7756	+0.0000	0.0000	0.0000	0.0000	0.0000
condition-1-en-5k	123	1	csqa	en	en	0.6070	0.6110	+0.0040	0.6070	0.6110	+0.0040	0.0000	0.0000	0.0000	0.0000
condition-1-en-5k	123	1	csqa	en	es	0.6040	0.6070	+0.0030	0.6040	0.6070	+0.0030	0.0070	0.0010	0.0070	0.0010
condition-1-en-5k	123	1	csqa	en	ur	0.5850	0.5920	+0.0070	0.5850	0.5920	+0.0070	0.0000	0.0000	0.0000	0.0000
condition-1-en-5k	123	1	csqa	en	zh	0.6410	0.6400	-0.0010	0.6410	0.6400	-0.0010	0.0000	0.0000	0.0000	0.0000
condition-1-en-5k	123	1	csqa	es	en	0.5240	0.5290	+0.0050	0.5240	0.5290	+0.0050	0.0000	0.0000	0.0000	0.0000
condition-1-en-5k	123	1	csqa	es	es	0.5290	0.5300	+0.0010	0.5290	0.5300	+0.0010	0.0010	0.0010	0.0010	0.0010
condition-1-en-5k	123	1	csqa	es	ur	0.4730	0.4790	+0.0060	0.4730	0.4790	+0.0060	0.0000	0.0000	0.0000	0.0000
condition-1-en-5k	123	1	csqa	es	zh	0.5470	0.5440	-0.0030	0.5470	0.5440	-0.0030	0.0000	0.0000	0.0000	0.0000
condition-1-en-5k	123	1	csqa	ur	en	0.4240	0.4270	+0.0030	0.4240	0.4270	+0.0030	0.0000	0.0000	0.0000	0.0000
condition-1-en-5k	123	1	csqa	ur	es	0.3960	0.3930	-0.0030	0.3960	0.3930	-0.0030	0.0000	0.0000	0.0000	0.0000
condition-1-en-5k	123	1	csqa	ur	ur	0.4040	0.3990	-0.0050	0.4040	0.3990	-0.0050	0.0010	0.0000	0.0010	0.0000
condition-1-en-5k	123	1	csqa	ur	zh	0.3760	0.3890	+0.0130	0.3760	0.3890	+0.0130	0.0000	0.0000	0.0000	0.0000
condition-1-en-5k	123	1	csqa	zh	en	0.5450	0.5500	+0.0050	0.5450	0.5500	+0.0050	0.0000	0.0000	0.0000	0.0000
condition-1-en-5k	123	1	csqa	zh	es	0.5000	0.5030	+0.0030	0.5000	0.5030	+0.0030	0.0020	0.0000	0.0020	0.0000
condition-1-en-5k	123	1	csqa	zh	ur	0.4810	0.4790	-0.0020	0.4810	0.4790	-0.0020	0.0000	0.0000	0.0000	0.0000
condition-1-en-5k	123	1	csqa	zh	zh	0.5340	0.5270	-0.0070	0.5340	0.5270	-0.0070	0.0000	0.0000	0.0000	0.0000
condition-1-en-5k	123	1	sib200	en	en	0.7549	0.7500	-0.0049	0.7549	0.7500	-0.0049	0.0000	0.0000	0.0000	0.0000
condition-1-en-5k	123	1	sib200	en	es	0.6618	0.6618	+0.0000	0.6618	0.6618	+0.0000	0.0000	0.0000	0.0000	0.0000
condition-1-en-5k	123	1	sib200	en	ur	0.3088	0.3431	+0.0343	0.4951	0.4902	-0.0049	0.4510	0.3873	0.0931	0.0931
condition-1-en-5k	123	1	sib200	en	zh	0.7157	0.7108	-0.0049	0.7157	0.7108	-0.0049	0.0000	0.0000	0.0000	0.0000
condition-1-en-5k	123	1	sib200	es	en	0.7794	0.7794	+0.0000	0.7745	0.7549	-0.0196	0.0000	0.0000	0.0049	0.0294
condition-1-en-5k	123	1	sib200	es	es	0.6471	0.6422	-0.0049	0.6520	0.6471	-0.0049	0.0147	0.0147	0.0000	0.0000
condition-1-en-5k	123	1	sib200	es	ur	0.2304	0.2353	+0.0049	0.5343	0.4951	-0.0392	0.6176	0.6078	0.0980	0.1176
condition-1-en-5k	123	1	sib200	es	zh	0.5784	0.6078	+0.0294	0.6373	0.6373	+0.0000	0.0882	0.0539	0.0147	0.0245
condition-1-en-5k	123	1	sib200	ur	en	0.7402	0.7059	-0.0343	0.7255	0.6912	-0.0343	0.0000	0.0000	0.0147	0.0147
condition-1-en-5k	123	1	sib200	ur	es	0.5000	0.5000	+0.0000	0.5343	0.5245	-0.0098	0.0441	0.0343	0.0245	0.0245
condition-1-en-5k	123	1	sib200	ur	ur	0.2157	0.2402	+0.0245	0.5735	0.5637	-0.0098	0.5098	0.4314	0.0343	0.0245
condition-1-en-5k	123	1	sib200	ur	zh	0.5686	0.5539	-0.0147	0.5735	0.5539	-0.0196	0.0098	0.0000	0.0049	0.0147
condition-1-en-5k	123	1	sib200	zh	en	0.8039	0.7696	-0.0343	0.7892	0.7451	-0.0441	0.0098	0.0049	0.0196	0.0294
condition-1-en-5k	123	1	sib200	zh	es	0.5343	0.5490	+0.0147	0.5882	0.5882	+0.0000	0.0784	0.0539	0.0000	0.0000
condition-1-en-5k	123	1	sib200	zh	ur	0.2157	0.2304	+0.0147	0.5294	0.5196	-0.0098	0.6127	0.5490	0.1324	0.1127
condition-1-en-5k	123	1	sib200	zh	zh	0.5343	0.6029	+0.0686	0.6667	0.6716	+0.0049	0.1912	0.1127	0.0098	0.0098
condition-1-en-5k	123	1	xnli	en	en	0.4998	0.5218	+0.0220	0.4998	0.5218	+0.0220	0.0014	0.0002	0.0014	0.0002
condition-1-en-5k	123	1	xnli	en	es	0.3980	0.4122	+0.0142	0.3980	0.4122	+0.0142	0.0002	0.0002	0.0002	0.0002
condition-1-en-5k	123	1	xnli	en	ur	0.3816	0.4353	+0.0537	0.3816	0.4353	+0.0537	0.0010	0.0006	0.0008	0.0004
condition-1-en-5k	123	1	xnli	en	zh	0.3333	0.3335	+0.0002	0.3333	0.3335	+0.0002	0.0000	0.0000	0.0000	0.0000
condition-1-en-5k	123	1	xnli	es	en	0.4525	0.4689	+0.0164	0.4525	0.4689	+0.0164	0.0006	0.0000	0.0006	0.0000
condition-1-en-5k	123	1	xnli	es	es	0.4547	0.4581	+0.0034	0.4547	0.4581	+0.0034	0.0002	0.0002	0.0002	0.0002
condition-1-en-5k	123	1	xnli	es	ur	0.3433	0.3553	+0.0120	0.3433	0.3553	+0.0120	0.0010	0.0006	0.0010	0.0006
condition-1-en-5k	123	1	xnli	es	zh	0.3337	0.3337	+0.0000	0.3337	0.3337	+0.0000	0.0000	0.0000	0.0000	0.0000
condition-1-en-5k	123	1	xnli	ur	en	0.4343	0.4375	+0.0032	0.4343	0.4375	+0.0032	0.0038	0.0000	0.0038	0.0000
condition-1-en-5k	123	1	xnli	ur	es	0.3727	0.3846	+0.0120	0.3727	0.3846	+0.0120	0.0002	0.0002	0.0002	0.0002
condition-1-en-5k	123	1	xnli	ur	ur	0.3327	0.3343	+0.0016	0.3327	0.3343	+0.0016	0.0038	0.0024	0.0038	0.0024
condition-1-en-5k	123	1	xnli	ur	zh	0.3311	0.3333	+0.0022	0.3311	0.3333	+0.0022	0.0002	0.0002	0.0002	0.0002
condition-1-en-5k	123	1	xnli	zh	en	0.3906	0.4040	+0.0134	0.3906	0.4040	+0.0134	0.0000	0.0000	0.0000	0.0000
condition-1-en-5k	123	1	xnli	zh	es	0.3333	0.3333	+0.0000	0.3333	0.3333	+0.0000	0.0000	0.0000	0.0000	0.0000
condition-1-en-5k	123	1	xnli	zh	ur	0.3345	0.3377	+0.0032	0.3345	0.3377	+0.0032	0.0000	0.0000	0.0000	0.0000
condition-1-en-5k	123	1	xnli	zh	zh	0.3329	0.3321	-0.0008	0.3329	0.3321	-0.0008	0.0004	0.0002	0.0004	0.0002
condition-1-en-5k	123	2	belebele	en	en	0.7822	0.7867	+0.0044	0.7822	0.7867	+0.0044	0.0000	0.0000	0.0000	0.0000
condition-1-en-5k	123	2	belebele	en	es	0.7756	0.7856	+0.0100	0.7756	0.7856	+0.0100	0.0000	0.0000	0.0000	0.0000
condition-1-en-5k	123	2	belebele	en	ur	0.7489	0.7600	+0.0111	0.7489	0.7600	+0.0111	0.0000	0.0000	0.0000	0.0000
condition-1-en-5k	123	2	belebele	en	zh	0.8000	0.8033	+0.0033	0.8000	0.8033	+0.0033	0.0000	0.0000	0.0000	0.0000
condition-1-en-5k	123	2	belebele	es	en	0.7011	0.7100	+0.0089	0.7011	0.7100	+0.0089	0.0000	0.0000	0.0000	0.0000
condition-1-en-5k	123	2	belebele	es	es	0.6989	0.6956	-0.0033	0.6989	0.6956	-0.0033	0.0000	0.0000	0.0000	0.0000
condition-1-en-5k	123	2	belebele	es	ur	0.6389	0.6500	+0.0111	0.6389	0.6500	+0.0111	0.0000	0.0000	0.0000	0.0000
condition-1-en-5k	123	2	belebele	es	zh	0.7167	0.7178	+0.0011	0.7167	0.7178	+0.0011	0.0000	0.0000	0.0000	0.0000
condition-1-en-5k	123	2	belebele	ur	en	0.6144	0.6233	+0.0089	0.6144	0.6233	+0.0089	0.0000	0.0000	0.0000	0.0000
condition-1-en-5k	123	2	belebele	ur	es	0.5544	0.5556	+0.0011	0.5544	0.5556	+0.0011	0.0000	0.0000	0.0000	0.0000
condition-1-en-5k	123	2	belebele	ur	ur	0.5233	0.5244	+0.0011	0.5233	0.5244	+0.0011	0.0033	0.0033	0.0033	0.0033
condition-1-en-5k	123	2	belebele	ur	zh	0.6067	0.6000	-0.0067	0.6067	0.6000	-0.0067	0.0000	0.0000	0.0000	0.0000
condition-1-en-5k	123	2	belebele	zh	en	0.7589	0.7656	+0.0067	0.7589	0.7656	+0.0067	0.0000	0.0000	0.0000	0.0000
condition-1-en-5k	123	2	belebele	zh	es	0.7367	0.7344	-0.0022	0.7367	0.7344	-0.0022	0.0000	0.0000	0.0000	0.0000
condition-1-en-5k	123	2	belebele	zh	ur	0.7000	0.7089	+0.0089	0.7000	0.7089	+0.0089	0.0000	0.0000	0.0000	0.0000
condition-1-en-5k	123	2	belebele	zh	zh	0.7611	0.7622	+0.0011	0.7611	0.7622	+0.0011	0.0000	0.0000	0.0000	0.0000
condition-1-en-5k	123	2	csqa	en	en	0.6070	0.6090	+0.0020	0.6070	0.6090	+0.0020	0.0000	0.0000	0.0000	0.0000
condition-1-en-5k	123	2	csqa	en	es	0.6230	0.6180	-0.0050	0.6230	0.6180	-0.0050	0.0000	0.0000	0.0000	0.0000
condition-1-en-5k	123	2	csqa	en	ur	0.5790	0.5870	+0.0080	0.5790	0.5870	+0.0080	0.0000	0.0000	0.0000	0.0000
condition-1-en-5k	123	2	csqa	en	zh	0.6310	0.6280	-0.0030	0.6310	0.6280	-0.0030	0.0000	0.0000	0.0000	0.0000
condition-1-en-5k	123	2	csqa	es	en	0.5170	0.5190	+0.0020	0.5170	0.5190	+0.0020	0.0000	0.0000	0.0000	0.0000
condition-1-en-5k	123	2	csqa	es	es	0.5320	0.5310	-0.0010	0.5320	0.5310	-0.0010	0.0000	0.0000	0.0000	0.0000
condition-1-en-5k	123	2	csqa	es	ur	0.4800	0.4800	+0.0000	0.4800	0.4800	+0.0000	0.0000	0.0000	0.0000	0.0000
condition-1-en-5k	123	2	csqa	es	zh	0.5300	0.5280	-0.0020	0.5300	0.5280	-0.0020	0.0000	0.0000	0.0000	0.0000
condition-1-en-5k	123	2	csqa	ur	en	0.4170	0.4210	+0.0040	0.4170	0.4210	+0.0040	0.0000	0.0000	0.0000	0.0000
condition-1-en-5k	123	2	csqa	ur	es	0.3930	0.3960	+0.0030	0.3930	0.3960	+0.0030	0.0000	0.0000	0.0000	0.0000
condition-1-en-5k	123	2	csqa	ur	ur	0.3920	0.3920	+0.0000	0.3920	0.3920	+0.0000	0.0010	0.0000	0.0010	0.0000
condition-1-en-5k	123	2	csqa	ur	zh	0.4020	0.3990	-0.0030	0.4020	0.3990	-0.0030	0.0000	0.0000	0.0000	0.0000
condition-1-en-5k	123	2	csqa	zh	en	0.5320	0.5300	-0.0020	0.5320	0.5300	-0.0020	0.0000	0.0000	0.0000	0.0000
condition-1-en-5k	123	2	csqa	zh	es	0.5100	0.5040	-0.0060	0.5100	0.5040	-0.0060	0.0000	0.0000	0.0000	0.0000
condition-1-en-5k	123	2	csqa	zh	ur	0.4660	0.4620	-0.0040	0.4660	0.4620	-0.0040	0.0000	0.0000	0.0000	0.0000
condition-1-en-5k	123	2	csqa	zh	zh	0.5320	0.5320	+0.0000	0.5320	0.5320	+0.0000	0.0000	0.0000	0.0000	0.0000
condition-1-en-5k	123	2	sib200	en	en	0.7206	0.7108	-0.0098	0.7206	0.7108	-0.0098	0.0000	0.0000	0.0000	0.0000
condition-1-en-5k	123	2	sib200	en	es	0.5343	0.5049	-0.0294	0.5539	0.5245	-0.0294	0.0294	0.0245	0.0000	0.0000
condition-1-en-5k	123	2	sib200	en	ur	0.2696	0.2647	-0.0049	0.3971	0.4167	+0.0196	0.3873	0.4167	0.3039	0.2451
condition-1-en-5k	123	2	sib200	en	zh	0.6275	0.6324	+0.0049	0.6520	0.6471	-0.0049	0.0539	0.0245	0.0098	0.0098
condition-1-en-5k	123	2	sib200	es	en	0.6765	0.6569	-0.0196	0.6765	0.6569	-0.0196	0.0000	0.0000	0.0000	0.0000
condition-1-en-5k	123	2	sib200	es	es	0.3725	0.3725	+0.0000	0.5147	0.5000	-0.0147	0.1716	0.1520	0.0000	0.0000
condition-1-en-5k	123	2	sib200	es	ur	0.0980	0.0637	-0.0343	0.3088	0.3529	+0.0441	0.6569	0.7108	0.4510	0.3480
condition-1-en-5k	123	2	sib200	es	zh	0.4755	0.4902	+0.0147	0.5931	0.5784	-0.0147	0.1716	0.1176	0.0147	0.0147
condition-1-en-5k	123	2	sib200	ur	en	0.6814	0.6765	-0.0049	0.6814	0.6716	-0.0098	0.0000	0.0000	0.0000	0.0049
condition-1-en-5k	123	2	sib200	ur	es	0.3725	0.3922	+0.0196	0.6127	0.5637	-0.0490	0.3186	0.2402	0.0147	0.0196
condition-1-en-5k	123	2	sib200	ur	ur	0.2059	0.2206	+0.0147	0.5294	0.5441	+0.0147	0.5735	0.5441	0.1275	0.1127
condition-1-en-5k	123	2	sib200	ur	zh	0.5343	0.5343	+0.0000	0.5343	0.5343	+0.0000	0.0147	0.0000	0.0098	0.0098
condition-1-en-5k	123	2	sib200	zh	en	0.6961	0.6667	-0.0294	0.6961	0.6667	-0.0294	0.0000	0.0000	0.0000	0.0000
condition-1-en-5k	123	2	sib200	zh	es	0.3725	0.3824	+0.0098	0.5588	0.5441	-0.0147	0.2402	0.2108	0.0098	0.0098
condition-1-en-5k	123	2	sib200	zh	ur	0.0931	0.1029	+0.0098	0.3971	0.4853	+0.0882	0.7598	0.7843	0.4020	0.2108
condition-1-en-5k	123	2	sib200	zh	zh	0.4853	0.5245	+0.0392	0.6225	0.6275	+0.0049	0.2206	0.1520	0.0245	0.0343
condition-1-en-5k	123	2	xnli	en	en	0.3786	0.3617	-0.0170	0.3786	0.3617	-0.0170	0.0004	0.0008	0.0004	0.0008
condition-1-en-5k	123	2	xnli	en	es	0.3806	0.3916	+0.0110	0.3806	0.3916	+0.0110	0.0034	0.0016	0.0034	0.0016
condition-1-en-5k	123	2	xnli	en	ur	0.2277	0.2088	-0.0190	0.2589	0.2421	-0.0168	0.4289	0.4840	0.3337	0.3840
condition-1-en-5k	123	2	xnli	en	zh	0.2405	0.2541	+0.0136	0.3337	0.3715	+0.0377	0.3212	0.2735	0.1477	0.0623
condition-1-en-5k	123	2	xnli	es	en	0.3661	0.3607	-0.0054	0.3661	0.3607	-0.0054	0.0086	0.0062	0.0086	0.0062
condition-1-en-5k	123	2	xnli	es	es	0.3770	0.3796	+0.0026	0.3770	0.3796	+0.0026	0.0102	0.0026	0.0102	0.0026
condition-1-en-5k	123	2	xnli	es	ur	0.3271	0.3048	-0.0224	0.3319	0.3124	-0.0196	0.1367	0.1904	0.1220	0.1659
condition-1-en-5k	123	2	xnli	es	zh	0.1128	0.1571	+0.0443	0.2369	0.3557	+0.1188	0.7014	0.5725	0.4603	0.1715
condition-1-en-5k	123	2	xnli	ur	en	0.3357	0.3339	-0.0018	0.3357	0.3339	-0.0018	0.0130	0.0126	0.0130	0.0126
condition-1-en-5k	123	2	xnli	ur	es	0.2499	0.3798	+0.1299	0.2499	0.3798	+0.1299	0.3930	0.0379	0.3930	0.0379
condition-1-en-5k	123	2	xnli	ur	ur	0.2990	0.2886	-0.0104	0.3228	0.3230	+0.0002	0.1337	0.1593	0.0655	0.0589
condition-1-en-5k	123	2	xnli	ur	zh	0.2014	0.2808	+0.0794	0.2078	0.2864	+0.0786	0.3856	0.1449	0.3699	0.1202
condition-1-en-5k	123	2	xnli	zh	en	0.4649	0.4593	-0.0056	0.4649	0.4593	-0.0056	0.0054	0.0040	0.0054	0.0040
condition-1-en-5k	123	2	xnli	zh	es	0.3637	0.3587	-0.0050	0.3637	0.3587	-0.0050	0.0142	0.0074	0.0142	0.0074
condition-1-en-5k	123	2	xnli	zh	ur	0.3323	0.3343	+0.0020	0.3341	0.3363	+0.0022	0.0140	0.0130	0.0082	0.0078
condition-1-en-5k	123	2	xnli	zh	zh	0.0675	0.0776	+0.0102	0.2491	0.2942	+0.0451	0.8253	0.8000	0.4054	0.2922
condition-1-en-5k	42	1	belebele	en	en	0.7678	0.7800	+0.0122	0.7678	0.7800	+0.0122	0.0000	0.0000	0.0000	0.0000
condition-1-en-5k	42	1	belebele	en	es	0.7611	0.7589	-0.0022	0.7611	0.7589	-0.0022	0.0000	0.0000	0.0000	0.0000
condition-1-en-5k	42	1	belebele	en	ur	0.7411	0.7567	+0.0156	0.7411	0.7567	+0.0156	0.0000	0.0000	0.0000	0.0000
condition-1-en-5k	42	1	belebele	en	zh	0.7889	0.7889	+0.0000	0.7889	0.7889	+0.0000	0.0000	0.0000	0.0000	0.0000
condition-1-en-5k	42	1	belebele	es	en	0.6911	0.7033	+0.0122	0.6911	0.7033	+0.0122	0.0000	0.0000	0.0000	0.0000
condition-1-en-5k	42	1	belebele	es	es	0.6722	0.6733	+0.0011	0.6722	0.6733	+0.0011	0.0000	0.0000	0.0000	0.0000
condition-1-en-5k	42	1	belebele	es	ur	0.6389	0.6444	+0.0056	0.6389	0.6444	+0.0056	0.0000	0.0000	0.0000	0.0000
condition-1-en-5k	42	1	belebele	es	zh	0.6956	0.6922	-0.0033	0.6956	0.6922	-0.0033	0.0000	0.0000	0.0000	0.0000
condition-1-en-5k	42	1	belebele	ur	en	0.6044	0.6167	+0.0122	0.6044	0.6167	+0.0122	0.0000	0.0000	0.0000	0.0000
condition-1-en-5k	42	1	belebele	ur	es	0.5389	0.5456	+0.0067	0.5389	0.5456	+0.0067	0.0000	0.0000	0.0000	0.0000
condition-1-en-5k	42	1	belebele	ur	ur	0.5289	0.5422	+0.0133	0.5289	0.5422	+0.0133	0.0044	0.0011	0.0044	0.0011
condition-1-en-5k	42	1	belebele	ur	zh	0.5922	0.5978	+0.0056	0.5922	0.5978	+0.0056	0.0000	0.0000	0.0000	0.0000
condition-1-en-5k	42	1	belebele	zh	en	0.7500	0.7656	+0.0156	0.7500	0.7656	+0.0156	0.0000	0.0000	0.0000	0.0000
condition-1-en-5k	42	1	belebele	zh	es	0.7033	0.7056	+0.0022	0.7033	0.7056	+0.0022	0.0000	0.0000	0.0000	0.0000
condition-1-en-5k	42	1	belebele	zh	ur	0.7011	0.7144	+0.0133	0.7011	0.7144	+0.0133	0.0000	0.0000	0.0000	0.0000
condition-1-en-5k	42	1	belebele	zh	zh	0.7756	0.7733	-0.0022	0.7756	0.7733	-0.0022	0.0000	0.0000	0.0000	0.0000
condition-1-en-5k	42	1	csqa	en	en	0.6070	0.6130	+0.0060	0.6070	0.6130	+0.0060	0.0000	0.0000	0.0000	0.0000
condition-1-en-5k	42	1	csqa	en	es	0.6040	0.6090	+0.0050	0.6040	0.6090	+0.0050	0.0070	0.0010	0.0070	0.0010
condition-1-en-5k	42	1	csqa	en	ur	0.5850	0.5920	+0.0070	0.5850	0.5920	+0.0070	0.0000	0.0000	0.0000	0.0000
condition-1-en-5k	42	1	csqa	en	zh	0.6410	0.6460	+0.0050	0.6410	0.6460	+0.0050	0.0000	0.0000	0.0000	0.0000
condition-1-en-5k	42	1	csqa	es	en	0.5240	0.5390	+0.0150	0.5240	0.5390	+0.0150	0.0000	0.0000	0.0000	0.0000
condition-1-en-5k	42	1	csqa	es	es	0.5290	0.5440	+0.0150	0.5290	0.5440	+0.0150	0.0010	0.0010	0.0010	0.0010
condition-1-en-5k	42	1	csqa	es	ur	0.4730	0.4840	+0.0110	0.4730	0.4840	+0.0110	0.0000	0.0000	0.0000	0.0000
condition-1-en-5k	42	1	csqa	es	zh	0.5470	0.5480	+0.0010	0.5470	0.5480	+0.0010	0.0000	0.0000	0.0000	0.0000
condition-1-en-5k	42	1	csqa	ur	en	0.4240	0.4240	+0.0000	0.4240	0.4240	+0.0000	0.0000	0.0000	0.0000	0.0000
condition-1-en-5k	42	1	csqa	ur	es	0.3960	0.3980	+0.0020	0.3960	0.3980	+0.0020	0.0000	0.0000	0.0000	0.0000
condition-1-en-5k	42	1	csqa	ur	ur	0.4040	0.4130	+0.0090	0.4040	0.4130	+0.0090	0.0010	0.0000	0.0010	0.0000
condition-1-en-5k	42	1	csqa	ur	zh	0.3760	0.3820	+0.0060	0.3760	0.3820	+0.0060	0.0000	0.0000	0.0000	0.0000
condition-1-en-5k	42	1	csqa	zh	en	0.5450	0.5540	+0.0090	0.5450	0.5540	+0.0090	0.0000	0.0000	0.0000	0.0000
condition-1-en-5k	42	1	csqa	zh	es	0.5000	0.5090	+0.0090	0.5000	0.5090	+0.0090	0.0020	0.0000	0.0020	0.0000
condition-1-en-5k	42	1	csqa	zh	ur	0.4810	0.4800	-0.0010	0.4810	0.4800	-0.0010	0.0000	0.0000	0.0000	0.0000
condition-1-en-5k	42	1	csqa	zh	zh	0.5340	0.5260	-0.0080	0.5340	0.5260	-0.0080	0.0000	0.0000	0.0000	0.0000
condition-1-en-5k	42	1	sib200	en	en	0.7549	0.7500	-0.0049	0.7549	0.7500	-0.0049	0.0000	0.0000	0.0000	0.0000
condition-1-en-5k	42	1	sib200	en	es	0.6618	0.6373	-0.0245	0.6618	0.6373	-0.0245	0.0000	0.0000	0.0000	0.0000
condition-1-en-5k	42	1	sib200	en	ur	0.3088	0.3284	+0.0196	0.4951	0.4755	-0.0196	0.4510	0.3775	0.0931	0.0882
condition-1-en-5k	42	1	sib200	en	zh	0.7157	0.6961	-0.0196	0.7157	0.6961	-0.0196	0.0000	0.0000	0.0000	0.0000
condition-1-en-5k	42	1	sib200	es	en	0.7794	0.7745	-0.0049	0.7745	0.7647	-0.0098	0.0000	0.0000	0.0049	0.0098
condition-1-en-5k	42	1	sib200	es	es	0.6471	0.6275	-0.0196	0.6520	0.6324	-0.0196	0.0147	0.0147	0.0000	0.0000
condition-1-en-5k	42	1	sib200	es	ur	0.2304	0.2402	+0.0098	0.5343	0.5049	-0.0294	0.6176	0.5931	0.0980	0.1029
condition-1-en-5k	42	1	sib200	es	zh	0.5784	0.5980	+0.0196	0.6373	0.6275	-0.0098	0.0882	0.0588	0.0147	0.0196
condition-1-en-5k	42	1	sib200	ur	en	0.7402	0.6912	-0.0490	0.7255	0.6765	-0.0490	0.0000	0.0000	0.0147	0.0147
condition-1-en-5k	42	1	sib200	ur	es	0.5000	0.4804	-0.0196	0.5343	0.5147	-0.0196	0.0441	0.0392	0.0245	0.0245
condition-1-en-5k	42	1	sib200	ur	ur	0.2157	0.2451	+0.0294	0.5735	0.5539	-0.0196	0.5098	0.3873	0.0343	0.0196
condition-1-en-5k	42	1	sib200	ur	zh	0.5686	0.5441	-0.0245	0.5735	0.5441	-0.0294	0.0098	0.0000	0.0049	0.0098
condition-1-en-5k	42	1	sib200	zh	en	0.8039	0.7696	-0.0343	0.7892	0.7500	-0.0392	0.0098	0.0049	0.0196	0.0245
condition-1-en-5k	42	1	sib200	zh	es	0.5343	0.5049	-0.0294	0.5882	0.5588	-0.0294	0.0784	0.0735	0.0000	0.0000
condition-1-en-5k	42	1	sib200	zh	ur	0.2157	0.2304	+0.0147	0.5294	0.5294	+0.0000	0.6127	0.5539	0.1324	0.0980
condition-1-en-5k	42	1	sib200	zh	zh	0.5343	0.5882	+0.0539	0.6667	0.6618	-0.0049	0.1912	0.1127	0.0098	0.0000
condition-1-en-5k	42	1	xnli	en	en	0.4998	0.5206	+0.0208	0.4998	0.5206	+0.0208	0.0014	0.0002	0.0014	0.0002
condition-1-en-5k	42	1	xnli	en	es	0.3980	0.4200	+0.0220	0.3980	0.4200	+0.0220	0.0002	0.0002	0.0002	0.0002
condition-1-en-5k	42	1	xnli	en	ur	0.3816	0.4206	+0.0389	0.3816	0.4206	+0.0389	0.0010	0.0006	0.0008	0.0004
condition-1-en-5k	42	1	xnli	en	zh	0.3333	0.3343	+0.0010	0.3333	0.3343	+0.0010	0.0000	0.0000	0.0000	0.0000
condition-1-en-5k	42	1	xnli	es	en	0.4525	0.4657	+0.0132	0.4525	0.4657	+0.0132	0.0006	0.0000	0.0006	0.0000
condition-1-en-5k	42	1	xnli	es	es	0.4547	0.4637	+0.0090	0.4547	0.4637	+0.0090	0.0002	0.0002	0.0002	0.0002
condition-1-en-5k	42	1	xnli	es	ur	0.3433	0.3489	+0.0056	0.3433	0.3489	+0.0056	0.0010	0.0006	0.0010	0.0006
condition-1-en-5k	42	1	xnli	es	zh	0.3337	0.3341	+0.0004	0.3337	0.3341	+0.0004	0.0000	0.0000	0.0000	0.0000
condition-1-en-5k	42	1	xnli	ur	en	0.4343	0.4347	+0.0004	0.4343	0.4347	+0.0004	0.0038	0.0000	0.0038	0.0000
condition-1-en-5k	42	1	xnli	ur	es	0.3727	0.3828	+0.0102	0.3727	0.3828	+0.0102	0.0002	0.0002	0.0002	0.0002
condition-1-en-5k	42	1	xnli	ur	ur	0.3327	0.3339	+0.0012	0.3327	0.3339	+0.0012	0.0038	0.0024	0.0038	0.0024
condition-1-en-5k	42	1	xnli	ur	zh	0.3311	0.3329	+0.0018	0.3311	0.3329	+0.0018	0.0002	0.0002	0.0002	0.0002
condition-1-en-5k	42	1	xnli	zh	en	0.3906	0.3984	+0.0078	0.3906	0.3984	+0.0078	0.0000	0.0000	0.0000	0.0000
condition-1-en-5k	42	1	xnli	zh	es	0.3333	0.3333	+0.0000	0.3333	0.3333	+0.0000	0.0000	0.0000	0.0000	0.0000
condition-1-en-5k	42	1	xnli	zh	ur	0.3345	0.3369	+0.0024	0.3345	0.3369	+0.0024	0.0000	0.0000	0.0000	0.0000
condition-1-en-5k	42	1	xnli	zh	zh	0.3329	0.3331	+0.0002	0.3329	0.3331	+0.0002	0.0004	0.0000	0.0004	0.0000
condition-1-en-5k	42	2	belebele	en	en	0.7822	0.7889	+0.0067	0.7822	0.7889	+0.0067	0.0000	0.0000	0.0000	0.0000
condition-1-en-5k	42	2	belebele	en	es	0.7756	0.7822	+0.0067	0.7756	0.7822	+0.0067	0.0000	0.0000	0.0000	0.0000
condition-1-en-5k	42	2	belebele	en	ur	0.7489	0.7622	+0.0133	0.7489	0.7622	+0.0133	0.0000	0.0000	0.0000	0.0000
condition-1-en-5k	42	2	belebele	en	zh	0.8000	0.8044	+0.0044	0.8000	0.8044	+0.0044	0.0000	0.0000	0.0000	0.0000
condition-1-en-5k	42	2	belebele	es	en	0.7011	0.7122	+0.0111	0.7011	0.7122	+0.0111	0.0000	0.0000	0.0000	0.0000
condition-1-en-5k	42	2	belebele	es	es	0.6989	0.6978	-0.0011	0.6989	0.6978	-0.0011	0.0000	0.0000	0.0000	0.0000
condition-1-en-5k	42	2	belebele	es	ur	0.6389	0.6478	+0.0089	0.6389	0.6478	+0.0089	0.0000	0.0000	0.0000	0.0000
condition-1-en-5k	42	2	belebele	es	zh	0.7167	0.7178	+0.0011	0.7167	0.7178	+0.0011	0.0000	0.0000	0.0000	0.0000
condition-1-en-5k	42	2	belebele	ur	en	0.6144	0.6211	+0.0067	0.6144	0.6211	+0.0067	0.0000	0.0000	0.0000	0.0000
condition-1-en-5k	42	2	belebele	ur	es	0.5544	0.5656	+0.0111	0.5544	0.5656	+0.0111	0.0000	0.0000	0.0000	0.0000
condition-1-en-5k	42	2	belebele	ur	ur	0.5233	0.5289	+0.0056	0.5233	0.5289	+0.0056	0.0033	0.0011	0.0033	0.0011
condition-1-en-5k	42	2	belebele	ur	zh	0.6067	0.6067	+0.0000	0.6067	0.6067	+0.0000	0.0000	0.0000	0.0000	0.0000
condition-1-en-5k	42	2	belebele	zh	en	0.7589	0.7644	+0.0056	0.7589	0.7644	+0.0056	0.0000	0.0000	0.0000	0.0000
condition-1-en-5k	42	2	belebele	zh	es	0.7367	0.7367	+0.0000	0.7367	0.7367	+0.0000	0.0000	0.0000	0.0000	0.0000
condition-1-en-5k	42	2	belebele	zh	ur	0.7000	0.7089	+0.0089	0.7000	0.7089	+0.0089	0.0000	0.0000	0.0000	0.0000
condition-1-en-5k	42	2	belebele	zh	zh	0.7611	0.7556	-0.0056	0.7611	0.7556	-0.0056	0.0000	0.0000	0.0000	0.0000
condition-1-en-5k	42	2	csqa	en	en	0.6070	0.6160	+0.0090	0.6070	0.6160	+0.0090	0.0000	0.0000	0.0000	0.0000
condition-1-en-5k	42	2	csqa	en	es	0.6230	0.6180	-0.0050	0.6230	0.6180	-0.0050	0.0000	0.0000	0.0000	0.0000
condition-1-en-5k	42	2	csqa	en	ur	0.5790	0.5850	+0.0060	0.5790	0.5850	+0.0060	0.0000	0.0000	0.0000	0.0000
condition-1-en-5k	42	2	csqa	en	zh	0.6310	0.6360	+0.0050	0.6310	0.6360	+0.0050	0.0000	0.0000	0.0000	0.0000
condition-1-en-5k	42	2	csqa	es	en	0.5170	0.5310	+0.0140	0.5170	0.5310	+0.0140	0.0000	0.0000	0.0000	0.0000
condition-1-en-5k	42	2	csqa	es	es	0.5320	0.5350	+0.0030	0.5320	0.5350	+0.0030	0.0000	0.0000	0.0000	0.0000
condition-1-en-5k	42	2	csqa	es	ur	0.4800	0.4860	+0.0060	0.4800	0.4860	+0.0060	0.0000	0.0000	0.0000	0.0000
condition-1-en-5k	42	2	csqa	es	zh	0.5300	0.5350	+0.0050	0.5300	0.5350	+0.0050	0.0000	0.0000	0.0000	0.0000
condition-1-en-5k	42	2	csqa	ur	en	0.4170	0.4210	+0.0040	0.4170	0.4210	+0.0040	0.0000	0.0000	0.0000	0.0000
condition-1-en-5k	42	2	csqa	ur	es	0.3930	0.3910	-0.0020	0.3930	0.3910	-0.0020	0.0000	0.0000	0.0000	0.0000
condition-1-en-5k	42	2	csqa	ur	ur	0.3920	0.3890	-0.0030	0.3920	0.3890	-0.0030	0.0010	0.0000	0.0010	0.0000
condition-1-en-5k	42	2	csqa	ur	zh	0.4020	0.4030	+0.0010	0.4020	0.4030	+0.0010	0.0000	0.0000	0.0000	0.0000
condition-1-en-5k	42	2	csqa	zh	en	0.5320	0.5310	-0.0010	0.5320	0.5310	-0.0010	0.0000	0.0000	0.0000	0.0000
condition-1-en-5k	42	2	csqa	zh	es	0.5100	0.5050	-0.0050	0.5100	0.5050	-0.0050	0.0000	0.0000	0.0000	0.0000
condition-1-en-5k	42	2	csqa	zh	ur	0.4660	0.4690	+0.0030	0.4660	0.4690	+0.0030	0.0000	0.0000	0.0000	0.0000
condition-1-en-5k	42	2	csqa	zh	zh	0.5320	0.5340	+0.0020	0.5320	0.5340	+0.0020	0.0000	0.0000	0.0000	0.0000
condition-1-en-5k	42	2	sib200	en	en	0.7206	0.7010	-0.0196	0.7206	0.7010	-0.0196	0.0000	0.0000	0.0000	0.0000
condition-1-en-5k	42	2	sib200	en	es	0.5343	0.4755	-0.0588	0.5539	0.4951	-0.0588	0.0294	0.0294	0.0000	0.0000
condition-1-en-5k	42	2	sib200	en	ur	0.2696	0.2598	-0.0098	0.3971	0.4363	+0.0392	0.3873	0.4461	0.3039	0.2304
condition-1-en-5k	42	2	sib200	en	zh	0.6275	0.6275	+0.0000	0.6520	0.6520	+0.0000	0.0539	0.0392	0.0098	0.0049
condition-1-en-5k	42	2	sib200	es	en	0.6765	0.6520	-0.0245	0.6765	0.6520	-0.0245	0.0000	0.0000	0.0000	0.0000
condition-1-en-5k	42	2	sib200	es	es	0.3725	0.3627	-0.0098	0.5147	0.4951	-0.0196	0.1716	0.1520	0.0000	0.0000
condition-1-en-5k	42	2	sib200	es	ur	0.0980	0.0980	+0.0000	0.3088	0.3873	+0.0784	0.6569	0.7108	0.4510	0.3088
condition-1-en-5k	42	2	sib200	es	zh	0.4755	0.4951	+0.0196	0.5931	0.5735	-0.0196	0.1716	0.1324	0.0147	0.0147
condition-1-en-5k	42	2	sib200	ur	en	0.6814	0.6569	-0.0245	0.6814	0.6569	-0.0245	0.0000	0.0000	0.0000	0.0000
condition-1-en-5k	42	2	sib200	ur	es	0.3725	0.3725	+0.0000	0.6127	0.5392	-0.0735	0.3186	0.2157	0.0147	0.0098
condition-1-en-5k	42	2	sib200	ur	ur	0.2059	0.2157	+0.0098	0.5294	0.5392	+0.0098	0.5735	0.5490	0.1275	0.1127
condition-1-en-5k	42	2	sib200	ur	zh	0.5343	0.5196	-0.0147	0.5343	0.5196	-0.0147	0.0147	0.0000	0.0098	0.0049
condition-1-en-5k	42	2	sib200	zh	en	0.6961	0.6667	-0.0294	0.6961	0.6667	-0.0294	0.0000	0.0000	0.0000	0.0000
condition-1-en-5k	42	2	sib200	zh	es	0.3725	0.3775	+0.0049	0.5588	0.5294	-0.0294	0.2402	0.2010	0.0098	0.0098
condition-1-en-5k	42	2	sib200	zh	ur	0.0931	0.1275	+0.0343	0.3971	0.4951	+0.0980	0.7598	0.7696	0.4020	0.2059
condition-1-en-5k	42	2	sib200	zh	zh	0.4853	0.5147	+0.0294	0.6225	0.6225	+0.0000	0.2206	0.1569	0.0245	0.0196
condition-1-en-5k	42	2	xnli	en	en	0.3786	0.3489	-0.0297	0.3786	0.3489	-0.0297	0.0004	0.0008	0.0004	0.0008
condition-1-en-5k	42	2	xnli	en	es	0.3806	0.3880	+0.0074	0.3806	0.3880	+0.0074	0.0034	0.0018	0.0034	0.0018
condition-1-en-5k	42	2	xnli	en	ur	0.2277	0.2347	+0.0070	0.2589	0.2701	+0.0112	0.4289	0.4172	0.3337	0.3190
condition-1-en-5k	42	2	xnli	en	zh	0.2405	0.2303	-0.0102	0.3337	0.3936	+0.0599	0.3212	0.3729	0.1477	0.0713
condition-1-en-5k	42	2	xnli	es	en	0.3661	0.3477	-0.0184	0.3661	0.3477	-0.0184	0.0086	0.0072	0.0086	0.0072
condition-1-en-5k	42	2	xnli	es	es	0.3770	0.3768	-0.0002	0.3770	0.3768	-0.0002	0.0102	0.0024	0.0102	0.0024
condition-1-en-5k	42	2	xnli	es	ur	0.3271	0.3204	-0.0068	0.3319	0.3291	-0.0028	0.1367	0.1533	0.1220	0.1275
condition-1-en-5k	42	2	xnli	es	zh	0.1128	0.1257	+0.0130	0.2369	0.3547	+0.1178	0.7014	0.6723	0.4603	0.2238
condition-1-en-5k	42	2	xnli	ur	en	0.3357	0.3325	-0.0032	0.3357	0.3325	-0.0032	0.0130	0.0056	0.0130	0.0056
condition-1-en-5k	42	2	xnli	ur	es	0.2499	0.3782	+0.1283	0.2499	0.3782	+0.1283	0.3930	0.0289	0.3930	0.0289
condition-1-en-5k	42	2	xnli	ur	ur	0.2990	0.2812	-0.0178	0.3228	0.3273	+0.0046	0.1337	0.1892	0.0655	0.0599
condition-1-en-5k	42	2	xnli	ur	zh	0.2014	0.2645	+0.0631	0.2078	0.2749	+0.0671	0.3856	0.1918	0.3699	0.1565
condition-1-en-5k	42	2	xnli	zh	en	0.4649	0.4261	-0.0387	0.4649	0.4261	-0.0387	0.0054	0.0048	0.0054	0.0048
condition-1-en-5k	42	2	xnli	zh	es	0.3637	0.3689	+0.0052	0.3637	0.3689	+0.0052	0.0142	0.0098	0.0142	0.0098
condition-1-en-5k	42	2	xnli	zh	ur	0.3323	0.3333	+0.0010	0.3341	0.3369	+0.0028	0.0140	0.0148	0.0082	0.0072
condition-1-en-5k	42	2	xnli	zh	zh	0.0675	0.0747	+0.0072	0.2491	0.3042	+0.0551	0.8253	0.8154	0.4054	0.2760
condition-1-en-5k	456	1	belebele	en	en	0.7678	0.7767	+0.0089	0.7678	0.7767	+0.0089	0.0000	0.0000	0.0000	0.0000
condition-1-en-5k	456	1	belebele	en	es	0.7611	0.7600	-0.0011	0.7611	0.7600	-0.0011	0.0000	0.0000	0.0000	0.0000
condition-1-en-5k	456	1	belebele	en	ur	0.7411	0.7589	+0.0178	0.7411	0.7589	+0.0178	0.0000	0.0000	0.0000	0.0000
condition-1-en-5k	456	1	belebele	en	zh	0.7889	0.7878	-0.0011	0.7889	0.7878	-0.0011	0.0000	0.0000	0.0000	0.0000
condition-1-en-5k	456	1	belebele	es	en	0.6911	0.6967	+0.0056	0.6911	0.6967	+0.0056	0.0000	0.0000	0.0000	0.0000
condition-1-en-5k	456	1	belebele	es	es	0.6722	0.6689	-0.0033	0.6722	0.6689	-0.0033	0.0000	0.0000	0.0000	0.0000
condition-1-en-5k	456	1	belebele	es	ur	0.6389	0.6356	-0.0033	0.6389	0.6356	-0.0033	0.0000	0.0000	0.0000	0.0000
condition-1-en-5k	456	1	belebele	es	zh	0.6956	0.6956	+0.0000	0.6956	0.6956	+0.0000	0.0000	0.0000	0.0000	0.0000
condition-1-en-5k	456	1	belebele	ur	en	0.6044	0.6133	+0.0089	0.6044	0.6133	+0.0089	0.0000	0.0000	0.0000	0.0000
condition-1-en-5k	456	1	belebele	ur	es	0.5389	0.5333	-0.0056	0.5389	0.5333	-0.0056	0.0000	0.0000	0.0000	0.0000
condition-1-en-5k	456	1	belebele	ur	ur	0.5289	0.5389	+0.0100	0.5289	0.5389	+0.0100	0.0044	0.0033	0.0044	0.0033
condition-1-en-5k	456	1	belebele	ur	zh	0.5922	0.6000	+0.0078	0.5922	0.6000	+0.0078	0.0000	0.0000	0.0000	0.0000
condition-1-en-5k	456	1	belebele	zh	en	0.7500	0.7533	+0.0033	0.7500	0.7533	+0.0033	0.0000	0.0000	0.0000	0.0000
condition-1-en-5k	456	1	belebele	zh	es	0.7033	0.7067	+0.0033	0.7033	0.7067	+0.0033	0.0000	0.0000	0.0000	0.0000
condition-1-en-5k	456	1	belebele	zh	ur	0.7011	0.7133	+0.0122	0.7011	0.7133	+0.0122	0.0000	0.0000	0.0000	0.0000
condition-1-en-5k	456	1	belebele	zh	zh	0.7756	0.7767	+0.0011	0.7756	0.7767	+0.0011	0.0000	0.0000	0.0000	0.0000
condition-1-en-5k	456	1	csqa	en	en	0.6070	0.6120	+0.0050	0.6070	0.6120	+0.0050	0.0000	0.0000	0.0000	0.0000
condition-1-en-5k	456	1	csqa	en	es	0.6040	0.6190	+0.0150	0.6040	0.6190	+0.0150	0.0070	0.0010	0.0070	0.0010
condition-1-en-5k	456	1	csqa	en	ur	0.5850	0.5920	+0.0070	0.5850	0.5920	+0.0070	0.0000	0.0000	0.0000	0.0000
condition-1-en-5k	456	1	csqa	en	zh	0.6410	0.6480	+0.0070	0.6410	0.6480	+0.0070	0.0000	0.0000	0.0000	0.0000
condition-1-en-5k	456	1	csqa	es	en	0.5240	0.5230	-0.0010	0.5240	0.5230	-0.0010	0.0000	0.0000	0.0000	0.0000
condition-1-en-5k	456	1	csqa	es	es	0.5290	0.5260	-0.0030	0.5290	0.5260	-0.0030	0.0010	0.0010	0.0010	0.0010
condition-1-en-5k	456	1	csqa	es	ur	0.4730	0.4840	+0.0110	0.4730	0.4840	+0.0110	0.0000	0.0000	0.0000	0.0000
condition-1-en-5k	456	1	csqa	es	zh	0.5470	0.5520	+0.0050	0.5470	0.5520	+0.0050	0.0000	0.0000	0.0000	0.0000
condition-1-en-5k	456	1	csqa	ur	en	0.4240	0.4200	-0.0040	0.4240	0.4200	-0.0040	0.0000	0.0000	0.0000	0.0000
condition-1-en-5k	456	1	csqa	ur	es	0.3960	0.4000	+0.0040	0.3960	0.4000	+0.0040	0.0000	0.0000	0.0000	0.0000
condition-1-en-5k	456	1	csqa	ur	ur	0.4040	0.4150	+0.0110	0.4040	0.4150	+0.0110	0.0010	0.0000	0.0010	0.0000
condition-1-en-5k	456	1	csqa	ur	zh	0.3760	0.3890	+0.0130	0.3760	0.3890	+0.0130	0.0000	0.0000	0.0000	0.0000
condition-1-en-5k	456	1	csqa	zh	en	0.5450	0.5540	+0.0090	0.5450	0.5540	+0.0090	0.0000	0.0000	0.0000	0.0000
condition-1-en-5k	456	1	csqa	zh	es	0.5000	0.5080	+0.0080	0.5000	0.5080	+0.0080	0.0020	0.0000	0.0020	0.0000
condition-1-en-5k	456	1	csqa	zh	ur	0.4810	0.4870	+0.0060	0.4810	0.4870	+0.0060	0.0000	0.0000	0.0000	0.0000
condition-1-en-5k	456	1	csqa	zh	zh	0.5340	0.5270	-0.0070	0.5340	0.5270	-0.0070	0.0000	0.0000	0.0000	0.0000
condition-1-en-5k	456	1	sib200	en	en	0.7549	0.7598	+0.0049	0.7549	0.7598	+0.0049	0.0000	0.0000	0.0000	0.0000
condition-1-en-5k	456	1	sib200	en	es	0.6618	0.6471	-0.0147	0.6618	0.6471	-0.0147	0.0000	0.0000	0.0000	0.0000
condition-1-en-5k	456	1	sib200	en	ur	0.3088	0.3431	+0.0343	0.4951	0.4755	-0.0196	0.4510	0.3873	0.0931	0.1029
condition-1-en-5k	456	1	sib200	en	zh	0.7157	0.7108	-0.0049	0.7157	0.7108	-0.0049	0.0000	0.0000	0.0000	0.0000
condition-1-en-5k	456	1	sib200	es	en	0.7794	0.7745	-0.0049	0.7745	0.7549	-0.0196	0.0000	0.0000	0.0049	0.0196
condition-1-en-5k	456	1	sib200	es	es	0.6471	0.6324	-0.0147	0.6520	0.6373	-0.0147	0.0147	0.0147	0.0000	0.0000
condition-1-en-5k	456	1	sib200	es	ur	0.2304	0.2402	+0.0098	0.5343	0.4804	-0.0539	0.6176	0.5980	0.0980	0.1324
condition-1-en-5k	456	1	sib200	es	zh	0.5784	0.5931	+0.0147	0.6373	0.6324	-0.0049	0.0882	0.0686	0.0147	0.0196
condition-1-en-5k	456	1	sib200	ur	en	0.7402	0.7157	-0.0245	0.7255	0.7010	-0.0245	0.0000	0.0000	0.0147	0.0147
condition-1-en-5k	456	1	sib200	ur	es	0.5000	0.4755	-0.0245	0.5343	0.5147	-0.0196	0.0441	0.0441	0.0245	0.0147
condition-1-en-5k	456	1	sib200	ur	ur	0.2157	0.2304	+0.0147	0.5735	0.5588	-0.0147	0.5098	0.4412	0.0343	0.0245
condition-1-en-5k	456	1	sib200	ur	zh	0.5686	0.5588	-0.0098	0.5735	0.5637	-0.0098	0.0098	0.0049	0.0049	0.0049
condition-1-en-5k	456	1	sib200	zh	en	0.8039	0.7794	-0.0245	0.7892	0.7549	-0.0343	0.0098	0.0049	0.0196	0.0294
condition-1-en-5k	456	1	sib200	zh	es	0.5343	0.5196	-0.0147	0.5882	0.5735	-0.0147	0.0784	0.0784	0.0000	0.0000
condition-1-en-5k	456	1	sib200	zh	ur	0.2157	0.2206	+0.0049	0.5294	0.5245	-0.0049	0.6127	0.5833	0.1324	0.1275
condition-1-en-5k	456	1	sib200	zh	zh	0.5343	0.5588	+0.0245	0.6667	0.6618	-0.0049	0.1912	0.1618	0.0098	0.0000
condition-1-en-5k	456	1	xnli	en	en	0.4998	0.5255	+0.0257	0.4998	0.5255	+0.0257	0.0014	0.0002	0.0014	0.0002
condition-1-en-5k	456	1	xnli	en	es	0.3980	0.4162	+0.0182	0.3980	0.4162	+0.0182	0.0002	0.0002	0.0002	0.0002
condition-1-en-5k	456	1	xnli	en	ur	0.3816	0.4200	+0.0383	0.3816	0.4200	+0.0383	0.0010	0.0008	0.0008	0.0006
condition-1-en-5k	456	1	xnli	en	zh	0.3333	0.3341	+0.0008	0.3333	0.3341	+0.0008	0.0000	0.0000	0.0000	0.0000
condition-1-en-5k	456	1	xnli	es	en	0.4525	0.4717	+0.0192	0.4525	0.4717	+0.0192	0.0006	0.0000	0.0006	0.0000
condition-1-en-5k	456	1	xnli	es	es	0.4547	0.4653	+0.0106	0.4547	0.4653	+0.0106	0.0002	0.0002	0.0002	0.0002
condition-1-en-5k	456	1	xnli	es	ur	0.3433	0.3505	+0.0072	0.3433	0.3505	+0.0072	0.0010	0.0010	0.0010	0.0010
condition-1-en-5k	456	1	xnli	es	zh	0.3337	0.3349	+0.0012	0.3337	0.3349	+0.0012	0.0000	0.0000	0.0000	0.0000
condition-1-en-5k	456	1	xnli	ur	en	0.4343	0.4403	+0.0060	0.4343	0.4403	+0.0060	0.0038	0.0000	0.0038	0.0000
condition-1-en-5k	456	1	xnli	ur	es	0.3727	0.3856	+0.0130	0.3727	0.3856	+0.0130	0.0002	0.0002	0.0002	0.0002
condition-1-en-5k	456	1	xnli	ur	ur	0.3327	0.3325	-0.0002	0.3327	0.3325	-0.0002	0.0038	0.0044	0.0038	0.0044
condition-1-en-5k	456	1	xnli	ur	zh	0.3311	0.3331	+0.0020	0.3311	0.3331	+0.0020	0.0002	0.0006	0.0002	0.0006
condition-1-en-5k	456	1	xnli	zh	en	0.3906	0.4078	+0.0172	0.3906	0.4078	+0.0172	0.0000	0.0000	0.0000	0.0000
condition-1-en-5k	456	1	xnli	zh	es	0.3333	0.3333	+0.0000	0.3333	0.3333	+0.0000	0.0000	0.0000	0.0000	0.0000
condition-1-en-5k	456	1	xnli	zh	ur	0.3345	0.3371	+0.0026	0.3345	0.3371	+0.0026	0.0000	0.0000	0.0000	0.0000
condition-1-en-5k	456	1	xnli	zh	zh	0.3329	0.3395	+0.0066	0.3329	0.3395	+0.0066	0.0004	0.0002	0.0004	0.0002
condition-1-en-5k	456	2	belebele	en	en	0.7822	0.7856	+0.0033	0.7822	0.7856	+0.0033	0.0000	0.0000	0.0000	0.0000
condition-1-en-5k	456	2	belebele	en	es	0.7756	0.7811	+0.0056	0.7756	0.7811	+0.0056	0.0000	0.0000	0.0000	0.0000
condition-1-en-5k	456	2	belebele	en	ur	0.7489	0.7611	+0.0122	0.7489	0.7611	+0.0122	0.0000	0.0000	0.0000	0.0000
condition-1-en-5k	456	2	belebele	en	zh	0.8000	0.7967	-0.0033	0.8000	0.7967	-0.0033	0.0000	0.0000	0.0000	0.0000
condition-1-en-5k	456	2	belebele	es	en	0.7011	0.7067	+0.0056	0.7011	0.7067	+0.0056	0.0000	0.0000	0.0000	0.0000
condition-1-en-5k	456	2	belebele	es	es	0.6989	0.6922	-0.0067	0.6989	0.6922	-0.0067	0.0000	0.0000	0.0000	0.0000
condition-1-en-5k	456	2	belebele	es	ur	0.6389	0.6389	+0.0000	0.6389	0.6389	+0.0000	0.0000	0.0000	0.0000	0.0000
condition-1-en-5k	456	2	belebele	es	zh	0.7167	0.7222	+0.0056	0.7167	0.7222	+0.0056	0.0000	0.0000	0.0000	0.0000
condition-1-en-5k	456	2	belebele	ur	en	0.6144	0.6156	+0.0011	0.6144	0.6156	+0.0011	0.0000	0.0000	0.0000	0.0000
condition-1-en-5k	456	2	belebele	ur	es	0.5544	0.5656	+0.0111	0.5544	0.5656	+0.0111	0.0000	0.0000	0.0000	0.0000
condition-1-en-5k	456	2	belebele	ur	ur	0.5233	0.5233	+0.0000	0.5233	0.5233	+0.0000	0.0033	0.0044	0.0033	0.0044
condition-1-en-5k	456	2	belebele	ur	zh	0.6067	0.6022	-0.0044	0.6067	0.6022	-0.0044	0.0000	0.0000	0.0000	0.0000
condition-1-en-5k	456	2	belebele	zh	en	0.7589	0.7611	+0.0022	0.7589	0.7611	+0.0022	0.0000	0.0000	0.0000	0.0000
condition-1-en-5k	456	2	belebele	zh	es	0.7367	0.7344	-0.0022	0.7367	0.7344	-0.0022	0.0000	0.0000	0.0000	0.0000
condition-1-en-5k	456	2	belebele	zh	ur	0.7000	0.7100	+0.0100	0.7000	0.7100	+0.0100	0.0000	0.0000	0.0000	0.0000
condition-1-en-5k	456	2	belebele	zh	zh	0.7611	0.7556	-0.0056	0.7611	0.7556	-0.0056	0.0000	0.0000	0.0000	0.0000
condition-1-en-5k	456	2	csqa	en	en	0.6070	0.6090	+0.0020	0.6070	0.6090	+0.0020	0.0000	0.0000	0.0000	0.0000
condition-1-en-5k	456	2	csqa	en	es	0.6230	0.6200	-0.0030	0.6230	0.6200	-0.0030	0.0000	0.0000	0.0000	0.0000
condition-1-en-5k	456	2	csqa	en	ur	0.5790	0.5860	+0.0070	0.5790	0.5860	+0.0070	0.0000	0.0000	0.0000	0.0000
condition-1-en-5k	456	2	csqa	en	zh	0.6310	0.6450	+0.0140	0.6310	0.6450	+0.0140	0.0000	0.0000	0.0000	0.0000
condition-1-en-5k	456	2	csqa	es	en	0.5170	0.5280	+0.0110	0.5170	0.5280	+0.0110	0.0000	0.0000	0.0000	0.0000
condition-1-en-5k	456	2	csqa	es	es	0.5320	0.5360	+0.0040	0.5320	0.5360	+0.0040	0.0000	0.0000	0.0000	0.0000
condition-1-en-5k	456	2	csqa	es	ur	0.4800	0.4830	+0.0030	0.4800	0.4830	+0.0030	0.0000	0.0000	0.0000	0.0000
condition-1-en-5k	456	2	csqa	es	zh	0.5300	0.5250	-0.0050	0.5300	0.5250	-0.0050	0.0000	0.0000	0.0000	0.0000
condition-1-en-5k	456	2	csqa	ur	en	0.4170	0.4170	+0.0000	0.4170	0.4170	+0.0000	0.0000	0.0000	0.0000	0.0000
condition-1-en-5k	456	2	csqa	ur	es	0.3930	0.3950	+0.0020	0.3930	0.3950	+0.0020	0.0000	0.0000	0.0000	0.0000
condition-1-en-5k	456	2	csqa	ur	ur	0.3920	0.3950	+0.0030	0.3920	0.3950	+0.0030	0.0010	0.0000	0.0010	0.0000
condition-1-en-5k	456	2	csqa	ur	zh	0.4020	0.4070	+0.0050	0.4020	0.4070	+0.0050	0.0000	0.0000	0.0000	0.0000
condition-1-en-5k	456	2	csqa	zh	en	0.5320	0.5360	+0.0040	0.5320	0.5360	+0.0040	0.0000	0.0000	0.0000	0.0000
condition-1-en-5k	456	2	csqa	zh	es	0.5100	0.5040	-0.0060	0.5100	0.5040	-0.0060	0.0000	0.0000	0.0000	0.0000
condition-1-en-5k	456	2	csqa	zh	ur	0.4660	0.4680	+0.0020	0.4660	0.4680	+0.0020	0.0000	0.0000	0.0000	0.0000
condition-1-en-5k	456	2	csqa	zh	zh	0.5320	0.5370	+0.0050	0.5320	0.5370	+0.0050	0.0000	0.0000	0.0000	0.0000
condition-1-en-5k	456	2	sib200	en	en	0.7206	0.7157	-0.0049	0.7206	0.7157	-0.0049	0.0000	0.0000	0.0000	0.0000
condition-1-en-5k	456	2	sib200	en	es	0.5343	0.4951	-0.0392	0.5539	0.5196	-0.0343	0.0294	0.0392	0.0000	0.0049
condition-1-en-5k	456	2	sib200	en	ur	0.2696	0.2500	-0.0196	0.3971	0.4167	+0.0196	0.3873	0.4461	0.3039	0.2451
condition-1-en-5k	456	2	sib200	en	zh	0.6275	0.6275	+0.0000	0.6520	0.6520	+0.0000	0.0539	0.0441	0.0098	0.0098
condition-1-en-5k	456	2	sib200	es	en	0.6765	0.6667	-0.0098	0.6765	0.6667	-0.0098	0.0000	0.0000	0.0000	0.0000
condition-1-en-5k	456	2	sib200	es	es	0.3725	0.3480	-0.0245	0.5147	0.5049	-0.0098	0.1716	0.1814	0.0000	0.0000
condition-1-en-5k	456	2	sib200	es	ur	0.0980	0.0490	-0.0490	0.3088	0.3676	+0.0588	0.6569	0.7794	0.4510	0.3333
condition-1-en-5k	456	2	sib200	es	zh	0.4755	0.4853	+0.0098	0.5931	0.5735	-0.0196	0.1716	0.1471	0.0147	0.0147
condition-1-en-5k	456	2	sib200	ur	en	0.6814	0.6716	-0.0098	0.6814	0.6716	-0.0098	0.0000	0.0000	0.0000	0.0000
condition-1-en-5k	456	2	sib200	ur	es	0.3725	0.3676	-0.0049	0.6127	0.5882	-0.0245	0.3186	0.2843	0.0147	0.0098
condition-1-en-5k	456	2	sib200	ur	ur	0.2059	0.2059	+0.0000	0.5294	0.5490	+0.0196	0.5735	0.5882	0.1275	0.1029
condition-1-en-5k	456	2	sib200	ur	zh	0.5343	0.5343	+0.0000	0.5343	0.5343	+0.0000	0.0147	0.0000	0.0098	0.0098
condition-1-en-5k	456	2	sib200	zh	en	0.6961	0.6814	-0.0147	0.6961	0.6814	-0.0147	0.0000	0.0000	0.0000	0.0000
condition-1-en-5k	456	2	sib200	zh	es	0.3725	0.3775	+0.0049	0.5588	0.5392	-0.0196	0.2402	0.2108	0.0098	0.0049
condition-1-en-5k	456	2	sib200	zh	ur	0.0931	0.0784	-0.0147	0.3971	0.4755	+0.0784	0.7598	0.8284	0.4020	0.2255
condition-1-en-5k	456	2	sib200	zh	zh	0.4853	0.4951	+0.0098	0.6225	0.6225	+0.0000	0.2206	0.1961	0.0245	0.0245
condition-1-en-5k	456	2	xnli	en	en	0.3786	0.3589	-0.0198	0.3786	0.3589	-0.0198	0.0004	0.0006	0.0004	0.0006
condition-1-en-5k	456	2	xnli	en	es	0.3806	0.3914	+0.0108	0.3806	0.3914	+0.0108	0.0034	0.0016	0.0034	0.0016
condition-1-en-5k	456	2	xnli	en	ur	0.2277	0.2024	-0.0253	0.2589	0.2413	-0.0176	0.4289	0.5090	0.3337	0.3960
condition-1-en-5k	456	2	xnli	en	zh	0.2405	0.1804	-0.0601	0.3337	0.3868	+0.0531	0.3212	0.5144	0.1477	0.1293
condition-1-en-5k	456	2	xnli	es	en	0.3661	0.3557	-0.0104	0.3661	0.3557	-0.0104	0.0086	0.0058	0.0086	0.0058
condition-1-en-5k	456	2	xnli	es	es	0.3770	0.3735	-0.0036	0.3770	0.3735	-0.0036	0.0102	0.0030	0.0102	0.0030
condition-1-en-5k	456	2	xnli	es	ur	0.3271	0.3066	-0.0206	0.3319	0.3158	-0.0162	0.1367	0.1944	0.1220	0.1661
condition-1-en-5k	456	2	xnli	es	zh	0.1128	0.0908	-0.0220	0.2369	0.3285	+0.0916	0.7014	0.7709	0.4603	0.3024
condition-1-en-5k	456	2	xnli	ur	en	0.3357	0.3325	-0.0032	0.3357	0.3325	-0.0032	0.0130	0.0082	0.0130	0.0082
condition-1-en-5k	456	2	xnli	ur	es	0.2499	0.3651	+0.1152	0.2499	0.3651	+0.1152	0.3930	0.0571	0.3930	0.0571
condition-1-en-5k	456	2	xnli	ur	ur	0.2990	0.2725	-0.0265	0.3228	0.3236	+0.0008	0.1337	0.2132	0.0655	0.0655
condition-1-en-5k	456	2	xnli	ur	zh	0.2014	0.2525	+0.0511	0.2078	0.2663	+0.0585	0.3856	0.2265	0.3699	0.1840
condition-1-en-5k	456	2	xnli	zh	en	0.4649	0.4389	-0.0259	0.4649	0.4389	-0.0259	0.0054	0.0040	0.0054	0.0040
condition-1-en-5k	456	2	xnli	zh	es	0.3637	0.3756	+0.0120	0.3637	0.3756	+0.0120	0.0142	0.0120	0.0142	0.0120
condition-1-en-5k	456	2	xnli	zh	ur	0.3323	0.3323	+0.0000	0.3341	0.3361	+0.0020	0.0140	0.0210	0.0082	0.0106
condition-1-en-5k	456	2	xnli	zh	zh	0.0675	0.0569	-0.0106	0.2491	0.2745	+0.0253	0.8253	0.8659	0.4054	0.3651
condition-2-es-20k	42	1	belebele	en	en	0.7678	0.7878	+0.0200	0.7678	0.7878	+0.0200	0.0000	0.0000	0.0000	0.0000
condition-2-es-20k	42	1	belebele	en	es	0.7611	0.7744	+0.0133	0.7611	0.7744	+0.0133	0.0000	0.0000	0.0000	0.0000
condition-2-es-20k	42	1	belebele	es	en	0.6911	0.7022	+0.0111	0.6911	0.7022	+0.0111	0.0000	0.0000	0.0000	0.0000
condition-2-es-20k	42	1	belebele	es	es	0.6722	0.6678	-0.0044	0.6722	0.6678	-0.0044	0.0000	0.0000	0.0000	0.0000
condition-2-es-20k	42	1	belebele	ur	en	0.6044	0.6089	+0.0044	0.6044	0.6089	+0.0044	0.0000	0.0000	0.0000	0.0000
condition-2-es-20k	42	1	belebele	ur	es	0.5389	0.5444	+0.0056	0.5389	0.5444	+0.0056	0.0000	0.0000	0.0000	0.0000
condition-2-es-20k	42	1	belebele	zh	en	0.7500	0.7556	+0.0056	0.7500	0.7556	+0.0056	0.0000	0.0000	0.0000	0.0000
condition-2-es-20k	42	1	belebele	zh	es	0.7033	0.7156	+0.0122	0.7033	0.7156	+0.0122	0.0000	0.0000	0.0000	0.0000
condition-2-es-20k	42	1	csqa	en	en	0.6070	0.6010	-0.0060	0.6070	0.6010	-0.0060	0.0000	0.0000	0.0000	0.0000
condition-2-es-20k	42	1	csqa	en	es	0.6040	0.6100	+0.0060	0.6040	0.6100	+0.0060	0.0070	0.0000	0.0070	0.0000
condition-2-es-20k	42	1	csqa	es	en	0.5240	0.5360	+0.0120	0.5240	0.5360	+0.0120	0.0000	0.0000	0.0000	0.0000
condition-2-es-20k	42	1	csqa	es	es	0.5290	0.5400	+0.0110	0.5290	0.5400	+0.0110	0.0010	0.0000	0.0010	0.0000
condition-2-es-20k	42	1	csqa	ur	en	0.4240	0.4180	-0.0060	0.4240	0.4180	-0.0060	0.0000	0.0000	0.0000	0.0000
condition-2-es-20k	42	1	csqa	ur	es	0.3960	0.3950	-0.0010	0.3960	0.3950	-0.0010	0.0000	0.0000	0.0000	0.0000
condition-2-es-20k	42	1	csqa	zh	en	0.5450	0.5490	+0.0040	0.5450	0.5490	+0.0040	0.0000	0.0000	0.0000	0.0000
condition-2-es-20k	42	1	csqa	zh	es	0.5000	0.5230	+0.0230	0.5000	0.5230	+0.0230	0.0020	0.0000	0.0020	0.0000
condition-2-es-20k	42	1	sib200	en	en	0.7549	0.7549	+0.0000	0.7549	0.7549	+0.0000	0.0000	0.0000	0.0000	0.0000
condition-2-es-20k	42	1	sib200	en	es	0.6618	0.6814	+0.0196	0.6618	0.6814	+0.0196	0.0000	0.0000	0.0000	0.0000
condition-2-es-20k	42	1	sib200	es	en	0.7794	0.7745	-0.0049	0.7745	0.7598	-0.0147	0.0000	0.0000	0.0049	0.0147
condition-2-es-20k	42	1	sib200	es	es	0.6471	0.6765	+0.0294	0.6520	0.6765	+0.0245	0.0147	0.0000	0.0000	0.0000
condition-2-es-20k	42	1	sib200	ur	en	0.7402	0.7157	-0.0245	0.7255	0.7108	-0.0147	0.0000	0.0000	0.0147	0.0049
condition-2-es-20k	42	1	sib200	ur	es	0.5000	0.5686	+0.0686	0.5343	0.5686	+0.0343	0.0441	0.0000	0.0245	0.0343
condition-2-es-20k	42	1	sib200	zh	en	0.8039	0.7843	-0.0196	0.7892	0.7647	-0.0245	0.0098	0.0000	0.0196	0.0196
condition-2-es-20k	42	1	sib200	zh	es	0.5343	0.6618	+0.1275	0.5882	0.6520	+0.0637	0.0784	0.0000	0.0000	0.0343
condition-2-es-20k	42	1	xnli	en	en	0.4998	0.4986	-0.0012	0.4998	0.4986	-0.0012	0.0014	0.0002	0.0014	0.0002
condition-2-es-20k	42	1	xnli	en	es	0.3980	0.4194	+0.0214	0.3980	0.4194	+0.0214	0.0002	0.0000	0.0002	0.0000
condition-2-es-20k	42	1	xnli	es	en	0.4525	0.4631	+0.0106	0.4525	0.4631	+0.0106	0.0006	0.0000	0.0006	0.0000
condition-2-es-20k	42	1	xnli	es	es	0.4547	0.4042	-0.0505	0.4547	0.4042	-0.0505	0.0002	0.0002	0.0002	0.0002
condition-2-es-20k	42	1	xnli	ur	en	0.4343	0.4381	+0.0038	0.4343	0.4381	+0.0038	0.0038	0.0000	0.0038	0.0000
condition-2-es-20k	42	1	xnli	ur	es	0.3727	0.4277	+0.0551	0.3727	0.4277	+0.0551	0.0002	0.0000	0.0002	0.0000
condition-2-es-20k	42	1	xnli	zh	en	0.3906	0.3852	-0.0054	0.3906	0.3852	-0.0054	0.0000	0.0000	0.0000	0.0000
condition-2-es-20k	42	1	xnli	zh	es	0.3333	0.3371	+0.0038	0.3333	0.3371	+0.0038	0.0000	0.0000	0.0000	0.0000
condition-2-es-20k	42	2	belebele	en	en	0.7822	0.7867	+0.0044	0.7822	0.7867	+0.0044	0.0000	0.0000	0.0000	0.0000
condition-2-es-20k	42	2	belebele	en	es	0.7756	0.7944	+0.0189	0.7756	0.7944	+0.0189	0.0000	0.0000	0.0000	0.0000
condition-2-es-20k	42	2	belebele	es	en	0.7011	0.7222	+0.0211	0.7011	0.7222	+0.0211	0.0000	0.0000	0.0000	0.0000
condition-2-es-20k	42	2	belebele	es	es	0.6989	0.6978	-0.0011	0.6989	0.6978	-0.0011	0.0000	0.0000	0.0000	0.0000
condition-2-es-20k	42	2	belebele	ur	en	0.6144	0.6178	+0.0033	0.6144	0.6178	+0.0033	0.0000	0.0000	0.0000	0.0000
condition-2-es-20k	42	2	belebele	ur	es	0.5544	0.5878	+0.0333	0.5544	0.5878	+0.0333	0.0000	0.0000	0.0000	0.0000
condition-2-es-20k	42	2	belebele	zh	en	0.7589	0.7667	+0.0078	0.7589	0.7667	+0.0078	0.0000	0.0000	0.0000	0.0000
condition-2-es-20k	42	2	belebele	zh	es	0.7367	0.7433	+0.0067	0.7367	0.7433	+0.0067	0.0000	0.0000	0.0000	0.0000
condition-2-es-20k	42	2	csqa	en	en	0.6070	0.6020	-0.0050	0.6070	0.6020	-0.0050	0.0000	0.0000	0.0000	0.0000
condition-2-es-20k	42	2	csqa	en	es	0.6230	0.6300	+0.0070	0.6230	0.6300	+0.0070	0.0000	0.0000	0.0000	0.0000
condition-2-es-20k	42	2	csqa	es	en	0.5170	0.5240	+0.0070	0.5170	0.5240	+0.0070	0.0000	0.0000	0.0000	0.0000
condition-2-es-20k	42	2	csqa	es	es	0.5320	0.5520	+0.0200	0.5320	0.5520	+0.0200	0.0000	0.0000	0.0000	0.0000
condition-2-es-20k	42	2	csqa	ur	en	0.4170	0.4250	+0.0080	0.4170	0.4250	+0.0080	0.0000	0.0000	0.0000	0.0000
condition-2-es-20k	42	2	csqa	ur	es	0.3930	0.4100	+0.0170	0.3930	0.4100	+0.0170	0.0000	0.0000	0.0000	0.0000
condition-2-es-20k	42	2	csqa	zh	en	0.5320	0.5350	+0.0030	0.5320	0.5350	+0.0030	0.0000	0.0000	0.0000	0.0000
condition-2-es-20k	42	2	csqa	zh	es	0.5100	0.5200	+0.0100	0.5100	0.5200	+0.0100	0.0000	0.0000	0.0000	0.0000
condition-2-es-20k	42	2	sib200	en	en	0.7206	0.6912	-0.0294	0.7206	0.6912	-0.0294	0.0000	0.0000	0.0000	0.0000
condition-2-es-20k	42	2	sib200	en	es	0.5343	0.5049	-0.0294	0.5539	0.5049	-0.0490	0.0294	0.0000	0.0000	0.0000
condition-2-es-20k	42	2	sib200	es	en	0.6765	0.6520	-0.0245	0.6765	0.6520	-0.0245	0.0000	0.0000	0.0000	0.0000
condition-2-es-20k	42	2	sib200	es	es	0.3725	0.5000	+0.1275	0.5147	0.5000	-0.0147	0.1716	0.0000	0.0000	0.0000
condition-2-es-20k	42	2	sib200	ur	en	0.6814	0.6471	-0.0343	0.6814	0.6471	-0.0343	0.0000	0.0000	0.0000	0.0000
condition-2-es-20k	42	2	sib200	ur	es	0.3725	0.4314	+0.0588	0.6127	0.4314	-0.1814	0.3186	0.0000	0.0147	0.0000
condition-2-es-20k	42	2	sib200	zh	en	0.6961	0.6373	-0.0588	0.6961	0.6373	-0.0588	0.0000	0.0000	0.0000	0.0000
condition-2-es-20k	42	2	sib200	zh	es	0.3725	0.5294	+0.1569	0.5588	0.5245	-0.0343	0.2402	0.0000	0.0098	0.0049
condition-2-es-20k	42	2	xnli	en	en	0.3786	0.4084	+0.0297	0.3786	0.4084	+0.0297	0.0004	0.0004	0.0004	0.0004
condition-2-es-20k	42	2	xnli	en	es	0.3806	0.4509	+0.0703	0.3806	0.4509	+0.0703	0.0034	0.0000	0.0034	0.0000
condition-2-es-20k	42	2	xnli	es	en	0.3661	0.3794	+0.0134	0.3661	0.3794	+0.0134	0.0086	0.0006	0.0086	0.0006
condition-2-es-20k	42	2	xnli	es	es	0.3770	0.3988	+0.0218	0.3770	0.3988	+0.0218	0.0102	0.0006	0.0102	0.0006
condition-2-es-20k	42	2	xnli	ur	en	0.3357	0.3325	-0.0032	0.3357	0.3325	-0.0032	0.0130	0.0066	0.0130	0.0066
condition-2-es-20k	42	2	xnli	ur	es	0.2499	0.3950	+0.1451	0.2499	0.3950	+0.1451	0.3930	0.0002	0.3930	0.0002
condition-2-es-20k	42	2	xnli	zh	en	0.4649	0.4838	+0.0190	0.4649	0.4838	+0.0190	0.0054	0.0018	0.0054	0.0018
condition-2-es-20k	42	2	xnli	zh	es	0.3637	0.3737	+0.0100	0.3637	0.3737	+0.0100	0.0142	0.0016	0.0142	0.0016
condition-2-es-5k	123	1	belebele	en	en	0.7678	0.7800	+0.0122	0.7678	0.7800	+0.0122	0.0000	0.0000	0.0000	0.0000
condition-2-es-5k	123	1	belebele	en	es	0.7611	0.7656	+0.0044	0.7611	0.7656	+0.0044	0.0000	0.0000	0.0000	0.0000
condition-2-es-5k	123	1	belebele	es	en	0.6911	0.7056	+0.0144	0.6911	0.7056	+0.0144	0.0000	0.0000	0.0000	0.0000
condition-2-es-5k	123	1	belebele	es	es	0.6722	0.6744	+0.0022	0.6722	0.6744	+0.0022	0.0000	0.0000	0.0000	0.0000
condition-2-es-5k	123	1	belebele	ur	en	0.6044	0.6089	+0.0044	0.6044	0.6089	+0.0044	0.0000	0.0000	0.0000	0.0000
condition-2-es-5k	123	1	belebele	ur	es	0.5389	0.5633	+0.0244	0.5389	0.5633	+0.0244	0.0000	0.0000	0.0000	0.0000
condition-2-es-5k	123	1	belebele	zh	en	0.7500	0.7522	+0.0022	0.7500	0.7522	+0.0022	0.0000	0.0000	0.0000	0.0000
condition-2-es-5k	123	1	belebele	zh	es	0.7033	0.7167	+0.0133	0.7033	0.7167	+0.0133	0.0000	0.0000	0.0000	0.0000
condition-2-es-5k	123	1	csqa	en	en	0.6070	0.6030	-0.0040	0.6070	0.6030	-0.0040	0.0000	0.0000	0.0000	0.0000
condition-2-es-5k	123	1	csqa	en	es	0.6040	0.6050	+0.0010	0.6040	0.6050	+0.0010	0.0070	0.0000	0.0070	0.0000
condition-2-es-5k	123	1	csqa	es	en	0.5240	0.5260	+0.0020	0.5240	0.5260	+0.0020	0.0000	0.0000	0.0000	0.0000
condition-2-es-5k	123	1	csqa	es	es	0.5290	0.5340	+0.0050	0.5290	0.5340	+0.0050	0.0010	0.0000	0.0010	0.0000
condition-2-es-5k	123	1	csqa	ur	en	0.4240	0.4070	-0.0170	0.4240	0.4070	-0.0170	0.0000	0.0000	0.0000	0.0000
condition-2-es-5k	123	1	csqa	ur	es	0.3960	0.4040	+0.0080	0.3960	0.4040	+0.0080	0.0000	0.0000	0.0000	0.0000
condition-2-es-5k	123	1	csqa	zh	en	0.5450	0.5440	-0.0010	0.5450	0.5440	-0.0010	0.0000	0.0000	0.0000	0.0000
condition-2-es-5k	123	1	csqa	zh	es	0.5000	0.5060	+0.0060	0.5000	0.5060	+0.0060	0.0020	0.0000	0.0020	0.0000
condition-2-es-5k	123	1	sib200	en	en	0.7549	0.7647	+0.0098	0.7549	0.7647	+0.0098	0.0000	0.0000	0.0000	0.0000
condition-2-es-5k	123	1	sib200	en	es	0.6618	0.6716	+0.0098	0.6618	0.6716	+0.0098	0.0000	0.0000	0.0000	0.0000
condition-2-es-5k	123	1	sib200	es	en	0.7794	0.7794	+0.0000	0.7745	0.7549	-0.0196	0.0000	0.0000	0.0049	0.0245
condition-2-es-5k	123	1	sib200	es	es	0.6471	0.6422	-0.0049	0.6520	0.6422	-0.0098	0.0147	0.0000	0.0000	0.0000
condition-2-es-5k	123	1	sib200	ur	en	0.7402	0.7010	-0.0392	0.7255	0.6961	-0.0294	0.0000	0.0000	0.0147	0.0049
condition-2-es-5k	123	1	sib200	ur	es	0.5000	0.5441	+0.0441	0.5343	0.5441	+0.0098	0.0441	0.0000	0.0245	0.0490
condition-2-es-5k	123	1	sib200	zh	en	0.8039	0.7843	-0.0196	0.7892	0.7696	-0.0196	0.0098	0.0000	0.0196	0.0147
condition-2-es-5k	123	1	sib200	zh	es	0.5343	0.6422	+0.1078	0.5882	0.6422	+0.0539	0.0784	0.0000	0.0000	0.0196
condition-2-es-5k	123	1	xnli	en	en	0.4998	0.5244	+0.0246	0.4998	0.5244	+0.0246	0.0014	0.0002	0.0014	0.0002
condition-2-es-5k	123	1	xnli	en	es	0.3980	0.4840	+0.0860	0.3980	0.4840	+0.0860	0.0002	0.0002	0.0002	0.0002
condition-2-es-5k	123	1	xnli	es	en	0.4525	0.4756	+0.0232	0.4525	0.4756	+0.0232	0.0006	0.0000	0.0006	0.0000
condition-2-es-5k	123	1	xnli	es	es	0.4547	0.4721	+0.0174	0.4547	0.4721	+0.0174	0.0002	0.0000	0.0002	0.0000
condition-2-es-5k	123	1	xnli	ur	en	0.4343	0.4437	+0.0094	0.4343	0.4437	+0.0094	0.0038	0.0000	0.0038	0.0000
condition-2-es-5k	123	1	xnli	ur	es	0.3727	0.4405	+0.0679	0.3727	0.4405	+0.0679	0.0002	0.0000	0.0002	0.0000
condition-2-es-5k	123	1	xnli	zh	en	0.3906	0.4222	+0.0315	0.3906	0.4222	+0.0315	0.0000	0.0000	0.0000	0.0000
condition-2-es-5k	123	1	xnli	zh	es	0.3333	0.3513	+0.0180	0.3333	0.3513	+0.0180	0.0000	0.0000	0.0000	0.0000
condition-2-es-5k	123	2	belebele	en	en	0.7822	0.7822	+0.0000	0.7822	0.7822	+0.0000	0.0000	0.0000	0.0000	0.0000
condition-2-es-5k	123	2	belebele	en	es	0.7756	0.7900	+0.0144	0.7756	0.7900	+0.0144	0.0000	0.0000	0.0000	0.0000
condition-2-es-5k	123	2	belebele	es	en	0.7011	0.7100	+0.0089	0.7011	0.7100	+0.0089	0.0000	0.0000	0.0000	0.0000
condition-2-es-5k	123	2	belebele	es	es	0.6989	0.7111	+0.0122	0.6989	0.7111	+0.0122	0.0000	0.0000	0.0000	0.0000
condition-2-es-5k	123	2	belebele	ur	en	0.6144	0.6289	+0.0144	0.6144	0.6289	+0.0144	0.0000	0.0000	0.0000	0.0000
condition-2-es-5k	123	2	belebele	ur	es	0.5544	0.5956	+0.0411	0.5544	0.5956	+0.0411	0.0000	0.0000	0.0000	0.0000
condition-2-es-5k	123	2	belebele	zh	en	0.7589	0.7622	+0.0033	0.7589	0.7622	+0.0033	0.0000	0.0000	0.0000	0.0000
condition-2-es-5k	123	2	belebele	zh	es	0.7367	0.7456	+0.0089	0.7367	0.7456	+0.0089	0.0000	0.0000	0.0000	0.0000
condition-2-es-5k	123	2	csqa	en	en	0.6070	0.6040	-0.0030	0.6070	0.6040	-0.0030	0.0000	0.0000	0.0000	0.0000
condition-2-es-5k	123	2	csqa	en	es	0.6230	0.6240	+0.0010	0.6230	0.6240	+0.0010	0.0000	0.0000	0.0000	0.0000
condition-2-es-5k	123	2	csqa	es	en	0.5170	0.5270	+0.0100	0.5170	0.5270	+0.0100	0.0000	0.0000	0.0000	0.0000
condition-2-es-5k	123	2	csqa	es	es	0.5320	0.5450	+0.0130	0.5320	0.5450	+0.0130	0.0000	0.0000	0.0000	0.0000
condition-2-es-5k	123	2	csqa	ur	en	0.4170	0.4220	+0.0050	0.4170	0.4220	+0.0050	0.0000	0.0000	0.0000	0.0000
condition-2-es-5k	123	2	csqa	ur	es	0.3930	0.4030	+0.0100	0.3930	0.4030	+0.0100	0.0000	0.0000	0.0000	0.0000
condition-2-es-5k	123	2	csqa	zh	en	0.5320	0.5420	+0.0100	0.5320	0.5420	+0.0100	0.0000	0.0000	0.0000	0.0000
condition-2-es-5k	123	2	csqa	zh	es	0.5100	0.5070	-0.0030	0.5100	0.5070	-0.0030	0.0000	0.0000	0.0000	0.0000
condition-2-es-5k	123	2	sib200	en	en	0.7206	0.6912	-0.0294	0.7206	0.6912	-0.0294	0.0000	0.0000	0.0000	0.0000
condition-2-es-5k	123	2	sib200	en	es	0.5343	0.4902	-0.0441	0.5539	0.4902	-0.0637	0.0294	0.0000	0.0000	0.0000
condition-2-es-5k	123	2	sib200	es	en	0.6765	0.6471	-0.0294	0.6765	0.6471	-0.0294	0.0000	0.0000	0.0000	0.0000
condition-2-es-5k	123	2	sib200	es	es	0.3725	0.4706	+0.0980	0.5147	0.4755	-0.0392	0.1716	0.0049	0.0000	0.0000
condition-2-es-5k	123	2	sib200	ur	en	0.6814	0.6618	-0.0196	0.6814	0.6618	-0.0196	0.0000	0.0000	0.0000	0.0000
condition-2-es-5k	123	2	sib200	ur	es	0.3725	0.4216	+0.0490	0.6127	0.4314	-0.1814	0.3186	0.0147	0.0147	0.0098
condition-2-es-5k	123	2	sib200	zh	en	0.6961	0.6471	-0.0490	0.6961	0.6471	-0.0490	0.0000	0.0000	0.0000	0.0000
condition-2-es-5k	123	2	sib200	zh	es	0.3725	0.4951	+0.1225	0.5588	0.5000	-0.0588	0.2402	0.0147	0.0098	0.0098
condition-2-es-5k	123	2	xnli	en	en	0.3786	0.3619	-0.0168	0.3786	0.3619	-0.0168	0.0004	0.0010	0.0004	0.0010
condition-2-es-5k	123	2	xnli	en	es	0.3806	0.3824	+0.0018	0.3806	0.3824	+0.0018	0.0034	0.0000	0.0034	0.0000
condition-2-es-5k	123	2	xnli	es	en	0.3661	0.3555	-0.0106	0.3661	0.3555	-0.0106	0.0086	0.0042	0.0086	0.0042
condition-2-es-5k	123	2	xnli	es	es	0.3770	0.3794	+0.0024	0.3770	0.3794	+0.0024	0.0102	0.0008	0.0102	0.0008
condition-2-es-5k	123	2	xnli	ur	en	0.3357	0.3335	-0.0022	0.3357	0.3335	-0.0022	0.0130	0.0066	0.0130	0.0066
condition-2-es-5k	123	2	xnli	ur	es	0.2499	0.3954	+0.1455	0.2499	0.3954	+0.1455	0.3930	0.0006	0.3930	0.0006
condition-2-es-5k	123	2	xnli	zh	en	0.4649	0.4244	-0.0405	0.4649	0.4244	-0.0405	0.0054	0.0010	0.0054	0.0010
condition-2-es-5k	123	2	xnli	zh	es	0.3637	0.3559	-0.0078	0.3637	0.3559	-0.0078	0.0142	0.0016	0.0142	0.0016
condition-2-es-5k	42	1	belebele	en	en	0.7678	0.7844	+0.0167	0.7678	0.7844	+0.0167	0.0000	0.0000	0.0000	0.0000
condition-2-es-5k	42	1	belebele	en	es	0.7611	0.7689	+0.0078	0.7611	0.7689	+0.0078	0.0000	0.0000	0.0000	0.0000
condition-2-es-5k	42	1	belebele	es	en	0.6911	0.7078	+0.0167	0.6911	0.7078	+0.0167	0.0000	0.0000	0.0000	0.0000
condition-2-es-5k	42	1	belebele	es	es	0.6722	0.6756	+0.0033	0.6722	0.6756	+0.0033	0.0000	0.0000	0.0000	0.0000
condition-2-es-5k	42	1	belebele	ur	en	0.6044	0.6111	+0.0067	0.6044	0.6111	+0.0067	0.0000	0.0000	0.0000	0.0000
condition-2-es-5k	42	1	belebele	ur	es	0.5389	0.5656	+0.0267	0.5389	0.5656	+0.0267	0.0000	0.0000	0.0000	0.0000
condition-2-es-5k	42	1	belebele	zh	en	0.7500	0.7633	+0.0133	0.7500	0.7633	+0.0133	0.0000	0.0000	0.0000	0.0000
condition-2-es-5k	42	1	belebele	zh	es	0.7033	0.7300	+0.0267	0.7033	0.7300	+0.0267	0.0000	0.0000	0.0000	0.0000
condition-2-es-5k	42	1	csqa	en	en	0.6070	0.6020	-0.0050	0.6070	0.6020	-0.0050	0.0000	0.0000	0.0000	0.0000
condition-2-es-5k	42	1	csqa	en	es	0.6040	0.6070	+0.0030	0.6040	0.6070	+0.0030	0.0070	0.0000	0.0070	0.0000
condition-2-es-5k	42	1	csqa	es	en	0.5240	0.5360	+0.0120	0.5240	0.5360	+0.0120	0.0000	0.0000	0.0000	0.0000
condition-2-es-5k	42	1	csqa	es	es	0.5290	0.5400	+0.0110	0.5290	0.5400	+0.0110	0.0010	0.0000	0.0010	0.0000
condition-2-es-5k	42	1	csqa	ur	en	0.4240	0.4140	-0.0100	0.4240	0.4140	-0.0100	0.0000	0.0000	0.0000	0.0000
condition-2-es-5k	42	1	csqa	ur	es	0.3960	0.4080	+0.0120	0.3960	0.4080	+0.0120	0.0000	0.0000	0.0000	0.0000
condition-2-es-5k	42	1	csqa	zh	en	0.5450	0.5540	+0.0090	0.5450	0.5540	+0.0090	0.0000	0.0000	0.0000	0.0000
condition-2-es-5k	42	1	csqa	zh	es	0.5000	0.5060	+0.0060	0.5000	0.5060	+0.0060	0.0020	0.0000	0.0020	0.0000
condition-2-es-5k	42	1	sib200	en	en	0.7549	0.7647	+0.0098	0.7549	0.7598	+0.0049	0.0000	0.0000	0.0000	0.0049
condition-2-es-5k	42	1	sib200	en	es	0.6618	0.6716	+0.0098	0.6618	0.6716	+0.0098	0.0000	0.0000	0.0000	0.0000
condition-2-es-5k	42	1	sib200	es	en	0.7794	0.7794	+0.0000	0.7745	0.7696	-0.0049	0.0000	0.0000	0.0049	0.0098
condition-2-es-5k	42	1	sib200	es	es	0.6471	0.6422	-0.0049	0.6520	0.6422	-0.0098	0.0147	0.0000	0.0000	0.0000
condition-2-es-5k	42	1	sib200	ur	en	0.7402	0.7010	-0.0392	0.7255	0.7010	-0.0245	0.0000	0.0000	0.0147	0.0000
condition-2-es-5k	42	1	sib200	ur	es	0.5000	0.5245	+0.0245	0.5343	0.5245	-0.0098	0.0441	0.0000	0.0245	0.0441
condition-2-es-5k	42	1	sib200	zh	en	0.8039	0.7745	-0.0294	0.7892	0.7647	-0.0245	0.0098	0.0000	0.0196	0.0098
condition-2-es-5k	42	1	sib200	zh	es	0.5343	0.6422	+0.1078	0.5882	0.6275	+0.0392	0.0784	0.0000	0.0000	0.0490
condition-2-es-5k	42	1	xnli	en	en	0.4998	0.5291	+0.0293	0.4998	0.5291	+0.0293	0.0014	0.0002	0.0014	0.0002
condition-2-es-5k	42	1	xnli	en	es	0.3980	0.5090	+0.1110	0.3980	0.5090	+0.1110	0.0002	0.0000	0.0002	0.0000
condition-2-es-5k	42	1	xnli	es	en	0.4525	0.4932	+0.0407	0.4525	0.4932	+0.0407	0.0006	0.0000	0.0006	0.0000
condition-2-es-5k	42	1	xnli	es	es	0.4547	0.4762	+0.0216	0.4547	0.4762	+0.0216	0.0002	0.0002	0.0002	0.0002
condition-2-es-5k	42	1	xnli	ur	en	0.4343	0.4469	+0.0126	0.4343	0.4469	+0.0126	0.0038	0.0000	0.0038	0.0000
condition-2-es-5k	42	1	xnli	ur	es	0.3727	0.4431	+0.0705	0.3727	0.4431	+0.0705	0.0002	0.0000	0.0002	0.0000
condition-2-es-5k	42	1	xnli	zh	en	0.3906	0.4359	+0.0453	0.3906	0.4359	+0.0453	0.0000	0.0000	0.0000	0.0000
condition-2-es-5k	42	1	xnli	zh	es	0.3333	0.3665	+0.0331	0.3333	0.3665	+0.0331	0.0000	0.0000	0.0000	0.0000
condition-2-es-5k	42	2	belebele	en	en	0.7822	0.7889	+0.0067	0.7822	0.7889	+0.0067	0.0000	0.0000	0.0000	0.0000
condition-2-es-5k	42	2	belebele	en	es	0.7756	0.7900	+0.0144	0.7756	0.7900	+0.0144	0.0000	0.0000	0.0000	0.0000
condition-2-es-5k	42	2	belebele	es	en	0.7011	0.7200	+0.0189	0.7011	0.7200	+0.0189	0.0000	0.0000	0.0000	0.0000
condition-2-es-5k	42	2	belebele	es	es	0.6989	0.7133	+0.0144	0.6989	0.7133	+0.0144	0.0000	0.0000	0.0000	0.0000
condition-2-es-5k	42	2	belebele	ur	en	0.6144	0.6278	+0.0133	0.6144	0.6278	+0.0133	0.0000	0.0000	0.0000	0.0000
condition-2-es-5k	42	2	belebele	ur	es	0.5544	0.5889	+0.0344	0.5544	0.5889	+0.0344	0.0000	0.0000	0.0000	0.0000
condition-2-es-5k	42	2	belebele	zh	en	0.7589	0.7644	+0.0056	0.7589	0.7644	+0.0056	0.0000	0.0000	0.0000	0.0000
condition-2-es-5k	42	2	belebele	zh	es	0.7367	0.7489	+0.0122	0.7367	0.7489	+0.0122	0.0000	0.0000	0.0000	0.0000
condition-2-es-5k	42	2	csqa	en	en	0.6070	0.6050	-0.0020	0.6070	0.6050	-0.0020	0.0000	0.0000	0.0000	0.0000
condition-2-es-5k	42	2	csqa	en	es	0.6230	0.6210	-0.0020	0.6230	0.6210	-0.0020	0.0000	0.0000	0.0000	0.0000
condition-2-es-5k	42	2	csqa	es	en	0.5170	0.5270	+0.0100	0.5170	0.5270	+0.0100	0.0000	0.0000	0.0000	0.0000
condition-2-es-5k	42	2	csqa	es	es	0.5320	0.5400	+0.0080	0.5320	0.5400	+0.0080	0.0000	0.0000	0.0000	0.0000
condition-2-es-5k	42	2	csqa	ur	en	0.4170	0.4180	+0.0010	0.4170	0.4180	+0.0010	0.0000	0.0000	0.0000	0.0000
condition-2-es-5k	42	2	csqa	ur	es	0.3930	0.4000	+0.0070	0.3930	0.4000	+0.0070	0.0000	0.0000	0.0000	0.0000
condition-2-es-5k	42	2	csqa	zh	en	0.5320	0.5370	+0.0050	0.5320	0.5370	+0.0050	0.0000	0.0000	0.0000	0.0000
condition-2-es-5k	42	2	csqa	zh	es	0.5100	0.5070	-0.0030	0.5100	0.5070	-0.0030	0.0000	0.0000	0.0000	0.0000
condition-2-es-5k	42	2	sib200	en	en	0.7206	0.7059	-0.0147	0.7206	0.7059	-0.0147	0.0000	0.0000	0.0000	0.0000
condition-2-es-5k	42	2	sib200	en	es	0.5343	0.4853	-0.0490	0.5539	0.4853	-0.0686	0.0294	0.0000	0.0000	0.0000
condition-2-es-5k	42	2	sib200	es	en	0.6765	0.6520	-0.0245	0.6765	0.6520	-0.0245	0.0000	0.0000	0.0000	0.0000
condition-2-es-5k	42	2	sib200	es	es	0.3725	0.4657	+0.0931	0.5147	0.4706	-0.0441	0.1716	0.0049	0.0000	0.0000
condition-2-es-5k	42	2	sib200	ur	en	0.6814	0.6520	-0.0294	0.6814	0.6520	-0.0294	0.0000	0.0000	0.0000	0.0000
condition-2-es-5k	42	2	sib200	ur	es	0.3725	0.4167	+0.0441	0.6127	0.4363	-0.1765	0.3186	0.0196	0.0147	0.0049
condition-2-es-5k	42	2	sib200	zh	en	0.6961	0.6569	-0.0392	0.6961	0.6569	-0.0392	0.0000	0.0000	0.0000	0.0000
condition-2-es-5k	42	2	sib200	zh	es	0.3725	0.4951	+0.1225	0.5588	0.5000	-0.0588	0.2402	0.0147	0.0098	0.0098
condition-2-es-5k	42	2	xnli	en	en	0.3786	0.3525	-0.0261	0.3786	0.3525	-0.0261	0.0004	0.0006	0.0004	0.0006
condition-2-es-5k	42	2	xnli	en	es	0.3806	0.4126	+0.0319	0.3806	0.4126	+0.0319	0.0034	0.0000	0.0034	0.0000
condition-2-es-5k	42	2	xnli	es	en	0.3661	0.3483	-0.0178	0.3661	0.3483	-0.0178	0.0086	0.0048	0.0086	0.0048
condition-2-es-5k	42	2	xnli	es	es	0.3770	0.4016	+0.0246	0.3770	0.4016	+0.0246	0.0102	0.0012	0.0102	0.0012
condition-2-es-5k	42	2	xnli	ur	en	0.3357	0.3339	-0.0018	0.3357	0.3339	-0.0018	0.0130	0.0064	0.0130	0.0064
condition-2-es-5k	42	2	xnli	ur	es	0.2499	0.4044	+0.1545	0.2499	0.4044	+0.1545	0.3930	0.0002	0.3930	0.0002
condition-2-es-5k	42	2	xnli	zh	en	0.4649	0.4072	-0.0577	0.4649	0.4072	-0.0577	0.0054	0.0008	0.0054	0.0008
condition-2-es-5k	42	2	xnli	zh	es	0.3637	0.3719	+0.0082	0.3637	0.3719	+0.0082	0.0142	0.0030	0.0142	0.0030
condition-2-es-5k	456	1	belebele	en	en	0.7678	0.7833	+0.0156	0.7678	0.7833	+0.0156	0.0000	0.0000	0.0000	0.0000
condition-2-es-5k	456	1	belebele	en	es	0.7611	0.7767	+0.0156	0.7611	0.7767	+0.0156	0.0000	0.0000	0.0000	0.0000
condition-2-es-5k	456	1	belebele	es	en	0.6911	0.7089	+0.0178	0.6911	0.7089	+0.0178	0.0000	0.0000	0.0000	0.0000
condition-2-es-5k	456	1	belebele	es	es	0.6722	0.6733	+0.0011	0.6722	0.6733	+0.0011	0.0000	0.0000	0.0000	0.0000
condition-2-es-5k	456	1	belebele	ur	en	0.6044	0.6133	+0.0089	0.6044	0.6133	+0.0089	0.0000	0.0000	0.0000	0.0000
condition-2-es-5k	456	1	belebele	ur	es	0.5389	0.5500	+0.0111	0.5389	0.5500	+0.0111	0.0000	0.0000	0.0000	0.0000
condition-2-es-5k	456	1	belebele	zh	en	0.7500	0.7622	+0.0122	0.7500	0.7622	+0.0122	0.0000	0.0000	0.0000	0.0000
condition-2-es-5k	456	1	belebele	zh	es	0.7033	0.7200	+0.0167	0.7033	0.7200	+0.0167	0.0000	0.0000	0.0000	0.0000
condition-2-es-5k	456	1	csqa	en	en	0.6070	0.6140	+0.0070	0.6070	0.6140	+0.0070	0.0000	0.0000	0.0000	0.0000
condition-2-es-5k	456	1	csqa	en	es	0.6040	0.6000	-0.0040	0.6040	0.6000	-0.0040	0.0070	0.0000	0.0070	0.0000
condition-2-es-5k	456	1	csqa	es	en	0.5240	0.5370	+0.0130	0.5240	0.5370	+0.0130	0.0000	0.0000	0.0000	0.0000
condition-2-es-5k	456	1	csqa	es	es	0.5290	0.5420	+0.0130	0.5290	0.5420	+0.0130	0.0010	0.0000	0.0010	0.0000
condition-2-es-5k	456	1	csqa	ur	en	0.4240	0.4190	-0.0050	0.4240	0.4190	-0.0050	0.0000	0.0000	0.0000	0.0000
condition-2-es-5k	456	1	csqa	ur	es	0.3960	0.4080	+0.0120	0.3960	0.4080	+0.0120	0.0000	0.0000	0.0000	0.0000
condition-2-es-5k	456	1	csqa	zh	en	0.5450	0.5540	+0.0090	0.5450	0.5540	+0.0090	0.0000	0.0000	0.0000	0.0000
condition-2-es-5k	456	1	csqa	zh	es	0.5000	0.5110	+0.0110	0.5000	0.5110	+0.0110	0.0020	0.0000	0.0020	0.0000
condition-2-es-5k	456	1	sib200	en	en	0.7549	0.7696	+0.0147	0.7549	0.7696	+0.0147	0.0000	0.0000	0.0000	0.0000
condition-2-es-5k	456	1	sib200	en	es	0.6618	0.6765	+0.0147	0.6618	0.6765	+0.0147	0.0000	0.0000	0.0000	0.0000
condition-2-es-5k	456	1	sib200	es	en	0.7794	0.7745	-0.0049	0.7745	0.7647	-0.0098	0.0000	0.0000	0.0049	0.0098
condition-2-es-5k	456	1	sib200	es	es	0.6471	0.6471	+0.0000	0.6520	0.6471	-0.0049	0.0147	0.0000	0.0000	0.0000
condition-2-es-5k	456	1	sib200	ur	en	0.7402	0.7010	-0.0392	0.7255	0.7010	-0.0245	0.0000	0.0000	0.0147	0.0000
condition-2-es-5k	456	1	sib200	ur	es	0.5000	0.5392	+0.0392	0.5343	0.5392	+0.0049	0.0441	0.0000	0.0245	0.0343
condition-2-es-5k	456	1	sib200	zh	en	0.8039	0.7794	-0.0245	0.7892	0.7696	-0.0196	0.0098	0.0000	0.0196	0.0098
condition-2-es-5k	456	1	sib200	zh	es	0.5343	0.6471	+0.1127	0.5882	0.6471	+0.0588	0.0784	0.0000	0.0000	0.0049
condition-2-es-5k	456	1	xnli	en	en	0.4998	0.5248	+0.0250	0.4998	0.5248	+0.0250	0.0014	0.0002	0.0014	0.0002
condition-2-es-5k	456	1	xnli	en	es	0.3980	0.4569	+0.0589	0.3980	0.4569	+0.0589	0.0002	0.0002	0.0002	0.0002
condition-2-es-5k	456	1	xnli	es	en	0.4525	0.4762	+0.0238	0.4525	0.4762	+0.0238	0.0006	0.0000	0.0006	0.0000
condition-2-es-5k	456	1	xnli	es	es	0.4547	0.4339	-0.0208	0.4547	0.4339	-0.0208	0.0002	0.0000	0.0002	0.0000
condition-2-es-5k	456	1	xnli	ur	en	0.4343	0.4455	+0.0112	0.4343	0.4455	+0.0112	0.0038	0.0000	0.0038	0.0000
condition-2-es-5k	456	1	xnli	ur	es	0.3727	0.4357	+0.0631	0.3727	0.4357	+0.0631	0.0002	0.0000	0.0002	0.0000
condition-2-es-5k	456	1	xnli	zh	en	0.3906	0.4210	+0.0303	0.3906	0.4210	+0.0303	0.0000	0.0000	0.0000	0.0000
condition-2-es-5k	456	1	xnli	zh	es	0.3333	0.3435	+0.0102	0.3333	0.3435	+0.0102	0.0000	0.0000	0.0000	0.0000
condition-2-es-5k	456	2	belebele	en	en	0.7822	0.7900	+0.0078	0.7822	0.7900	+0.0078	0.0000	0.0000	0.0000	0.0000
condition-2-es-5k	456	2	belebele	en	es	0.7756	0.7956	+0.0200	0.7756	0.7956	+0.0200	0.0000	0.0000	0.0000	0.0000
condition-2-es-5k	456	2	belebele	es	en	0.7011	0.7222	+0.0211	0.7011	0.7222	+0.0211	0.0000	0.0000	0.0000	0.0000
condition-2-es-5k	456	2	belebele	es	es	0.6989	0.7033	+0.0044	0.6989	0.7033	+0.0044	0.0000	0.0000	0.0000	0.0000
condition-2-es-5k	456	2	belebele	ur	en	0.6144	0.6211	+0.0067	0.6144	0.6211	+0.0067	0.0000	0.0000	0.0000	0.0000
condition-2-es-5k	456	2	belebele	ur	es	0.5544	0.5922	+0.0378	0.5544	0.5922	+0.0378	0.0000	0.0000	0.0000	0.0000
condition-2-es-5k	456	2	belebele	zh	en	0.7589	0.7678	+0.0089	0.7589	0.7678	+0.0089	0.0000	0.0000	0.0000	0.0000
condition-2-es-5k	456	2	belebele	zh	es	0.7367	0.7456	+0.0089	0.7367	0.7456	+0.0089	0.0000	0.0000	0.0000	0.0000
condition-2-es-5k	456	2	csqa	en	en	0.6070	0.6100	+0.0030	0.6070	0.6100	+0.0030	0.0000	0.0000	0.0000	0.0000
condition-2-es-5k	456	2	csqa	en	es	0.6230	0.6210	-0.0020	0.6230	0.6210	-0.0020	0.0000	0.0000	0.0000	0.0000
condition-2-es-5k	456	2	csqa	es	en	0.5170	0.5320	+0.0150	0.5170	0.5320	+0.0150	0.0000	0.0000	0.0000	0.0000
condition-2-es-5k	456	2	csqa	es	es	0.5320	0.5440	+0.0120	0.5320	0.5440	+0.0120	0.0000	0.0000	0.0000	0.0000
condition-2-es-5k	456	2	csqa	ur	en	0.4170	0.4200	+0.0030	0.4170	0.4200	+0.0030	0.0000	0.0000	0.0000	0.0000
condition-2-es-5k	456	2	csqa	ur	es	0.3930	0.4050	+0.0120	0.3930	0.4050	+0.0120	0.0000	0.0000	0.0000	0.0000
condition-2-es-5k	456	2	csqa	zh	en	0.5320	0.5450	+0.0130	0.5320	0.5450	+0.0130	0.0000	0.0000	0.0000	0.0000
condition-2-es-5k	456	2	csqa	zh	es	0.5100	0.5140	+0.0040	0.5100	0.5140	+0.0040	0.0000	0.0000	0.0000	0.0000
condition-2-es-5k	456	2	sib200	en	en	0.7206	0.6912	-0.0294	0.7206	0.6912	-0.0294	0.0000	0.0000	0.0000	0.0000
condition-2-es-5k	456	2	sib200	en	es	0.5343	0.4902	-0.0441	0.5539	0.4902	-0.0637	0.0294	0.0000	0.0000	0.0000
condition-2-es-5k	456	2	sib200	es	en	0.6765	0.6520	-0.0245	0.6765	0.6520	-0.0245	0.0000	0.0000	0.0000	0.0000
condition-2-es-5k	456	2	sib200	es	es	0.3725	0.4853	+0.1127	0.5147	0.4902	-0.0245	0.1716	0.0049	0.0000	0.0000
condition-2-es-5k	456	2	sib200	ur	en	0.6814	0.6667	-0.0147	0.6814	0.6667	-0.0147	0.0000	0.0000	0.0000	0.0000
condition-2-es-5k	456	2	sib200	ur	es	0.3725	0.4314	+0.0588	0.6127	0.4755	-0.1373	0.3186	0.0441	0.0147	0.0000
condition-2-es-5k	456	2	sib200	zh	en	0.6961	0.6569	-0.0392	0.6961	0.6569	-0.0392	0.0000	0.0000	0.0000	0.0000
condition-2-es-5k	456	2	sib200	zh	es	0.3725	0.4902	+0.1176	0.5588	0.5098	-0.0490	0.2402	0.0294	0.0098	0.0098
condition-2-es-5k	456	2	xnli	en	en	0.3786	0.3659	-0.0128	0.3786	0.3659	-0.0128	0.0004	0.0008	0.0004	0.0008
condition-2-es-5k	456	2	xnli	en	es	0.3806	0.3890	+0.0084	0.3806	0.3890	+0.0084	0.0034	0.0000	0.0034	0.0000
condition-2-es-5k	456	2	xnli	es	en	0.3661	0.3599	-0.0062	0.3661	0.3599	-0.0062	0.0086	0.0046	0.0086	0.0046
condition-2-es-5k	456	2	xnli	es	es	0.3770	0.3764	-0.0006	0.3770	0.3764	-0.0006	0.0102	0.0006	0.0102	0.0006
condition-2-es-5k	456	2	xnli	ur	en	0.3357	0.3345	-0.0012	0.3357	0.3345	-0.0012	0.0130	0.0080	0.0130	0.0080
condition-2-es-5k	456	2	xnli	ur	es	0.2499	0.4012	+0.1513	0.2499	0.4012	+0.1513	0.3930	0.0008	0.3930	0.0008
condition-2-es-5k	456	2	xnli	zh	en	0.4649	0.4130	-0.0519	0.4649	0.4130	-0.0519	0.0054	0.0008	0.0054	0.0008
condition-2-es-5k	456	2	xnli	zh	es	0.3637	0.3553	-0.0084	0.3637	0.3553	-0.0084	0.0142	0.0030	0.0142	0.0030
condition-2-ur-20k	42	1	belebele	en	en	0.7678	0.7922	+0.0244	0.7678	0.7922	+0.0244	0.0000	0.0000	0.0000	0.0000
condition-2-ur-20k	42	1	belebele	en	ur	0.7411	0.7856	+0.0444	0.7411	0.7856	+0.0444	0.0000	0.0011	0.0000	0.0011
condition-2-ur-20k	42	1	belebele	es	en	0.6911	0.7144	+0.0233	0.6911	0.7144	+0.0233	0.0000	0.0000	0.0000	0.0000
condition-2-ur-20k	42	1	belebele	es	ur	0.6389	0.6889	+0.0500	0.6389	0.6889	+0.0500	0.0000	0.0000	0.0000	0.0000
condition-2-ur-20k	42	1	belebele	ur	en	0.6044	0.6000	-0.0044	0.6044	0.6000	-0.0044	0.0000	0.0000	0.0000	0.0000
condition-2-ur-20k	42	1	belebele	ur	ur	0.5289	0.5000	-0.0289	0.5289	0.5000	-0.0289	0.0044	0.0000	0.0044	0.0000
condition-2-ur-20k	42	1	belebele	zh	en	0.7500	0.7678	+0.0178	0.7500	0.7678	+0.0178	0.0000	0.0000	0.0000	0.0000
condition-2-ur-20k	42	1	belebele	zh	ur	0.7011	0.7500	+0.0489	0.7011	0.7500	+0.0489	0.0000	0.0000	0.0000	0.0000
condition-2-ur-20k	42	1	csqa	en	en	0.6070	0.6170	+0.0100	0.6070	0.6170	+0.0100	0.0000	0.0000	0.0000	0.0000
condition-2-ur-20k	42	1	csqa	en	ur	0.5850	0.6100	+0.0250	0.5850	0.6100	+0.0250	0.0000	0.0000	0.0000	0.0000
condition-2-ur-20k	42	1	csqa	es	en	0.5240	0.5430	+0.0190	0.5240	0.5430	+0.0190	0.0000	0.0000	0.0000	0.0000
condition-2-ur-20k	42	1	csqa	es	ur	0.4730	0.4990	+0.0260	0.4730	0.4990	+0.0260	0.0000	0.0000	0.0000	0.0000
condition-2-ur-20k	42	1	csqa	ur	en	0.4240	0.3740	-0.0500	0.4240	0.3740	-0.0500	0.0000	0.0000	0.0000	0.0000
condition-2-ur-20k	42	1	csqa	ur	ur	0.4040	0.3410	-0.0630	0.4040	0.3410	-0.0630	0.0010	0.0000	0.0010	0.0000
condition-2-ur-20k	42	1	csqa	zh	en	0.5450	0.5490	+0.0040	0.5450	0.5490	+0.0040	0.0000	0.0000	0.0000	0.0000
condition-2-ur-20k	42	1	csqa	zh	ur	0.4810	0.4970	+0.0160	0.4810	0.4970	+0.0160	0.0000	0.0000	0.0000	0.0000
condition-2-ur-20k	42	1	sib200	en	en	0.7549	0.7745	+0.0196	0.7549	0.7647	+0.0098	0.0000	0.0000	0.0000	0.0147
condition-2-ur-20k	42	1	sib200	en	ur	0.3088	0.4951	+0.1863	0.4951	0.3725	-0.1225	0.4510	0.0049	0.0931	0.3676
condition-2-ur-20k	42	1	sib200	es	en	0.7794	0.7794	+0.0000	0.7745	0.7304	-0.0441	0.0000	0.0000	0.0049	0.0588
condition-2-ur-20k	42	1	sib200	es	ur	0.2304	0.4314	+0.2010	0.5343	0.3137	-0.2206	0.6176	0.0049	0.0980	0.4216
condition-2-ur-20k	42	1	sib200	ur	en	0.7402	0.6814	-0.0588	0.7255	0.6569	-0.0686	0.0000	0.0000	0.0147	0.0294
condition-2-ur-20k	42	1	sib200	ur	ur	0.2157	0.2745	+0.0588	0.5735	0.2598	-0.3137	0.5098	0.0049	0.0343	0.1569
condition-2-ur-20k	42	1	sib200	zh	en	0.8039	0.7598	-0.0441	0.7892	0.7304	-0.0588	0.0098	0.0000	0.0196	0.0343
condition-2-ur-20k	42	1	sib200	zh	ur	0.2157	0.5392	+0.3235	0.5294	0.3971	-0.1324	0.6127	0.0049	0.1324	0.4314
condition-2-ur-20k	42	1	xnli	en	en	0.4998	0.5379	+0.0381	0.4998	0.5379	+0.0381	0.0014	0.0000	0.0014	0.0000
condition-2-ur-20k	42	1	xnli	en	ur	0.3816	0.4595	+0.0778	0.3816	0.4595	+0.0778	0.0010	0.0002	0.0008	0.0002
condition-2-ur-20k	42	1	xnli	es	en	0.4525	0.5002	+0.0477	0.4525	0.5002	+0.0477	0.0006	0.0000	0.0006	0.0000
condition-2-ur-20k	42	1	xnli	es	ur	0.3433	0.3673	+0.0240	0.3433	0.3673	+0.0240	0.0010	0.0002	0.0010	0.0002
condition-2-ur-20k	42	1	xnli	ur	en	0.4343	0.4439	+0.0096	0.4343	0.4439	+0.0096	0.0038	0.0000	0.0038	0.0000
condition-2-ur-20k	42	1	xnli	ur	ur	0.3327	0.3337	+0.0010	0.3327	0.3337	+0.0010	0.0038	0.0000	0.0038	0.0000
condition-2-ur-20k	42	1	xnli	zh	en	0.3906	0.4413	+0.0507	0.3906	0.4413	+0.0507	0.0000	0.0000	0.0000	0.0000
condition-2-ur-20k	42	1	xnli	zh	ur	0.3345	0.3403	+0.0058	0.3345	0.3403	+0.0058	0.0000	0.0000	0.0000	0.0000
condition-2-ur-20k	42	2	belebele	en	en	0.7822	0.7944	+0.0122	0.7822	0.7944	+0.0122	0.0000	0.0000	0.0000	0.0000
condition-2-ur-20k	42	2	belebele	en	ur	0.7489	0.7844	+0.0356	0.7489	0.7844	+0.0356	0.0000	0.0022	0.0000	0.0022
condition-2-ur-20k	42	2	belebele	es	en	0.7011	0.7300	+0.0289	0.7011	0.7300	+0.0289	0.0000	0.0000	0.0000	0.0000
condition-2-ur-20k	42	2	belebele	es	ur	0.6389	0.6889	+0.0500	0.6389	0.6889	+0.0500	0.0000	0.0000	0.0000	0.0000
condition-2-ur-20k	42	2	belebele	ur	en	0.6144	0.6056	-0.0089	0.6144	0.6056	-0.0089	0.0000	0.0000	0.0000	0.0000
condition-2-ur-20k	42	2	belebele	ur	ur	0.5233	0.4844	-0.0389	0.5233	0.4844	-0.0389	0.0033	0.0000	0.0033	0.0000
condition-2-ur-20k	42	2	belebele	zh	en	0.7589	0.7744	+0.0156	0.7589	0.7744	+0.0156	0.0000	0.0000	0.0000	0.0000
condition-2-ur-20k	42	2	belebele	zh	ur	0.7000	0.7467	+0.0467	0.7000	0.7467	+0.0467	0.0000	0.0000	0.0000	0.0000
condition-2-ur-20k	42	2	csqa	en	en	0.6070	0.6080	+0.0010	0.6070	0.6080	+0.0010	0.0000	0.0000	0.0000	0.0000
condition-2-ur-20k	42	2	csqa	en	ur	0.5790	0.6120	+0.0330	0.5790	0.6120	+0.0330	0.0000	0.0000	0.0000	0.0000
condition-2-ur-20k	42	2	csqa	es	en	0.5170	0.5420	+0.0250	0.5170	0.5420	+0.0250	0.0000	0.0000	0.0000	0.0000
condition-2-ur-20k	42	2	csqa	es	ur	0.4800	0.5020	+0.0220	0.4800	0.5020	+0.0220	0.0000	0.0010	0.0000	0.0010
condition-2-ur-20k	42	2	csqa	ur	en	0.4170	0.3430	-0.0740	0.4170	0.3430	-0.0740	0.0000	0.0000	0.0000	0.0000
condition-2-ur-20k	42	2	csqa	ur	ur	0.3920	0.3520	-0.0400	0.3920	0.3520	-0.0400	0.0010	0.0000	0.0010	0.0000
condition-2-ur-20k	42	2	csqa	zh	en	0.5320	0.5270	-0.0050	0.5320	0.5270	-0.0050	0.0000	0.0000	0.0000	0.0000
condition-2-ur-20k	42	2	csqa	zh	ur	0.4660	0.5070	+0.0410	0.4660	0.5070	+0.0410	0.0000	0.0000	0.0000	0.0000
condition-2-ur-20k	42	2	sib200	en	en	0.7206	0.6912	-0.0294	0.7206	0.6912	-0.0294	0.0000	0.0000	0.0000	0.0000
condition-2-ur-20k	42	2	sib200	en	ur	0.2696	0.7206	+0.4510	0.3971	0.7157	+0.3186	0.3873	0.0588	0.3039	0.0637
condition-2-ur-20k	42	2	sib200	es	en	0.6765	0.6520	-0.0245	0.6765	0.6520	-0.0245	0.0000	0.0000	0.0000	0.0000
condition-2-ur-20k	42	2	sib200	es	ur	0.0980	0.6275	+0.5294	0.3088	0.6127	+0.3039	0.6569	0.0343	0.4510	0.0539
condition-2-ur-20k	42	2	sib200	ur	en	0.6814	0.5980	-0.0833	0.6814	0.5980	-0.0833	0.0000	0.0000	0.0000	0.0000
condition-2-ur-20k	42	2	sib200	ur	ur	0.2059	0.4608	+0.2549	0.5294	0.3382	-0.1912	0.5735	0.0000	0.1275	0.3088
condition-2-ur-20k	42	2	sib200	zh	en	0.6961	0.6618	-0.0343	0.6961	0.6520	-0.0441	0.0000	0.0000	0.0000	0.0098
condition-2-ur-20k	42	2	sib200	zh	ur	0.0931	0.5637	+0.4706	0.3971	0.6176	+0.2206	0.7598	0.2010	0.4020	0.1225
condition-2-ur-20k	42	2	xnli	en	en	0.3786	0.3615	-0.0172	0.3786	0.3615	-0.0172	0.0004	0.0004	0.0004	0.0004
condition-2-ur-20k	42	2	xnli	en	ur	0.2277	0.3415	+0.1138	0.2589	0.3415	+0.0826	0.4289	0.0028	0.3337	0.0028
condition-2-ur-20k	42	2	xnli	es	en	0.3661	0.3687	+0.0026	0.3661	0.3687	+0.0026	0.0086	0.0002	0.0086	0.0002
condition-2-ur-20k	42	2	xnli	es	ur	0.3271	0.3812	+0.0541	0.3319	0.3812	+0.0493	0.1367	0.0022	0.1220	0.0022
condition-2-ur-20k	42	2	xnli	ur	en	0.3357	0.3363	+0.0006	0.3357	0.3363	+0.0006	0.0130	0.0000	0.0130	0.0000
condition-2-ur-20k	42	2	xnli	ur	ur	0.2990	0.3910	+0.0920	0.3228	0.3910	+0.0683	0.1337	0.0004	0.0655	0.0004
condition-2-ur-20k	42	2	xnli	zh	en	0.4649	0.4577	-0.0072	0.4649	0.4577	-0.0072	0.0054	0.0000	0.0054	0.0000
condition-2-ur-20k	42	2	xnli	zh	ur	0.3323	0.4501	+0.1178	0.3341	0.4501	+0.1160	0.0140	0.0006	0.0082	0.0006
condition-2-ur-5k	123	1	belebele	en	en	0.7678	0.7889	+0.0211	0.7678	0.7889	+0.0211	0.0000	0.0000	0.0000	0.0000
condition-2-ur-5k	123	1	belebele	en	ur	0.7411	0.8011	+0.0600	0.7411	0.8011	+0.0600	0.0000	0.0000	0.0000	0.0000
condition-2-ur-5k	123	1	belebele	es	en	0.6911	0.7233	+0.0322	0.6911	0.7233	+0.0322	0.0000	0.0000	0.0000	0.0000
condition-2-ur-5k	123	1	belebele	es	ur	0.6389	0.7211	+0.0822	0.6389	0.7211	+0.0822	0.0000	0.0000	0.0000	0.0000
condition-2-ur-5k	123	1	belebele	ur	en	0.6044	0.6322	+0.0278	0.6044	0.6322	+0.0278	0.0000	0.0000	0.0000	0.0000
condition-2-ur-5k	123	1	belebele	ur	ur	0.5289	0.5733	+0.0444	0.5289	0.5733	+0.0444	0.0044	0.0000	0.0044	0.0000
condition-2-ur-5k	123	1	belebele	zh	en	0.7500	0.7722	+0.0222	0.7500	0.7722	+0.0222	0.0000	0.0000	0.0000	0.0000
condition-2-ur-5k	123	1	belebele	zh	ur	0.7011	0.7578	+0.0567	0.7011	0.7578	+0.0567	0.0000	0.0000	0.0000	0.0000
condition-2-ur-5k	123	1	csqa	en	en	0.6070	0.6090	+0.0020	0.6070	0.6090	+0.0020	0.0000	0.0000	0.0000	0.0000
condition-2-ur-5k	123	1	csqa	en	ur	0.5850	0.6070	+0.0220	0.5850	0.6070	+0.0220	0.0000	0.0000	0.0000	0.0000
condition-2-ur-5k	123	1	csqa	es	en	0.5240	0.5370	+0.0130	0.5240	0.5370	+0.0130	0.0000	0.0000	0.0000	0.0000
condition-2-ur-5k	123	1	csqa	es	ur	0.4730	0.4930	+0.0200	0.4730	0.4930	+0.0200	0.0000	0.0000	0.0000	0.0000
condition-2-ur-5k	123	1	csqa	ur	en	0.4240	0.4030	-0.0210	0.4240	0.4030	-0.0210	0.0000	0.0000	0.0000	0.0000
condition-2-ur-5k	123	1	csqa	ur	ur	0.4040	0.3770	-0.0270	0.4040	0.3770	-0.0270	0.0010	0.0000	0.0010	0.0000
condition-2-ur-5k	123	1	csqa	zh	en	0.5450	0.5610	+0.0160	0.5450	0.5610	+0.0160	0.0000	0.0000	0.0000	0.0000
condition-2-ur-5k	123	1	csqa	zh	ur	0.4810	0.4960	+0.0150	0.4810	0.4960	+0.0150	0.0000	0.0000	0.0000	0.0000
condition-2-ur-5k	123	1	sib200	en	en	0.7549	0.7794	+0.0245	0.7549	0.7647	+0.0098	0.0000	0.0000	0.0000	0.0245
condition-2-ur-5k	123	1	sib200	en	ur	0.3088	0.6667	+0.3578	0.4951	0.6078	+0.1127	0.4510	0.0000	0.0931	0.2451
condition-2-ur-5k	123	1	sib200	es	en	0.7794	0.7647	-0.0147	0.7745	0.7108	-0.0637	0.0000	0.0000	0.0049	0.0637
condition-2-ur-5k	123	1	sib200	es	ur	0.2304	0.6422	+0.4118	0.5343	0.5931	+0.0588	0.6176	0.0049	0.0980	0.2353
condition-2-ur-5k	123	1	sib200	ur	en	0.7402	0.6912	-0.0490	0.7255	0.6667	-0.0588	0.0000	0.0000	0.0147	0.0294
condition-2-ur-5k	123	1	sib200	ur	ur	0.2157	0.4853	+0.2696	0.5735	0.4412	-0.1324	0.5098	0.0000	0.0343	0.2794
condition-2-ur-5k	123	1	sib200	zh	en	0.8039	0.7647	-0.0392	0.7892	0.7402	-0.0490	0.0098	0.0000	0.0196	0.0245
condition-2-ur-5k	123	1	sib200	zh	ur	0.2157	0.7549	+0.5392	0.5294	0.7059	+0.1765	0.6127	0.0000	0.1324	0.1324
condition-2-ur-5k	123	1	xnli	en	en	0.4998	0.5054	+0.0056	0.4998	0.5054	+0.0056	0.0014	0.0000	0.0014	0.0000
condition-2-ur-5k	123	1	xnli	en	ur	0.3816	0.3441	-0.0375	0.3816	0.3441	-0.0375	0.0010	0.0000	0.0008	0.0000
condition-2-ur-5k	123	1	xnli	es	en	0.4525	0.4395	-0.0130	0.4525	0.4395	-0.0130	0.0006	0.0000	0.0006	0.0000
condition-2-ur-5k	123	1	xnli	es	ur	0.3433	0.3373	-0.0060	0.3433	0.3373	-0.0060	0.0010	0.0000	0.0010	0.0000
condition-2-ur-5k	123	1	xnli	ur	en	0.4343	0.3904	-0.0439	0.4343	0.3904	-0.0439	0.0038	0.0000	0.0038	0.0000
condition-2-ur-5k	123	1	xnli	ur	ur	0.3327	0.3351	+0.0024	0.3327	0.3351	+0.0024	0.0038	0.0000	0.0038	0.0000
condition-2-ur-5k	123	1	xnli	zh	en	0.3906	0.3988	+0.0082	0.3906	0.3988	+0.0082	0.0000	0.0000	0.0000	0.0000
condition-2-ur-5k	123	1	xnli	zh	ur	0.3345	0.3335	-0.0010	0.3345	0.3335	-0.0010	0.0000	0.0000	0.0000	0.0000
condition-2-ur-5k	123	2	belebele	en	en	0.7822	0.7956	+0.0133	0.7822	0.7956	+0.0133	0.0000	0.0000	0.0000	0.0000
condition-2-ur-5k	123	2	belebele	en	ur	0.7489	0.8111	+0.0622	0.7489	0.8111	+0.0622	0.0000	0.0000	0.0000	0.0000
condition-2-ur-5k	123	2	belebele	es	en	0.7011	0.7356	+0.0344	0.7011	0.7356	+0.0344	0.0000	0.0000	0.0000	0.0000
condition-2-ur-5k	123	2	belebele	es	ur	0.6389	0.7156	+0.0767	0.6389	0.7156	+0.0767	0.0000	0.0000	0.0000	0.0000
condition-2-ur-5k	123	2	belebele	ur	en	0.6144	0.6411	+0.0267	0.6144	0.6411	+0.0267	0.0000	0.0000	0.0000	0.0000
condition-2-ur-5k	123	2	belebele	ur	ur	0.5233	0.5711	+0.0478	0.5233	0.5711	+0.0478	0.0033	0.0000	0.0033	0.0000
condition-2-ur-5k	123	2	belebele	zh	en	0.7589	0.7733	+0.0144	0.7589	0.7733	+0.0144	0.0000	0.0000	0.0000	0.0000
condition-2-ur-5k	123	2	belebele	zh	ur	0.7000	0.7656	+0.0656	0.7000	0.7656	+0.0656	0.0000	0.0000	0.0000	0.0000
condition-2-ur-5k	123	2	csqa	en	en	0.6070	0.6120	+0.0050	0.6070	0.6120	+0.0050	0.0000	0.0000	0.0000	0.0000
condition-2-ur-5k	123	2	csqa	en	ur	0.5790	0.6120	+0.0330	0.5790	0.6120	+0.0330	0.0000	0.0000	0.0000	0.0000
condition-2-ur-5k	123	2	csqa	es	en	0.5170	0.5290	+0.0120	0.5170	0.5290	+0.0120	0.0000	0.0000	0.0000	0.0000
condition-2-ur-5k	123	2	csqa	es	ur	0.4800	0.4970	+0.0170	0.4800	0.4970	+0.0170	0.0000	0.0000	0.0000	0.0000
condition-2-ur-5k	123	2	csqa	ur	en	0.4170	0.3830	-0.0340	0.4170	0.3830	-0.0340	0.0000	0.0000	0.0000	0.0000
condition-2-ur-5k	123	2	csqa	ur	ur	0.3920	0.4070	+0.0150	0.3920	0.4070	+0.0150	0.0010	0.0000	0.0010	0.0000
condition-2-ur-5k	123	2	csqa	zh	en	0.5320	0.5420	+0.0100	0.5320	0.5420	+0.0100	0.0000	0.0000	0.0000	0.0000
condition-2-ur-5k	123	2	csqa	zh	ur	0.4660	0.5030	+0.0370	0.4660	0.5030	+0.0370	0.0000	0.0000	0.0000	0.0000
condition-2-ur-5k	123	2	sib200	en	en	0.7206	0.6863	-0.0343	0.7206	0.6863	-0.0343	0.0000	0.0000	0.0000	0.0000
condition-2-ur-5k	123	2	sib200	en	ur	0.2696	0.7108	+0.4412	0.3971	0.7059	+0.3088	0.3873	0.0539	0.3039	0.0637
condition-2-ur-5k	123	2	sib200	es	en	0.6765	0.6618	-0.0147	0.6765	0.6618	-0.0147	0.0000	0.0000	0.0000	0.0000
condition-2-ur-5k	123	2	sib200	es	ur	0.0980	0.6716	+0.5735	0.3088	0.6618	+0.3529	0.6569	0.0343	0.4510	0.0539
condition-2-ur-5k	123	2	sib200	ur	en	0.6814	0.6765	-0.0049	0.6814	0.6765	-0.0049	0.0000	0.0000	0.0000	0.0000
condition-2-ur-5k	123	2	sib200	ur	ur	0.2059	0.5294	+0.3235	0.5294	0.4706	-0.0588	0.5735	0.0098	0.1275	0.1618
condition-2-ur-5k	123	2	sib200	zh	en	0.6961	0.6863	-0.0098	0.6961	0.6765	-0.0196	0.0000	0.0000	0.0000	0.0098
condition-2-ur-5k	123	2	sib200	zh	ur	0.0931	0.6961	+0.6029	0.3971	0.6912	+0.2941	0.7598	0.0196	0.4020	0.0245
condition-2-ur-5k	123	2	xnli	en	en	0.3786	0.4387	+0.0601	0.3786	0.4387	+0.0601	0.0004	0.0004	0.0004	0.0004
condition-2-ur-5k	123	2	xnli	en	ur	0.2277	0.3860	+0.1583	0.2589	0.3860	+0.1271	0.4289	0.0008	0.3337	0.0008
condition-2-ur-5k	123	2	xnli	es	en	0.3661	0.4389	+0.0729	0.3661	0.4389	+0.0729	0.0086	0.0008	0.0086	0.0008
condition-2-ur-5k	123	2	xnli	es	ur	0.3271	0.4283	+0.1012	0.3319	0.4283	+0.0964	0.1367	0.0006	0.1220	0.0006
condition-2-ur-5k	123	2	xnli	ur	en	0.3357	0.3569	+0.0212	0.3357	0.3569	+0.0212	0.0130	0.0002	0.0130	0.0002
condition-2-ur-5k	123	2	xnli	ur	ur	0.2990	0.3723	+0.0733	0.3228	0.3723	+0.0495	0.1337	0.0010	0.0655	0.0010
condition-2-ur-5k	123	2	xnli	zh	en	0.4649	0.4954	+0.0305	0.4649	0.4954	+0.0305	0.0054	0.0000	0.0054	0.0000
condition-2-ur-5k	123	2	xnli	zh	ur	0.3323	0.4615	+0.1291	0.3341	0.4615	+0.1273	0.0140	0.0004	0.0082	0.0004
condition-2-ur-5k	42	1	belebele	en	en	0.7678	0.7911	+0.0233	0.7678	0.7911	+0.0233	0.0000	0.0000	0.0000	0.0000
condition-2-ur-5k	42	1	belebele	en	ur	0.7411	0.8056	+0.0644	0.7411	0.8056	+0.0644	0.0000	0.0000	0.0000	0.0000
condition-2-ur-5k	42	1	belebele	es	en	0.6911	0.7289	+0.0378	0.6911	0.7289	+0.0378	0.0000	0.0000	0.0000	0.0000
condition-2-ur-5k	42	1	belebele	es	ur	0.6389	0.7244	+0.0856	0.6389	0.7244	+0.0856	0.0000	0.0000	0.0000	0.0000
condition-2-ur-5k	42	1	belebele	ur	en	0.6044	0.6322	+0.0278	0.6044	0.6322	+0.0278	0.0000	0.0000	0.0000	0.0000
condition-2-ur-5k	42	1	belebele	ur	ur	0.5289	0.5789	+0.0500	0.5289	0.5789	+0.0500	0.0044	0.0000	0.0044	0.0000
condition-2-ur-5k	42	1	belebele	zh	en	0.7500	0.7778	+0.0278	0.7500	0.7778	+0.0278	0.0000	0.0000	0.0000	0.0000
condition-2-ur-5k	42	1	belebele	zh	ur	0.7011	0.7589	+0.0578	0.7011	0.7589	+0.0578	0.0000	0.0000	0.0000	0.0000
condition-2-ur-5k	42	1	csqa	en	en	0.6070	0.6100	+0.0030	0.6070	0.6100	+0.0030	0.0000	0.0000	0.0000	0.0000
condition-2-ur-5k	42	1	csqa	en	ur	0.5850	0.5960	+0.0110	0.5850	0.5960	+0.0110	0.0000	0.0000	0.0000	0.0000
condition-2-ur-5k	42	1	csqa	es	en	0.5240	0.5360	+0.0120	0.5240	0.5360	+0.0120	0.0000	0.0000	0.0000	0.0000
condition-2-ur-5k	42	1	csqa	es	ur	0.4730	0.4840	+0.0110	0.4730	0.4840	+0.0110	0.0000	0.0000	0.0000	0.0000
condition-2-ur-5k	42	1	csqa	ur	en	0.4240	0.4100	-0.0140	0.4240	0.4100	-0.0140	0.0000	0.0000	0.0000	0.0000
condition-2-ur-5k	42	1	csqa	ur	ur	0.4040	0.3530	-0.0510	0.4040	0.3530	-0.0510	0.0010	0.0000	0.0010	0.0000
condition-2-ur-5k	42	1	csqa	zh	en	0.5450	0.5600	+0.0150	0.5450	0.5600	+0.0150	0.0000	0.0000	0.0000	0.0000
condition-2-ur-5k	42	1	csqa	zh	ur	0.4810	0.4840	+0.0030	0.4810	0.4840	+0.0030	0.0000	0.0000	0.0000	0.0000
condition-2-ur-5k	42	1	sib200	en	en	0.7549	0.7843	+0.0294	0.7549	0.7745	+0.0196	0.0000	0.0000	0.0000	0.0147
condition-2-ur-5k	42	1	sib200	en	ur	0.3088	0.6225	+0.3137	0.4951	0.5245	+0.0294	0.4510	0.0049	0.0931	0.3627
condition-2-ur-5k	42	1	sib200	es	en	0.7794	0.7696	-0.0098	0.7745	0.7059	-0.0686	0.0000	0.0000	0.0049	0.0784
condition-2-ur-5k	42	1	sib200	es	ur	0.2304	0.6029	+0.3725	0.5343	0.4951	-0.0392	0.6176	0.0049	0.0980	0.4216
condition-2-ur-5k	42	1	sib200	ur	en	0.7402	0.6912	-0.0490	0.7255	0.6667	-0.0588	0.0000	0.0000	0.0147	0.0343
condition-2-ur-5k	42	1	sib200	ur	ur	0.2157	0.4314	+0.2157	0.5735	0.3824	-0.1912	0.5098	0.0049	0.0343	0.3137
condition-2-ur-5k	42	1	sib200	zh	en	0.8039	0.7647	-0.0392	0.7892	0.7206	-0.0686	0.0098	0.0000	0.0196	0.0490
condition-2-ur-5k	42	1	sib200	zh	ur	0.2157	0.7402	+0.5245	0.5294	0.6520	+0.1225	0.6127	0.0000	0.1324	0.2206
condition-2-ur-5k	42	1	xnli	en	en	0.4998	0.5399	+0.0401	0.4998	0.5399	+0.0401	0.0014	0.0000	0.0014	0.0000
condition-2-ur-5k	42	1	xnli	en	ur	0.3816	0.3760	-0.0056	0.3816	0.3760	-0.0056	0.0010	0.0000	0.0008	0.0000
condition-2-ur-5k	42	1	xnli	es	en	0.4525	0.4938	+0.0413	0.4525	0.4938	+0.0413	0.0006	0.0000	0.0006	0.0000
condition-2-ur-5k	42	1	xnli	es	ur	0.3433	0.3583	+0.0150	0.3433	0.3583	+0.0150	0.0010	0.0000	0.0010	0.0000
condition-2-ur-5k	42	1	xnli	ur	en	0.4343	0.4439	+0.0096	0.4343	0.4439	+0.0096	0.0038	0.0000	0.0038	0.0000
condition-2-ur-5k	42	1	xnli	ur	ur	0.3327	0.3363	+0.0036	0.3327	0.3363	+0.0036	0.0038	0.0002	0.0038	0.0002
condition-2-ur-5k	42	1	xnli	zh	en	0.3906	0.4481	+0.0575	0.3906	0.4481	+0.0575	0.0000	0.0000	0.0000	0.0000
condition-2-ur-5k	42	1	xnli	zh	ur	0.3345	0.3353	+0.0008	0.3345	0.3353	+0.0008	0.0000	0.0000	0.0000	0.0000
condition-2-ur-5k	42	2	belebele	en	en	0.7822	0.8000	+0.0178	0.7822	0.8000	+0.0178	0.0000	0.0000	0.0000	0.0000
condition-2-ur-5k	42	2	belebele	en	ur	0.7489	0.8111	+0.0622	0.7489	0.8111	+0.0622	0.0000	0.0000	0.0000	0.0000
condition-2-ur-5k	42	2	belebele	es	en	0.7011	0.7422	+0.0411	0.7011	0.7422	+0.0411	0.0000	0.0000	0.0000	0.0000
condition-2-ur-5k	42	2	belebele	es	ur	0.6389	0.7144	+0.0756	0.6389	0.7144	+0.0756	0.0000	0.0000	0.0000	0.0000
condition-2-ur-5k	42	2	belebele	ur	en	0.6144	0.6422	+0.0278	0.6144	0.6422	+0.0278	0.0000	0.0000	0.0000	0.0000
condition-2-ur-5k	42	2	belebele	ur	ur	0.5233	0.5856	+0.0622	0.5233	0.5856	+0.0622	0.0033	0.0000	0.0033	0.0000
condition-2-ur-5k	42	2	belebele	zh	en	0.7589	0.7800	+0.0211	0.7589	0.7800	+0.0211	0.0000	0.0000	0.0000	0.0000
condition-2-ur-5k	42	2	belebele	zh	ur	0.7000	0.7656	+0.0656	0.7000	0.7656	+0.0656	0.0000	0.0000	0.0000	0.0000
condition-2-ur-5k	42	2	csqa	en	en	0.6070	0.6110	+0.0040	0.6070	0.6110	+0.0040	0.0000	0.0000	0.0000	0.0000
condition-2-ur-5k	42	2	csqa	en	ur	0.5790	0.6020	+0.0230	0.5790	0.6020	+0.0230	0.0000	0.0000	0.0000	0.0000
condition-2-ur-5k	42	2	csqa	es	en	0.5170	0.5260	+0.0090	0.5170	0.5260	+0.0090	0.0000	0.0000	0.0000	0.0000
condition-2-ur-5k	42	2	csqa	es	ur	0.4800	0.4910	+0.0110	0.4800	0.4910	+0.0110	0.0000	0.0000	0.0000	0.0000
condition-2-ur-5k	42	2	csqa	ur	en	0.4170	0.3880	-0.0290	0.4170	0.3880	-0.0290	0.0000	0.0000	0.0000	0.0000
condition-2-ur-5k	42	2	csqa	ur	ur	0.3920	0.3690	-0.0230	0.3920	0.3690	-0.0230	0.0010	0.0000	0.0010	0.0000
condition-2-ur-5k	42	2	csqa	zh	en	0.5320	0.5480	+0.0160	0.5320	0.5480	+0.0160	0.0000	0.0000	0.0000	0.0000
condition-2-ur-5k	42	2	csqa	zh	ur	0.4660	0.4940	+0.0280	0.4660	0.4940	+0.0280	0.0000	0.0000	0.0000	0.0000
condition-2-ur-5k	42	2	sib200	en	en	0.7206	0.6912	-0.0294	0.7206	0.6912	-0.0294	0.0000	0.0000	0.0000	0.0000
condition-2-ur-5k	42	2	sib200	en	ur	0.2696	0.7010	+0.4314	0.3971	0.6863	+0.2892	0.3873	0.0931	0.3039	0.1225
condition-2-ur-5k	42	2	sib200	es	en	0.6765	0.6569	-0.0196	0.6765	0.6569	-0.0196	0.0000	0.0000	0.0000	0.0000
condition-2-ur-5k	42	2	sib200	es	ur	0.0980	0.6716	+0.5735	0.3088	0.6520	+0.3431	0.6569	0.0539	0.4510	0.1324
condition-2-ur-5k	42	2	sib200	ur	en	0.6814	0.6520	-0.0294	0.6814	0.6520	-0.0294	0.0000	0.0000	0.0000	0.0000
condition-2-ur-5k	42	2	sib200	ur	ur	0.2059	0.5049	+0.2990	0.5294	0.4608	-0.0686	0.5735	0.0147	0.1275	0.1471
condition-2-ur-5k	42	2	sib200	zh	en	0.6961	0.6912	-0.0049	0.6961	0.6814	-0.0147	0.0000	0.0000	0.0000	0.0098
condition-2-ur-5k	42	2	sib200	zh	ur	0.0931	0.6667	+0.5735	0.3971	0.6667	+0.2696	0.7598	0.0490	0.4020	0.0686
condition-2-ur-5k	42	2	xnli	en	en	0.3786	0.3986	+0.0200	0.3786	0.3986	+0.0200	0.0004	0.0004	0.0004	0.0004
condition-2-ur-5k	42	2	xnli	en	ur	0.2277	0.3459	+0.1182	0.2589	0.3459	+0.0870	0.4289	0.0028	0.3337	0.0028
condition-2-ur-5k	42	2	xnli	es	en	0.3661	0.3972	+0.0311	0.3661	0.3972	+0.0311	0.0086	0.0020	0.0086	0.0020
condition-2-ur-5k	42	2	xnli	es	ur	0.3271	0.3491	+0.0220	0.3319	0.3491	+0.0172	0.1367	0.0028	0.1220	0.0028
condition-2-ur-5k	42	2	xnli	ur	en	0.3357	0.3383	+0.0026	0.3357	0.3383	+0.0026	0.0130	0.0002	0.0130	0.0002
condition-2-ur-5k	42	2	xnli	ur	ur	0.2990	0.3816	+0.0826	0.3228	0.3816	+0.0589	0.1337	0.0028	0.0655	0.0028
condition-2-ur-5k	42	2	xnli	zh	en	0.4649	0.4749	+0.0100	0.4649	0.4749	+0.0100	0.0054	0.0000	0.0054	0.0000
condition-2-ur-5k	42	2	xnli	zh	ur	0.3323	0.4226	+0.0902	0.3341	0.4226	+0.0884	0.0140	0.0006	0.0082	0.0006
condition-2-ur-5k	456	1	belebele	en	en	0.7678	0.7922	+0.0244	0.7678	0.7922	+0.0244	0.0000	0.0000	0.0000	0.0000
condition-2-ur-5k	456	1	belebele	en	ur	0.7411	0.7989	+0.0578	0.7411	0.7989	+0.0578	0.0000	0.0000	0.0000	0.0000
condition-2-ur-5k	456	1	belebele	es	en	0.6911	0.7200	+0.0289	0.6911	0.7200	+0.0289	0.0000	0.0000	0.0000	0.0000
condition-2-ur-5k	456	1	belebele	es	ur	0.6389	0.7056	+0.0667	0.6389	0.7056	+0.0667	0.0000	0.0000	0.0000	0.0000
condition-2-ur-5k	456	1	belebele	ur	en	0.6044	0.6222	+0.0178	0.6044	0.6222	+0.0178	0.0000	0.0000	0.0000	0.0000
condition-2-ur-5k	456	1	belebele	ur	ur	0.5289	0.5378	+0.0089	0.5289	0.5378	+0.0089	0.0044	0.0000	0.0044	0.0000
condition-2-ur-5k	456	1	belebele	zh	en	0.7500	0.7722	+0.0222	0.7500	0.7722	+0.0222	0.0000	0.0000	0.0000	0.0000
condition-2-ur-5k	456	1	belebele	zh	ur	0.7011	0.7633	+0.0622	0.7011	0.7633	+0.0622	0.0000	0.0000	0.0000	0.0000
condition-2-ur-5k	456	1	csqa	en	en	0.6070	0.6120	+0.0050	0.6070	0.6120	+0.0050	0.0000	0.0000	0.0000	0.0000
condition-2-ur-5k	456	1	csqa	en	ur	0.5850	0.5900	+0.0050	0.5850	0.5900	+0.0050	0.0000	0.0000	0.0000	0.0000
condition-2-ur-5k	456	1	csqa	es	en	0.5240	0.5450	+0.0210	0.5240	0.5450	+0.0210	0.0000	0.0000	0.0000	0.0000
condition-2-ur-5k	456	1	csqa	es	ur	0.4730	0.4900	+0.0170	0.4730	0.4900	+0.0170	0.0000	0.0000	0.0000	0.0000
condition-2-ur-5k	456	1	csqa	ur	en	0.4240	0.3960	-0.0280	0.4240	0.3960	-0.0280	0.0000	0.0000	0.0000	0.0000
condition-2-ur-5k	456	1	csqa	ur	ur	0.4040	0.3690	-0.0350	0.4040	0.3690	-0.0350	0.0010	0.0000	0.0010	0.0000
condition-2-ur-5k	456	1	csqa	zh	en	0.5450	0.5610	+0.0160	0.5450	0.5610	+0.0160	0.0000	0.0000	0.0000	0.0000
condition-2-ur-5k	456	1	csqa	zh	ur	0.4810	0.4850	+0.0040	0.4810	0.4850	+0.0040	0.0000	0.0000	0.0000	0.0000
condition-2-ur-5k	456	1	sib200	en	en	0.7549	0.7892	+0.0343	0.7549	0.7794	+0.0245	0.0000	0.0000	0.0000	0.0098
condition-2-ur-5k	456	1	sib200	en	ur	0.3088	0.6471	+0.3382	0.4951	0.5833	+0.0882	0.4510	0.0000	0.0931	0.2843
condition-2-ur-5k	456	1	sib200	es	en	0.7794	0.7696	-0.0098	0.7745	0.7402	-0.0343	0.0000	0.0000	0.0049	0.0343
condition-2-ur-5k	456	1	sib200	es	ur	0.2304	0.5833	+0.3529	0.5343	0.5294	-0.0049	0.6176	0.0049	0.0980	0.2892
condition-2-ur-5k	456	1	sib200	ur	en	0.7402	0.7059	-0.0343	0.7255	0.6961	-0.0294	0.0000	0.0000	0.0147	0.0098
condition-2-ur-5k	456	1	sib200	ur	ur	0.2157	0.5049	+0.2892	0.5735	0.4461	-0.1275	0.5098	0.0000	0.0343	0.3088
condition-2-ur-5k	456	1	sib200	zh	en	0.8039	0.7696	-0.0343	0.7892	0.7451	-0.0441	0.0098	0.0000	0.0196	0.0294
condition-2-ur-5k	456	1	sib200	zh	ur	0.2157	0.7255	+0.5098	0.5294	0.6765	+0.1471	0.6127	0.0000	0.1324	0.1422
condition-2-ur-5k	456	1	xnli	en	en	0.4998	0.5383	+0.0385	0.4998	0.5383	+0.0385	0.0014	0.0000	0.0014	0.0000
condition-2-ur-5k	456	1	xnli	en	ur	0.3816	0.3451	-0.0365	0.3816	0.3451	-0.0365	0.0010	0.0000	0.0008	0.0000
condition-2-ur-5k	456	1	xnli	es	en	0.4525	0.4878	+0.0353	0.4525	0.4878	+0.0353	0.0006	0.0000	0.0006	0.0000
condition-2-ur-5k	456	1	xnli	es	ur	0.3433	0.3399	-0.0034	0.3433	0.3399	-0.0034	0.0010	0.0000	0.0010	0.0000
condition-2-ur-5k	456	1	xnli	ur	en	0.4343	0.4315	-0.0028	0.4343	0.4315	-0.0028	0.0038	0.0000	0.0038	0.0000
condition-2-ur-5k	456	1	xnli	ur	ur	0.3327	0.3381	+0.0054	0.3327	0.3381	+0.0054	0.0038	0.0000	0.0038	0.0000
condition-2-ur-5k	456	1	xnli	zh	en	0.3906	0.4485	+0.0579	0.3906	0.4485	+0.0579	0.0000	0.0000	0.0000	0.0000
condition-2-ur-5k	456	1	xnli	zh	ur	0.3345	0.3341	-0.0004	0.3345	0.3341	-0.0004	0.0000	0.0000	0.0000	0.0000
condition-2-ur-5k	456	2	belebele	en	en	0.7822	0.7900	+0.0078	0.7822	0.7900	+0.0078	0.0000	0.0000	0.0000	0.0000
condition-2-ur-5k	456	2	belebele	en	ur	0.7489	0.8067	+0.0578	0.7489	0.8067	+0.0578	0.0000	0.0000	0.0000	0.0000
condition-2-ur-5k	456	2	belebele	es	en	0.7011	0.7400	+0.0389	0.7011	0.7400	+0.0389	0.0000	0.0000	0.0000	0.0000
condition-2-ur-5k	456	2	belebele	es	ur	0.6389	0.6933	+0.0544	0.6389	0.6933	+0.0544	0.0000	0.0011	0.0000	0.0011
condition-2-ur-5k	456	2	belebele	ur	en	0.6144	0.6311	+0.0167	0.6144	0.6311	+0.0167	0.0000	0.0000	0.0000	0.0000
condition-2-ur-5k	456	2	belebele	ur	ur	0.5233	0.5544	+0.0311	0.5233	0.5544	+0.0311	0.0033	0.0000	0.0033	0.0000
condition-2-ur-5k	456	2	belebele	zh	en	0.7589	0.7778	+0.0189	0.7589	0.7778	+0.0189	0.0000	0.0000	0.0000	0.0000
condition-2-ur-5k	456	2	belebele	zh	ur	0.7000	0.7611	+0.0611	0.7000	0.7611	+0.0611	0.0000	0.0000	0.0000	0.0000
condition-2-ur-5k	456	2	csqa	en	en	0.6070	0.6160	+0.0090	0.6070	0.6160	+0.0090	0.0000	0.0000	0.0000	0.0000
condition-2-ur-5k	456	2	csqa	en	ur	0.5790	0.6100	+0.0310	0.5790	0.6100	+0.0310	0.0000	0.0000	0.0000	0.0000
condition-2-ur-5k	456	2	csqa	es	en	0.5170	0.5390	+0.0220	0.5170	0.5390	+0.0220	0.0000	0.0000	0.0000	0.0000
condition-2-ur-5k	456	2	csqa	es	ur	0.4800	0.5030	+0.0230	0.4800	0.5030	+0.0230	0.0000	0.0000	0.0000	0.0000
condition-2-ur-5k	456	2	csqa	ur	en	0.4170	0.3900	-0.0270	0.4170	0.3900	-0.0270	0.0000	0.0000	0.0000	0.0000
condition-2-ur-5k	456	2	csqa	ur	ur	0.3920	0.3770	-0.0150	0.3920	0.3770	-0.0150	0.0010	0.0000	0.0010	0.0000
condition-2-ur-5k	456	2	csqa	zh	en	0.5320	0.5390	+0.0070	0.5320	0.5390	+0.0070	0.0000	0.0000	0.0000	0.0000
condition-2-ur-5k	456	2	csqa	zh	ur	0.4660	0.5020	+0.0360	0.4660	0.5020	+0.0360	0.0000	0.0000	0.0000	0.0000
condition-2-ur-5k	456	2	sib200	en	en	0.7206	0.6961	-0.0245	0.7206	0.6961	-0.0245	0.0000	0.0000	0.0000	0.0000
condition-2-ur-5k	456	2	sib200	en	ur	0.2696	0.6863	+0.4167	0.3971	0.6765	+0.2794	0.3873	0.1029	0.3039	0.1373
condition-2-ur-5k	456	2	sib200	es	en	0.6765	0.6618	-0.0147	0.6765	0.6618	-0.0147	0.0000	0.0000	0.0000	0.0000
condition-2-ur-5k	456	2	sib200	es	ur	0.0980	0.6422	+0.5441	0.3088	0.6373	+0.3284	0.6569	0.0686	0.4510	0.1029
condition-2-ur-5k	456	2	sib200	ur	en	0.6814	0.6667	-0.0147	0.6814	0.6667	-0.0147	0.0000	0.0000	0.0000	0.0000
condition-2-ur-5k	456	2	sib200	ur	ur	0.2059	0.5882	+0.3824	0.5294	0.5686	+0.0392	0.5735	0.0147	0.1275	0.0784
condition-2-ur-5k	456	2	sib200	zh	en	0.6961	0.6912	-0.0049	0.6961	0.6863	-0.0098	0.0000	0.0000	0.0000	0.0049
condition-2-ur-5k	456	2	sib200	zh	ur	0.0931	0.6863	+0.5931	0.3971	0.6716	+0.2745	0.7598	0.0196	0.4020	0.0588
condition-2-ur-5k	456	2	xnli	en	en	0.3786	0.3786	+0.0000	0.3786	0.3786	+0.0000	0.0004	0.0006	0.0004	0.0006
condition-2-ur-5k	456	2	xnli	en	ur	0.2277	0.3525	+0.1248	0.2589	0.3525	+0.0936	0.4289	0.0016	0.3337	0.0016
condition-2-ur-5k	456	2	xnli	es	en	0.3661	0.3848	+0.0188	0.3661	0.3848	+0.0188	0.0086	0.0022	0.0086	0.0022
condition-2-ur-5k	456	2	xnli	es	ur	0.3271	0.3657	+0.0385	0.3319	0.3657	+0.0337	0.1367	0.0008	0.1220	0.0008
condition-2-ur-5k	456	2	xnli	ur	en	0.3357	0.3399	+0.0042	0.3357	0.3399	+0.0042	0.0130	0.0006	0.0130	0.0006
condition-2-ur-5k	456	2	xnli	ur	ur	0.2990	0.3435	+0.0445	0.3228	0.3435	+0.0208	0.1337	0.0018	0.0655	0.0018
condition-2-ur-5k	456	2	xnli	zh	en	0.4649	0.4405	-0.0244	0.4649	0.4405	-0.0244	0.0054	0.0000	0.0054	0.0000
condition-2-ur-5k	456	2	xnli	zh	ur	0.3323	0.4385	+0.1062	0.3341	0.4385	+0.1044	0.0140	0.0006	0.0082	0.0006
condition-2-zh-20k	42	1	belebele	en	en	0.7678	0.7889	+0.0211	0.7678	0.7889	+0.0211	0.0000	0.0000	0.0000	0.0000
condition-2-zh-20k	42	1	belebele	en	zh	0.7889	0.7978	+0.0089	0.7889	0.7978	+0.0089	0.0000	0.0000	0.0000	0.0000
condition-2-zh-20k	42	1	belebele	es	en	0.6911	0.6978	+0.0067	0.6911	0.6978	+0.0067	0.0000	0.0000	0.0000	0.0000
condition-2-zh-20k	42	1	belebele	es	zh	0.6956	0.7144	+0.0189	0.6956	0.7144	+0.0189	0.0000	0.0000	0.0000	0.0000
condition-2-zh-20k	42	1	belebele	ur	en	0.6044	0.6156	+0.0111	0.6044	0.6156	+0.0111	0.0000	0.0000	0.0000	0.0000
condition-2-zh-20k	42	1	belebele	ur	zh	0.5922	0.6278	+0.0356	0.5922	0.6278	+0.0356	0.0000	0.0000	0.0000	0.0000
condition-2-zh-20k	42	1	belebele	zh	en	0.7500	0.7700	+0.0200	0.7500	0.7700	+0.0200	0.0000	0.0000	0.0000	0.0000
condition-2-zh-20k	42	1	belebele	zh	zh	0.7756	0.7722	-0.0033	0.7756	0.7722	-0.0033	0.0000	0.0000	0.0000	0.0000
condition-2-zh-20k	42	1	csqa	en	en	0.6070	0.6160	+0.0090	0.6070	0.6160	+0.0090	0.0000	0.0000	0.0000	0.0000
condition-2-zh-20k	42	1	csqa	en	zh	0.6410	0.6460	+0.0050	0.6410	0.6460	+0.0050	0.0000	0.0000	0.0000	0.0000
condition-2-zh-20k	42	1	csqa	es	en	0.5240	0.5290	+0.0050	0.5240	0.5290	+0.0050	0.0000	0.0000	0.0000	0.0000
condition-2-zh-20k	42	1	csqa	es	zh	0.5470	0.5710	+0.0240	0.5470	0.5710	+0.0240	0.0000	0.0000	0.0000	0.0000
condition-2-zh-20k	42	1	csqa	ur	en	0.4240	0.4250	+0.0010	0.4240	0.4250	+0.0010	0.0000	0.0000	0.0000	0.0000
condition-2-zh-20k	42	1	csqa	ur	zh	0.3760	0.4360	+0.0600	0.3760	0.4360	+0.0600	0.0000	0.0000	0.0000	0.0000
condition-2-zh-20k	42	1	csqa	zh	en	0.5450	0.5520	+0.0070	0.5450	0.5520	+0.0070	0.0000	0.0000	0.0000	0.0000
condition-2-zh-20k	42	1	csqa	zh	zh	0.5340	0.5410	+0.0070	0.5340	0.5410	+0.0070	0.0000	0.0000	0.0000	0.0000
condition-2-zh-20k	42	1	sib200	en	en	0.7549	0.7500	-0.0049	0.7549	0.7451	-0.0098	0.0000	0.0000	0.0000	0.0049
condition-2-zh-20k	42	1	sib200	en	zh	0.7157	0.6667	-0.0490	0.7157	0.6667	-0.0490	0.0000	0.0000	0.0000	0.0000
condition-2-zh-20k	42	1	sib200	es	en	0.7794	0.7647	-0.0147	0.7745	0.7549	-0.0196	0.0000	0.0000	0.0049	0.0098
condition-2-zh-20k	42	1	sib200	es	zh	0.5784	0.6520	+0.0735	0.6373	0.6520	+0.0147	0.0882	0.0000	0.0147	0.0049
condition-2-zh-20k	42	1	sib200	ur	en	0.7402	0.6863	-0.0539	0.7255	0.6863	-0.0392	0.0000	0.0000	0.0147	0.0000
condition-2-zh-20k	42	1	sib200	ur	zh	0.5686	0.5931	+0.0245	0.5735	0.5931	+0.0196	0.0098	0.0000	0.0049	0.0000
condition-2-zh-20k	42	1	sib200	zh	en	0.8039	0.7696	-0.0343	0.7892	0.7598	-0.0294	0.0098	0.0000	0.0196	0.0098
condition-2-zh-20k	42	1	sib200	zh	zh	0.5343	0.6422	+0.1078	0.6667	0.6471	-0.0196	0.1912	0.0147	0.0098	0.0000
condition-2-zh-20k	42	1	xnli	en	en	0.4998	0.5301	+0.0303	0.4998	0.5301	+0.0303	0.0014	0.0000	0.0014	0.0000
condition-2-zh-20k	42	1	xnli	en	zh	0.3333	0.3333	+0.0000	0.3333	0.3333	+0.0000	0.0000	0.0000	0.0000	0.0000
condition-2-zh-20k	42	1	xnli	es	en	0.4525	0.4754	+0.0230	0.4525	0.4754	+0.0230	0.0006	0.0000	0.0006	0.0000
condition-2-zh-20k	42	1	xnli	es	zh	0.3337	0.3333	-0.0004	0.3337	0.3333	-0.0004	0.0000	0.0000	0.0000	0.0000
condition-2-zh-20k	42	1	xnli	ur	en	0.4343	0.4565	+0.0222	0.4343	0.4565	+0.0222	0.0038	0.0000	0.0038	0.0000
condition-2-zh-20k	42	1	xnli	ur	zh	0.3311	0.3335	+0.0024	0.3311	0.3335	+0.0024	0.0002	0.0000	0.0002	0.0000
condition-2-zh-20k	42	1	xnli	zh	en	0.3906	0.4126	+0.0220	0.3906	0.4126	+0.0220	0.0000	0.0000	0.0000	0.0000
condition-2-zh-20k	42	1	xnli	zh	zh	0.3329	0.3331	+0.0002	0.3329	0.3331	+0.0002	0.0004	0.0000	0.0004	0.0000
condition-2-zh-20k	42	2	belebele	en	en	0.7822	0.7933	+0.0111	0.7822	0.7933	+0.0111	0.0000	0.0000	0.0000	0.0000
condition-2-zh-20k	42	2	belebele	en	zh	0.8000	0.8022	+0.0022	0.8000	0.8022	+0.0022	0.0000	0.0000	0.0000	0.0000
condition-2-zh-20k	42	2	belebele	es	en	0.7011	0.7233	+0.0222	0.7011	0.7233	+0.0222	0.0000	0.0000	0.0000	0.0000
condition-2-zh-20k	42	2	belebele	es	zh	0.7167	0.7200	+0.0033	0.7167	0.7200	+0.0033	0.0000	0.0000	0.0000	0.0000
condition-2-zh-20k	42	2	belebele	ur	en	0.6144	0.6256	+0.0111	0.6144	0.6256	+0.0111	0.0000	0.0000	0.0000	0.0000
condition-2-zh-20k	42	2	belebele	ur	zh	0.6067	0.6267	+0.0200	0.6067	0.6267	+0.0200	0.0000	0.0000	0.0000	0.0000
condition-2-zh-20k	42	2	belebele	zh	en	0.7589	0.7767	+0.0178	0.7589	0.7767	+0.0178	0.0000	0.0000	0.0000	0.0000
condition-2-zh-20k	42	2	belebele	zh	zh	0.7611	0.7767	+0.0156	0.7611	0.7767	+0.0156	0.0000	0.0011	0.0000	0.0011
condition-2-zh-20k	42	2	csqa	en	en	0.6070	0.6070	+0.0000	0.6070	0.6070	+0.0000	0.0000	0.0000	0.0000	0.0000
condition-2-zh-20k	42	2	csqa	en	zh	0.6310	0.6330	+0.0020	0.6310	0.6330	+0.0020	0.0000	0.0000	0.0000	0.0000
condition-2-zh-20k	42	2	csqa	es	en	0.5170	0.5280	+0.0110	0.5170	0.5280	+0.0110	0.0000	0.0000	0.0000	0.0000
condition-2-zh-20k	42	2	csqa	es	zh	0.5300	0.5500	+0.0200	0.5300	0.5500	+0.0200	0.0000	0.0000	0.0000	0.0000
condition-2-zh-20k	42	2	csqa	ur	en	0.4170	0.4230	+0.0060	0.4170	0.4230	+0.0060	0.0000	0.0000	0.0000	0.0000
condition-2-zh-20k	42	2	csqa	ur	zh	0.4020	0.4130	+0.0110	0.4020	0.4130	+0.0110	0.0000	0.0000	0.0000	0.0000
condition-2-zh-20k	42	2	csqa	zh	en	0.5320	0.5380	+0.0060	0.5320	0.5380	+0.0060	0.0000	0.0000	0.0000	0.0000
condition-2-zh-20k	42	2	csqa	zh	zh	0.5320	0.5400	+0.0080	0.5320	0.5400	+0.0080	0.0000	0.0000	0.0000	0.0000
condition-2-zh-20k	42	2	sib200	en	en	0.7206	0.7108	-0.0098	0.7206	0.7108	-0.0098	0.0000	0.0000	0.0000	0.0000
condition-2-zh-20k	42	2	sib200	en	zh	0.6275	0.6471	+0.0196	0.6520	0.6520	+0.0000	0.0539	0.0049	0.0098	0.0000
condition-2-zh-20k	42	2	sib200	es	en	0.6765	0.6569	-0.0196	0.6765	0.6569	-0.0196	0.0000	0.0000	0.0000	0.0000
condition-2-zh-20k	42	2	sib200	es	zh	0.4755	0.5931	+0.1176	0.5931	0.6176	+0.0245	0.1716	0.0441	0.0147	0.0147
condition-2-zh-20k	42	2	sib200	ur	en	0.6814	0.6618	-0.0196	0.6814	0.6618	-0.0196	0.0000	0.0000	0.0000	0.0000
condition-2-zh-20k	42	2	sib200	ur	zh	0.5343	0.5931	+0.0588	0.5343	0.5931	+0.0588	0.0147	0.0000	0.0098	0.0000
condition-2-zh-20k	42	2	sib200	zh	en	0.6961	0.6569	-0.0392	0.6961	0.6520	-0.0441	0.0000	0.0000	0.0000	0.0049
condition-2-zh-20k	42	2	sib200	zh	zh	0.4853	0.6078	+0.1225	0.6225	0.6471	+0.0245	0.2206	0.0539	0.0245	0.0049
condition-2-zh-20k	42	2	xnli	en	en	0.3786	0.3573	-0.0214	0.3786	0.3573	-0.0214	0.0004	0.0006	0.0004	0.0006
condition-2-zh-20k	42	2	xnli	en	zh	0.2405	0.3413	+0.1008	0.3337	0.3417	+0.0080	0.3212	0.0038	0.1477	0.0032
condition-2-zh-20k	42	2	xnli	es	en	0.3661	0.3591	-0.0070	0.3661	0.3591	-0.0070	0.0086	0.0036	0.0086	0.0036
condition-2-zh-20k	42	2	xnli	es	zh	0.1128	0.3359	+0.2232	0.2369	0.3363	+0.0994	0.7014	0.0052	0.4603	0.0046
condition-2-zh-20k	42	2	xnli	ur	en	0.3357	0.3337	-0.0020	0.3357	0.3337	-0.0020	0.0130	0.0032	0.0130	0.0032
condition-2-zh-20k	42	2	xnli	ur	zh	0.2014	0.3265	+0.1251	0.2078	0.3277	+0.1200	0.3856	0.0246	0.3699	0.0224
condition-2-zh-20k	42	2	xnli	zh	en	0.4649	0.4407	-0.0242	0.4649	0.4407	-0.0242	0.0054	0.0014	0.0054	0.0014
condition-2-zh-20k	42	2	xnli	zh	zh	0.0675	0.3673	+0.2998	0.2491	0.3737	+0.1246	0.8253	0.0275	0.4054	0.0168
condition-2-zh-5k	123	1	belebele	en	en	0.7678	0.7800	+0.0122	0.7678	0.7800	+0.0122	0.0000	0.0000	0.0000	0.0000
condition-2-zh-5k	123	1	belebele	en	zh	0.7889	0.7989	+0.0100	0.7889	0.7989	+0.0100	0.0000	0.0000	0.0000	0.0000
condition-2-zh-5k	123	1	belebele	es	en	0.6911	0.7044	+0.0133	0.6911	0.7044	+0.0133	0.0000	0.0000	0.0000	0.0000
condition-2-zh-5k	123	1	belebele	es	zh	0.6956	0.7344	+0.0389	0.6956	0.7344	+0.0389	0.0000	0.0000	0.0000	0.0000
condition-2-zh-5k	123	1	belebele	ur	en	0.6044	0.6233	+0.0189	0.6044	0.6233	+0.0189	0.0000	0.0000	0.0000	0.0000
condition-2-zh-5k	123	1	belebele	ur	zh	0.5922	0.6222	+0.0300	0.5922	0.6222	+0.0300	0.0000	0.0000	0.0000	0.0000
condition-2-zh-5k	123	1	belebele	zh	en	0.7500	0.7656	+0.0156	0.7500	0.7656	+0.0156	0.0000	0.0000	0.0000	0.0000
condition-2-zh-5k	123	1	belebele	zh	zh	0.7756	0.7811	+0.0056	0.7756	0.7811	+0.0056	0.0000	0.0000	0.0000	0.0000
condition-2-zh-5k	123	1	csqa	en	en	0.6070	0.6000	-0.0070	0.6070	0.6000	-0.0070	0.0000	0.0000	0.0000	0.0000
condition-2-zh-5k	123	1	csqa	en	zh	0.6410	0.6400	-0.0010	0.6410	0.6400	-0.0010	0.0000	0.0000	0.0000	0.0000
condition-2-zh-5k	123	1	csqa	es	en	0.5240	0.5140	-0.0100	0.5240	0.5140	-0.0100	0.0000	0.0000	0.0000	0.0000
condition-2-zh-5k	123	1	csqa	es	zh	0.5470	0.5670	+0.0200	0.5470	0.5670	+0.0200	0.0000	0.0000	0.0000	0.0000
condition-2-zh-5k	123	1	csqa	ur	en	0.4240	0.4230	-0.0010	0.4240	0.4230	-0.0010	0.0000	0.0000	0.0000	0.0000
condition-2-zh-5k	123	1	csqa	ur	zh	0.3760	0.4270	+0.0510	0.3760	0.4270	+0.0510	0.0000	0.0000	0.0000	0.0000
condition-2-zh-5k	123	1	csqa	zh	en	0.5450	0.5410	-0.0040	0.5450	0.5410	-0.0040	0.0000	0.0000	0.0000	0.0000
condition-2-zh-5k	123	1	csqa	zh	zh	0.5340	0.5530	+0.0190	0.5340	0.5530	+0.0190	0.0000	0.0000	0.0000	0.0000
condition-2-zh-5k	123	1	sib200	en	en	0.7549	0.7598	+0.0049	0.7549	0.7549	+0.0000	0.0000	0.0000	0.0000	0.0049
condition-2-zh-5k	123	1	sib200	en	zh	0.7157	0.7206	+0.0049	0.7157	0.7206	+0.0049	0.0000	0.0000	0.0000	0.0000
condition-2-zh-5k	123	1	sib200	es	en	0.7794	0.7843	+0.0049	0.7745	0.7745	+0.0000	0.0000	0.0000	0.0049	0.0147
condition-2-zh-5k	123	1	sib200	es	zh	0.5784	0.6961	+0.1176	0.6373	0.6961	+0.0588	0.0882	0.0000	0.0147	0.0000
condition-2-zh-5k	123	1	sib200	ur	en	0.7402	0.7255	-0.0147	0.7255	0.7255	+0.0000	0.0000	0.0000	0.0147	0.0000
condition-2-zh-5k	123	1	sib200	ur	zh	0.5686	0.6716	+0.1029	0.5735	0.6716	+0.0980	0.0098	0.0000	0.0049	0.0000
condition-2-zh-5k	123	1	sib200	zh	en	0.8039	0.7745	-0.0294	0.7892	0.7647	-0.0245	0.0098	0.0000	0.0196	0.0098
condition-2-zh-5k	123	1	sib200	zh	zh	0.5343	0.7010	+0.1667	0.6667	0.7010	+0.0343	0.1912	0.0049	0.0098	0.0000
condition-2-zh-5k	123	1	xnli	en	en	0.4998	0.4950	-0.0048	0.4998	0.4950	-0.0048	0.0014	0.0000	0.0014	0.0000
condition-2-zh-5k	123	1	xnli	en	zh	0.3333	0.3327	-0.0006	0.3333	0.3327	-0.0006	0.0000	0.0000	0.0000	0.0000
condition-2-zh-5k	123	1	xnli	es	en	0.4525	0.4335	-0.0190	0.4525	0.4335	-0.0190	0.0006	0.0000	0.0006	0.0000
condition-2-zh-5k	123	1	xnli	es	zh	0.3337	0.3331	-0.0006	0.3337	0.3331	-0.0006	0.0000	0.0000	0.0000	0.0000
condition-2-zh-5k	123	1	xnli	ur	en	0.4343	0.4389	+0.0046	0.4343	0.4389	+0.0046	0.0038	0.0000	0.0038	0.0000
condition-2-zh-5k	123	1	xnli	ur	zh	0.3311	0.3315	+0.0004	0.3311	0.3319	+0.0008	0.0002	0.0064	0.0002	0.0060
condition-2-zh-5k	123	1	xnli	zh	en	0.3906	0.3946	+0.0040	0.3906	0.3946	+0.0040	0.0000	0.0000	0.0000	0.0000
condition-2-zh-5k	123	1	xnli	zh	zh	0.3329	0.3323	-0.0006	0.3329	0.3323	-0.0006	0.0004	0.0000	0.0004	0.0000
condition-2-zh-5k	123	2	belebele	en	en	0.7822	0.7867	+0.0044	0.7822	0.7867	+0.0044	0.0000	0.0000	0.0000	0.0000
condition-2-zh-5k	123	2	belebele	en	zh	0.8000	0.8122	+0.0122	0.8000	0.8122	+0.0122	0.0000	0.0000	0.0000	0.0000
condition-2-zh-5k	123	2	belebele	es	en	0.7011	0.7189	+0.0178	0.7011	0.7189	+0.0178	0.0000	0.0000	0.0000	0.0000
condition-2-zh-5k	123	2	belebele	es	zh	0.7167	0.7433	+0.0267	0.7167	0.7433	+0.0267	0.0000	0.0000	0.0000	0.0000
condition-2-zh-5k	123	2	belebele	ur	en	0.6144	0.6278	+0.0133	0.6144	0.6278	+0.0133	0.0000	0.0000	0.0000	0.0000
condition-2-zh-5k	123	2	belebele	ur	zh	0.6067	0.6378	+0.0311	0.6067	0.6378	+0.0311	0.0000	0.0000	0.0000	0.0000
condition-2-zh-5k	123	2	belebele	zh	en	0.7589	0.7756	+0.0167	0.7589	0.7756	+0.0167	0.0000	0.0000	0.0000	0.0000
condition-2-zh-5k	123	2	belebele	zh	zh	0.7611	0.7844	+0.0233	0.7611	0.7844	+0.0233	0.0000	0.0011	0.0000	0.0011
condition-2-zh-5k	123	2	csqa	en	en	0.6070	0.6060	-0.0010	0.6070	0.6060	-0.0010	0.0000	0.0000	0.0000	0.0000
condition-2-zh-5k	123	2	csqa	en	zh	0.6310	0.6280	-0.0030	0.6310	0.6280	-0.0030	0.0000	0.0000	0.0000	0.0000
condition-2-zh-5k	123	2	csqa	es	en	0.5170	0.5250	+0.0080	0.5170	0.5250	+0.0080	0.0000	0.0000	0.0000	0.0000
condition-2-zh-5k	123	2	csqa	es	zh	0.5300	0.5380	+0.0080	0.5300	0.5380	+0.0080	0.0000	0.0000	0.0000	0.0000
condition-2-zh-5k	123	2	csqa	ur	en	0.4170	0.4170	+0.0000	0.4170	0.4170	+0.0000	0.0000	0.0000	0.0000	0.0000
condition-2-zh-5k	123	2	csqa	ur	zh	0.4020	0.3940	-0.0080	0.4020	0.3940	-0.0080	0.0000	0.0000	0.0000	0.0000
condition-2-zh-5k	123	2	csqa	zh	en	0.5320	0.5200	-0.0120	0.5320	0.5200	-0.0120	0.0000	0.0000	0.0000	0.0000
condition-2-zh-5k	123	2	csqa	zh	zh	0.5320	0.5400	+0.0080	0.5320	0.5400	+0.0080	0.0000	0.0000	0.0000	0.0000
condition-2-zh-5k	123	2	sib200	en	en	0.7206	0.6716	-0.0490	0.7206	0.6716	-0.0490	0.0000	0.0000	0.0000	0.0000
condition-2-zh-5k	123	2	sib200	en	zh	0.6275	0.6716	+0.0441	0.6520	0.6716	+0.0196	0.0539	0.0000	0.0098	0.0000
condition-2-zh-5k	123	2	sib200	es	en	0.6765	0.6373	-0.0392	0.6765	0.6373	-0.0392	0.0000	0.0000	0.0000	0.0000
condition-2-zh-5k	123	2	sib200	es	zh	0.4755	0.6324	+0.1569	0.5931	0.6324	+0.0392	0.1716	0.0245	0.0147	0.0294
condition-2-zh-5k	123	2	sib200	ur	en	0.6814	0.6618	-0.0196	0.6814	0.6618	-0.0196	0.0000	0.0000	0.0000	0.0000
condition-2-zh-5k	123	2	sib200	ur	zh	0.5343	0.6127	+0.0784	0.5343	0.6127	+0.0784	0.0147	0.0000	0.0098	0.0000
condition-2-zh-5k	123	2	sib200	zh	en	0.6961	0.6618	-0.0343	0.6961	0.6569	-0.0392	0.0000	0.0000	0.0000	0.0049
condition-2-zh-5k	123	2	sib200	zh	zh	0.4853	0.6471	+0.1618	0.6225	0.6471	+0.0245	0.2206	0.0196	0.0245	0.0098
condition-2-zh-5k	123	2	xnli	en	en	0.3786	0.3928	+0.0142	0.3786	0.3928	+0.0142	0.0004	0.0004	0.0004	0.0004
condition-2-zh-5k	123	2	xnli	en	zh	0.2405	0.3341	+0.0936	0.3337	0.3347	+0.0010	0.3212	0.0046	0.1477	0.0040
condition-2-zh-5k	123	2	xnli	es	en	0.3661	0.3984	+0.0323	0.3661	0.3984	+0.0323	0.0086	0.0042	0.0086	0.0042
condition-2-zh-5k	123	2	xnli	es	zh	0.1128	0.3323	+0.2196	0.2369	0.3333	+0.0964	0.7014	0.0172	0.4603	0.0152
condition-2-zh-5k	123	2	xnli	ur	en	0.3357	0.3351	-0.0006	0.3357	0.3351	-0.0006	0.0130	0.0016	0.0130	0.0016
condition-2-zh-5k	123	2	xnli	ur	zh	0.2014	0.3024	+0.1010	0.2078	0.3132	+0.1054	0.3856	0.1303	0.3699	0.0940
condition-2-zh-5k	123	2	xnli	zh	en	0.4649	0.4774	+0.0126	0.4649	0.4774	+0.0126	0.0054	0.0004	0.0054	0.0004
condition-2-zh-5k	123	2	xnli	zh	zh	0.0675	0.3659	+0.2984	0.2491	0.3705	+0.1214	0.8253	0.0377	0.4054	0.0273
condition-2-zh-5k	42	1	belebele	en	en	0.7678	0.7767	+0.0089	0.7678	0.7767	+0.0089	0.0000	0.0000	0.0000	0.0000
condition-2-zh-5k	42	1	belebele	en	zh	0.7889	0.7967	+0.0078	0.7889	0.7967	+0.0078	0.0000	0.0000	0.0000	0.0000
condition-2-zh-5k	42	1	belebele	es	en	0.6911	0.7056	+0.0144	0.6911	0.7056	+0.0144	0.0000	0.0000	0.0000	0.0000
condition-2-zh-5k	42	1	belebele	es	zh	0.6956	0.7322	+0.0367	0.6956	0.7322	+0.0367	0.0000	0.0000	0.0000	0.0000
condition-2-zh-5k	42	1	belebele	ur	en	0.6044	0.6133	+0.0089	0.6044	0.6133	+0.0089	0.0000	0.0000	0.0000	0.0000
condition-2-zh-5k	42	1	belebele	ur	zh	0.5922	0.6211	+0.0289	0.5922	0.6211	+0.0289	0.0000	0.0000	0.0000	0.0000
condition-2-zh-5k	42	1	belebele	zh	en	0.7500	0.7622	+0.0122	0.7500	0.7622	+0.0122	0.0000	0.0000	0.0000	0.0000
condition-2-zh-5k	42	1	belebele	zh	zh	0.7756	0.7811	+0.0056	0.7756	0.7811	+0.0056	0.0000	0.0000	0.0000	0.0000
condition-2-zh-5k	42	1	csqa	en	en	0.6070	0.6060	-0.0010	0.6070	0.6060	-0.0010	0.0000	0.0000	0.0000	0.0000
condition-2-zh-5k	42	1	csqa	en	zh	0.6410	0.6420	+0.0010	0.6410	0.6420	+0.0010	0.0000	0.0000	0.0000	0.0000
condition-2-zh-5k	42	1	csqa	es	en	0.5240	0.5300	+0.0060	0.5240	0.5300	+0.0060	0.0000	0.0000	0.0000	0.0000
condition-2-zh-5k	42	1	csqa	es	zh	0.5470	0.5640	+0.0170	0.5470	0.5640	+0.0170	0.0000	0.0000	0.0000	0.0000
condition-2-zh-5k	42	1	csqa	ur	en	0.4240	0.4200	-0.0040	0.4240	0.4200	-0.0040	0.0000	0.0000	0.0000	0.0000
condition-2-zh-5k	42	1	csqa	ur	zh	0.3760	0.4280	+0.0520	0.3760	0.4280	+0.0520	0.0000	0.0000	0.0000	0.0000
condition-2-zh-5k	42	1	csqa	zh	en	0.5450	0.5450	+0.0000	0.5450	0.5450	+0.0000	0.0000	0.0000	0.0000	0.0000
condition-2-zh-5k	42	1	csqa	zh	zh	0.5340	0.5480	+0.0140	0.5340	0.5480	+0.0140	0.0000	0.0000	0.0000	0.0000
condition-2-zh-5k	42	1	sib200	en	en	0.7549	0.7696	+0.0147	0.7549	0.7647	+0.0098	0.0000	0.0000	0.0000	0.0049
condition-2-zh-5k	42	1	sib200	en	zh	0.7157	0.6863	-0.0294	0.7157	0.6863	-0.0294	0.0000	0.0000	0.0000	0.0000
condition-2-zh-5k	42	1	sib200	es	en	0.7794	0.7745	-0.0049	0.7745	0.7598	-0.0147	0.0000	0.0000	0.0049	0.0147
condition-2-zh-5k	42	1	sib200	es	zh	0.5784	0.6618	+0.0833	0.6373	0.6618	+0.0245	0.0882	0.0000	0.0147	0.0049
condition-2-zh-5k	42	1	sib200	ur	en	0.7402	0.7059	-0.0343	0.7255	0.7059	-0.0196	0.0000	0.0000	0.0147	0.0000
condition-2-zh-5k	42	1	sib200	ur	zh	0.5686	0.5931	+0.0245	0.5735	0.5931	+0.0196	0.0098	0.0000	0.0049	0.0049
condition-2-zh-5k	42	1	sib200	zh	en	0.8039	0.7500	-0.0539	0.7892	0.7451	-0.0441	0.0098	0.0000	0.0196	0.0049
condition-2-zh-5k	42	1	sib200	zh	zh	0.5343	0.6765	+0.1422	0.6667	0.6814	+0.0147	0.1912	0.0098	0.0098	0.0000
condition-2-zh-5k	42	1	xnli	en	en	0.4998	0.5190	+0.0192	0.4998	0.5190	+0.0192	0.0014	0.0000	0.0014	0.0000
condition-2-zh-5k	42	1	xnli	en	zh	0.3333	0.3327	-0.0006	0.3333	0.3327	-0.0006	0.0000	0.0002	0.0000	0.0002
condition-2-zh-5k	42	1	xnli	es	en	0.4525	0.4585	+0.0060	0.4525	0.4585	+0.0060	0.0006	0.0000	0.0006	0.0000
condition-2-zh-5k	42	1	xnli	es	zh	0.3337	0.3333	-0.0004	0.3337	0.3333	-0.0004	0.0000	0.0000	0.0000	0.0000
condition-2-zh-5k	42	1	xnli	ur	en	0.4343	0.4521	+0.0178	0.4343	0.4521	+0.0178	0.0038	0.0000	0.0038	0.0000
condition-2-zh-5k	42	1	xnli	ur	zh	0.3311	0.3381	+0.0070	0.3311	0.3381	+0.0070	0.0002	0.0321	0.0002	0.0319
condition-2-zh-5k	42	1	xnli	zh	en	0.3906	0.4120	+0.0214	0.3906	0.4120	+0.0214	0.0000	0.0000	0.0000	0.0000
condition-2-zh-5k	42	1	xnli	zh	zh	0.3329	0.3395	+0.0066	0.3329	0.3395	+0.0066	0.0004	0.0016	0.0004	0.0016
condition-2-zh-5k	42	2	belebele	en	en	0.7822	0.7867	+0.0044	0.7822	0.7867	+0.0044	0.0000	0.0000	0.0000	0.0000
condition-2-zh-5k	42	2	belebele	en	zh	0.8000	0.8100	+0.0100	0.8000	0.8100	+0.0100	0.0000	0.0000	0.0000	0.0000
condition-2-zh-5k	42	2	belebele	es	en	0.7011	0.7256	+0.0244	0.7011	0.7256	+0.0244	0.0000	0.0000	0.0000	0.0000
condition-2-zh-5k	42	2	belebele	es	zh	0.7167	0.7411	+0.0244	0.7167	0.7411	+0.0244	0.0000	0.0000	0.0000	0.0000
condition-2-zh-5k	42	2	belebele	ur	en	0.6144	0.6300	+0.0156	0.6144	0.6300	+0.0156	0.0000	0.0000	0.0000	0.0000
condition-2-zh-5k	42	2	belebele	ur	zh	0.6067	0.6389	+0.0322	0.6067	0.6389	+0.0322	0.0000	0.0000	0.0000	0.0000
condition-2-zh-5k	42	2	belebele	zh	en	0.7589	0.7778	+0.0189	0.7589	0.7778	+0.0189	0.0000	0.0000	0.0000	0.0000
condition-2-zh-5k	42	2	belebele	zh	zh	0.7611	0.7911	+0.0300	0.7611	0.7911	+0.0300	0.0000	0.0011	0.0000	0.0011
condition-2-zh-5k	42	2	csqa	en	en	0.6070	0.6160	+0.0090	0.6070	0.6160	+0.0090	0.0000	0.0000	0.0000	0.0000
condition-2-zh-5k	42	2	csqa	en	zh	0.6310	0.6300	-0.0010	0.6310	0.6300	-0.0010	0.0000	0.0000	0.0000	0.0000
condition-2-zh-5k	42	2	csqa	es	en	0.5170	0.5280	+0.0110	0.5170	0.5280	+0.0110	0.0000	0.0000	0.0000	0.0000
condition-2-zh-5k	42	2	csqa	es	zh	0.5300	0.5360	+0.0060	0.5300	0.5360	+0.0060	0.0000	0.0000	0.0000	0.0000
condition-2-zh-5k	42	2	csqa	ur	en	0.4170	0.4180	+0.0010	0.4170	0.4180	+0.0010	0.0000	0.0000	0.0000	0.0000
condition-2-zh-5k	42	2	csqa	ur	zh	0.4020	0.4000	-0.0020	0.4020	0.4000	-0.0020	0.0000	0.0000	0.0000	0.0000
condition-2-zh-5k	42	2	csqa	zh	en	0.5320	0.5310	-0.0010	0.5320	0.5310	-0.0010	0.0000	0.0000	0.0000	0.0000
condition-2-zh-5k	42	2	csqa	zh	zh	0.5320	0.5470	+0.0150	0.5320	0.5470	+0.0150	0.0000	0.0000	0.0000	0.0000
condition-2-zh-5k	42	2	sib200	en	en	0.7206	0.6814	-0.0392	0.7206	0.6814	-0.0392	0.0000	0.0000	0.0000	0.0000
condition-2-zh-5k	42	2	sib200	en	zh	0.6275	0.6667	+0.0392	0.6520	0.6667	+0.0147	0.0539	0.0000	0.0098	0.0000
condition-2-zh-5k	42	2	sib200	es	en	0.6765	0.6520	-0.0245	0.6765	0.6520	-0.0245	0.0000	0.0000	0.0000	0.0000
condition-2-zh-5k	42	2	sib200	es	zh	0.4755	0.6225	+0.1471	0.5931	0.6225	+0.0294	0.1716	0.0196	0.0147	0.0245
condition-2-zh-5k	42	2	sib200	ur	en	0.6814	0.6667	-0.0147	0.6814	0.6667	-0.0147	0.0000	0.0000	0.0000	0.0000
condition-2-zh-5k	42	2	sib200	ur	zh	0.5343	0.5931	+0.0588	0.5343	0.5931	+0.0588	0.0147	0.0000	0.0098	0.0000
condition-2-zh-5k	42	2	sib200	zh	en	0.6961	0.6569	-0.0392	0.6961	0.6520	-0.0441	0.0000	0.0000	0.0000	0.0049
condition-2-zh-5k	42	2	sib200	zh	zh	0.4853	0.6176	+0.1324	0.6225	0.6275	+0.0049	0.2206	0.0343	0.0245	0.0196
condition-2-zh-5k	42	2	xnli	en	en	0.3786	0.3685	-0.0102	0.3786	0.3685	-0.0102	0.0004	0.0002	0.0004	0.0002
condition-2-zh-5k	42	2	xnli	en	zh	0.2405	0.3341	+0.0936	0.3337	0.3357	+0.0020	0.3212	0.0427	0.1477	0.0395
condition-2-zh-5k	42	2	xnli	es	en	0.3661	0.3750	+0.0090	0.3661	0.3750	+0.0090	0.0086	0.0034	0.0086	0.0034
condition-2-zh-5k	42	2	xnli	es	zh	0.1128	0.3331	+0.2204	0.2369	0.3345	+0.0976	0.7014	0.0569	0.4603	0.0529
condition-2-zh-5k	42	2	xnli	ur	en	0.3357	0.3343	-0.0014	0.3357	0.3343	-0.0014	0.0130	0.0012	0.0130	0.0012
condition-2-zh-5k	42	2	xnli	ur	zh	0.2014	0.2289	+0.0275	0.2078	0.2495	+0.0417	0.3856	0.3641	0.3699	0.3070
condition-2-zh-5k	42	2	xnli	zh	en	0.4649	0.4443	-0.0206	0.4649	0.4443	-0.0206	0.0054	0.0008	0.0054	0.0008
condition-2-zh-5k	42	2	xnli	zh	zh	0.0675	0.3257	+0.2583	0.2491	0.3517	+0.1026	0.8253	0.1938	0.4054	0.1375
condition-2-zh-5k	456	1	belebele	en	en	0.7678	0.7822	+0.0144	0.7678	0.7822	+0.0144	0.0000	0.0000	0.0000	0.0000
condition-2-zh-5k	456	1	belebele	en	zh	0.7889	0.8067	+0.0178	0.7889	0.8067	+0.0178	0.0000	0.0000	0.0000	0.0000
condition-2-zh-5k	456	1	belebele	es	en	0.6911	0.7044	+0.0133	0.6911	0.7044	+0.0133	0.0000	0.0000	0.0000	0.0000
condition-2-zh-5k	456	1	belebele	es	zh	0.6956	0.7333	+0.0378	0.6956	0.7333	+0.0378	0.0000	0.0000	0.0000	0.0000
condition-2-zh-5k	456	1	belebele	ur	en	0.6044	0.6133	+0.0089	0.6044	0.6133	+0.0089	0.0000	0.0000	0.0000	0.0000
condition-2-zh-5k	456	1	belebele	ur	zh	0.5922	0.6211	+0.0289	0.5922	0.6211	+0.0289	0.0000	0.0000	0.0000	0.0000
condition-2-zh-5k	456	1	belebele	zh	en	0.7500	0.7700	+0.0200	0.7500	0.7700	+0.0200	0.0000	0.0000	0.0000	0.0000
condition-2-zh-5k	456	1	belebele	zh	zh	0.7756	0.7800	+0.0044	0.7756	0.7800	+0.0044	0.0000	0.0000	0.0000	0.0000
condition-2-zh-5k	456	1	csqa	en	en	0.6070	0.6020	-0.0050	0.6070	0.6020	-0.0050	0.0000	0.0000	0.0000	0.0000
condition-2-zh-5k	456	1	csqa	en	zh	0.6410	0.6500	+0.0090	0.6410	0.6500	+0.0090	0.0000	0.0000	0.0000	0.0000
condition-2-zh-5k	456	1	csqa	es	en	0.5240	0.5230	-0.0010	0.5240	0.5230	-0.0010	0.0000	0.0000	0.0000	0.0000
condition-2-zh-5k	456	1	csqa	es	zh	0.5470	0.5700	+0.0230	0.5470	0.5700	+0.0230	0.0000	0.0000	0.0000	0.0000
condition-2-zh-5k	456	1	csqa	ur	en	0.4240	0.4160	-0.0080	0.4240	0.4160	-0.0080	0.0000	0.0000	0.0000	0.0000
condition-2-zh-5k	456	1	csqa	ur	zh	0.3760	0.4310	+0.0550	0.3760	0.4310	+0.0550	0.0000	0.0000	0.0000	0.0000
condition-2-zh-5k	456	1	csqa	zh	en	0.5450	0.5440	-0.0010	0.5450	0.5440	-0.0010	0.0000	0.0000	0.0000	0.0000
condition-2-zh-5k	456	1	csqa	zh	zh	0.5340	0.5500	+0.0160	0.5340	0.5500	+0.0160	0.0000	0.0000	0.0000	0.0000
condition-2-zh-5k	456	1	sib200	en	en	0.7549	0.7794	+0.0245	0.7549	0.7745	+0.0196	0.0000	0.0000	0.0000	0.0049
condition-2-zh-5k	456	1	sib200	en	zh	0.7157	0.7206	+0.0049	0.7157	0.7206	+0.0049	0.0000	0.0000	0.0000	0.0000
condition-2-zh-5k	456	1	sib200	es	en	0.7794	0.7843	+0.0049	0.7745	0.7794	+0.0049	0.0000	0.0000	0.0049	0.0049
condition-2-zh-5k	456	1	sib200	es	zh	0.5784	0.6863	+0.1078	0.6373	0.6863	+0.0490	0.0882	0.0000	0.0147	0.0000
condition-2-zh-5k	456	1	sib200	ur	en	0.7402	0.7059	-0.0343	0.7255	0.7059	-0.0196	0.0000	0.0000	0.0147	0.0000
condition-2-zh-5k	456	1	sib200	ur	zh	0.5686	0.6520	+0.0833	0.5735	0.6520	+0.0784	0.0098	0.0000	0.0049	0.0000
condition-2-zh-5k	456	1	sib200	zh	en	0.8039	0.7696	-0.0343	0.7892	0.7647	-0.0245	0.0098	0.0000	0.0196	0.0049
condition-2-zh-5k	456	1	sib200	zh	zh	0.5343	0.6863	+0.1520	0.6667	0.6863	+0.0196	0.1912	0.0049	0.0098	0.0000
condition-2-zh-5k	456	1	xnli	en	en	0.4998	0.5234	+0.0236	0.4998	0.5234	+0.0236	0.0014	0.0000	0.0014	0.0000
condition-2-zh-5k	456	1	xnli	en	zh	0.3333	0.3331	-0.0002	0.3333	0.3331	-0.0002	0.0000	0.0000	0.0000	0.0000
condition-2-zh-5k	456	1	xnli	es	en	0.4525	0.4651	+0.0126	0.4525	0.4651	+0.0126	0.0006	0.0000	0.0006	0.0000
condition-2-zh-5k	456	1	xnli	es	zh	0.3337	0.3331	-0.0006	0.3337	0.3331	-0.0006	0.0000	0.0002	0.0000	0.0002
condition-2-zh-5k	456	1	xnli	ur	en	0.4343	0.4485	+0.0142	0.4343	0.4485	+0.0142	0.0038	0.0000	0.0038	0.0000
condition-2-zh-5k	456	1	xnli	ur	zh	0.3311	0.3337	+0.0026	0.3311	0.3337	+0.0026	0.0002	0.0008	0.0002	0.0008
condition-2-zh-5k	456	1	xnli	zh	en	0.3906	0.4168	+0.0261	0.3906	0.4168	+0.0261	0.0000	0.0000	0.0000	0.0000
condition-2-zh-5k	456	1	xnli	zh	zh	0.3329	0.3331	+0.0002	0.3329	0.3331	+0.0002	0.0004	0.0000	0.0004	0.0000
condition-2-zh-5k	456	2	belebele	en	en	0.7822	0.7878	+0.0056	0.7822	0.7878	+0.0056	0.0000	0.0000	0.0000	0.0000
condition-2-zh-5k	456	2	belebele	en	zh	0.8000	0.8133	+0.0133	0.8000	0.8133	+0.0133	0.0000	0.0000	0.0000	0.0000
condition-2-zh-5k	456	2	belebele	es	en	0.7011	0.7167	+0.0156	0.7011	0.7167	+0.0156	0.0000	0.0000	0.0000	0.0000
condition-2-zh-5k	456	2	belebele	es	zh	0.7167	0.7344	+0.0178	0.7167	0.7344	+0.0178	0.0000	0.0000	0.0000	0.0000
condition-2-zh-5k	456	2	belebele	ur	en	0.6144	0.6200	+0.0056	0.6144	0.6200	+0.0056	0.0000	0.0000	0.0000	0.0000
condition-2-zh-5k	456	2	belebele	ur	zh	0.6067	0.6344	+0.0278	0.6067	0.6344	+0.0278	0.0000	0.0000	0.0000	0.0000
condition-2-zh-5k	456	2	belebele	zh	en	0.7589	0.7811	+0.0222	0.7589	0.7811	+0.0222	0.0000	0.0000	0.0000	0.0000
condition-2-zh-5k	456	2	belebele	zh	zh	0.7611	0.7811	+0.0200	0.7611	0.7811	+0.0200	0.0000	0.0011	0.0000	0.0011
condition-2-zh-5k	456	2	csqa	en	en	0.6070	0.6110	+0.0040	0.6070	0.6110	+0.0040	0.0000	0.0000	0.0000	0.0000
condition-2-zh-5k	456	2	csqa	en	zh	0.6310	0.6350	+0.0040	0.6310	0.6350	+0.0040	0.0000	0.0000	0.0000	0.0000
condition-2-zh-5k	456	2	csqa	es	en	0.5170	0.5280	+0.0110	0.5170	0.5280	+0.0110	0.0000	0.0000	0.0000	0.0000
condition-2-zh-5k	456	2	csqa	es	zh	0.5300	0.5470	+0.0170	0.5300	0.5470	+0.0170	0.0000	0.0000	0.0000	0.0000
condition-2-zh-5k	456	2	csqa	ur	en	0.4170	0.4150	-0.0020	0.4170	0.4150	-0.0020	0.0000	0.0000	0.0000	0.0000
condition-2-zh-5k	456	2	csqa	ur	zh	0.4020	0.4060	+0.0040	0.4020	0.4060	+0.0040	0.0000	0.0000	0.0000	0.0000
condition-2-zh-5k	456	2	csqa	zh	en	0.5320	0.5290	-0.0030	0.5320	0.5290	-0.0030	0.0000	0.0000	0.0000	0.0000
condition-2-zh-5k	456	2	csqa	zh	zh	0.5320	0.5470	+0.0150	0.5320	0.5470	+0.0150	0.0000	0.0000	0.0000	0.0000
condition-2-zh-5k	456	2	sib200	en	en	0.7206	0.6814	-0.0392	0.7206	0.6814	-0.0392	0.0000	0.0000	0.0000	0.0000
condition-2-zh-5k	456	2	sib200	en	zh	0.6275	0.6765	+0.0490	0.6520	0.6765	+0.0245	0.0539	0.0049	0.0098	0.0049
condition-2-zh-5k	456	2	sib200	es	en	0.6765	0.6471	-0.0294	0.6765	0.6471	-0.0294	0.0000	0.0000	0.0000	0.0000
condition-2-zh-5k	456	2	sib200	es	zh	0.4755	0.6324	+0.1569	0.5931	0.6324	+0.0392	0.1716	0.0245	0.0147	0.0245
condition-2-zh-5k	456	2	sib200	ur	en	0.6814	0.6765	-0.0049	0.6814	0.6765	-0.0049	0.0000	0.0000	0.0000	0.0000
condition-2-zh-5k	456	2	sib200	ur	zh	0.5343	0.6176	+0.0833	0.5343	0.6176	+0.0833	0.0147	0.0000	0.0098	0.0000
condition-2-zh-5k	456	2	sib200	zh	en	0.6961	0.6667	-0.0294	0.6961	0.6667	-0.0294	0.0000	0.0000	0.0000	0.0000
condition-2-zh-5k	456	2	sib200	zh	zh	0.4853	0.6373	+0.1520	0.6225	0.6569	+0.0343	0.2206	0.0441	0.0245	0.0147
condition-2-zh-5k	456	2	xnli	en	en	0.3786	0.3627	-0.0160	0.3786	0.3627	-0.0160	0.0004	0.0002	0.0004	0.0002
condition-2-zh-5k	456	2	xnli	en	zh	0.2405	0.3301	+0.0896	0.3337	0.3303	-0.0034	0.3212	0.0014	0.1477	0.0012
condition-2-zh-5k	456	2	xnli	es	en	0.3661	0.3675	+0.0014	0.3661	0.3675	+0.0014	0.0086	0.0036	0.0086	0.0036
condition-2-zh-5k	456	2	xnli	es	zh	0.1128	0.3287	+0.2160	0.2369	0.3289	+0.0920	0.7014	0.0138	0.4603	0.0136
condition-2-zh-5k	456	2	xnli	ur	en	0.3357	0.3339	-0.0018	0.3357	0.3339	-0.0018	0.0130	0.0014	0.0130	0.0014
condition-2-zh-5k	456	2	xnli	ur	zh	0.2014	0.2906	+0.0892	0.2078	0.3016	+0.0938	0.3856	0.1571	0.3699	0.1240
condition-2-zh-5k	456	2	xnli	zh	en	0.4649	0.4212	-0.0437	0.4649	0.4212	-0.0437	0.0054	0.0002	0.0054	0.0002
condition-2-zh-5k	456	2	xnli	zh	zh	0.0675	0.3495	+0.2820	0.2491	0.3507	+0.1016	0.8253	0.0321	0.4054	0.0271
condition-3-zh-5k	42	1	belebele	en	en	0.7678	0.7911	+0.0233	0.7678	0.7911	+0.0233	0.0000	0.0000	0.0000	0.0000
condition-3-zh-5k	42	1	belebele	en	zh	0.7889	0.7889	+0.0000	0.7889	0.7889	+0.0000	0.0000	0.0000	0.0000	0.0000
condition-3-zh-5k	42	1	belebele	es	en	0.6911	0.7056	+0.0144	0.6911	0.7056	+0.0144	0.0000	0.0000	0.0000	0.0000
condition-3-zh-5k	42	1	belebele	es	zh	0.6956	0.7133	+0.0178	0.6956	0.7133	+0.0178	0.0000	0.0000	0.0000	0.0000
condition-3-zh-5k	42	1	belebele	ur	en	0.6044	0.6100	+0.0056	0.6044	0.6100	+0.0056	0.0000	0.0000	0.0000	0.0000
condition-3-zh-5k	42	1	belebele	ur	zh	0.5922	0.6144	+0.0222	0.5922	0.6144	+0.0222	0.0000	0.0000	0.0000	0.0000
condition-3-zh-5k	42	1	belebele	zh	en	0.7500	0.7644	+0.0144	0.7500	0.7644	+0.0144	0.0000	0.0000	0.0000	0.0000
condition-3-zh-5k	42	1	belebele	zh	zh	0.7756	0.7789	+0.0033	0.7756	0.7789	+0.0033	0.0000	0.0000	0.0000	0.0000
condition-3-zh-5k	42	1	csqa	en	en	0.6070	0.6090	+0.0020	0.6070	0.6090	+0.0020	0.0000	0.0000	0.0000	0.0000
condition-3-zh-5k	42	1	csqa	en	zh	0.6410	0.6440	+0.0030	0.6410	0.6440	+0.0030	0.0000	0.0000	0.0000	0.0000
condition-3-zh-5k	42	1	csqa	es	en	0.5240	0.5500	+0.0260	0.5240	0.5500	+0.0260	0.0000	0.0000	0.0000	0.0000
condition-3-zh-5k	42	1	csqa	es	zh	0.5470	0.5430	-0.0040	0.5470	0.5430	-0.0040	0.0000	0.0000	0.0000	0.0000
condition-3-zh-5k	42	1	csqa	ur	en	0.4240	0.4240	+0.0000	0.4240	0.4240	+0.0000	0.0000	0.0000	0.0000	0.0000
condition-3-zh-5k	42	1	csqa	ur	zh	0.3760	0.4140	+0.0380	0.3760	0.4140	+0.0380	0.0000	0.0000	0.0000	0.0000
condition-3-zh-5k	42	1	csqa	zh	en	0.5450	0.5570	+0.0120	0.5450	0.5570	+0.0120	0.0000	0.0000	0.0000	0.0000
condition-3-zh-5k	42	1	csqa	zh	zh	0.5340	0.5410	+0.0070	0.5340	0.5410	+0.0070	0.0000	0.0000	0.0000	0.0000
condition-3-zh-5k	42	1	sib200	en	en	0.7549	0.7500	-0.0049	0.7549	0.7451	-0.0098	0.0000	0.0000	0.0000	0.0049
condition-3-zh-5k	42	1	sib200	en	zh	0.7157	0.6814	-0.0343	0.7157	0.6814	-0.0343	0.0000	0.0000	0.0000	0.0000
condition-3-zh-5k	42	1	sib200	es	en	0.7794	0.7549	-0.0245	0.7745	0.7402	-0.0343	0.0000	0.0000	0.0049	0.0147
condition-3-zh-5k	42	1	sib200	es	zh	0.5784	0.6912	+0.1127	0.6373	0.6912	+0.0539	0.0882	0.0000	0.0147	0.0147
condition-3-zh-5k	42	1	sib200	ur	en	0.7402	0.6912	-0.0490	0.7255	0.6912	-0.0343	0.0000	0.0000	0.0147	0.0049
condition-3-zh-5k	42	1	sib200	ur	zh	0.5686	0.6078	+0.0392	0.5735	0.6078	+0.0343	0.0098	0.0000	0.0049	0.0098
condition-3-zh-5k	42	1	sib200	zh	en	0.8039	0.7647	-0.0392	0.7892	0.7549	-0.0343	0.0098	0.0049	0.0196	0.0245
condition-3-zh-5k	42	1	sib200	zh	zh	0.5343	0.6863	+0.1520	0.6667	0.6863	+0.0196	0.1912	0.0049	0.0098	0.0196
condition-3-zh-5k	42	1	xnli	en	en	0.4998	0.5347	+0.0349	0.4998	0.5347	+0.0349	0.0014	0.0000	0.0014	0.0000
condition-3-zh-5k	42	1	xnli	en	zh	0.3333	0.3325	-0.0008	0.3333	0.3325	-0.0008	0.0000	0.0000	0.0000	0.0000
condition-3-zh-5k	42	1	xnli	es	en	0.4525	0.4858	+0.0333	0.4525	0.4858	+0.0333	0.0006	0.0000	0.0006	0.0000
condition-3-zh-5k	42	1	xnli	es	zh	0.3337	0.3325	-0.0012	0.3337	0.3325	-0.0012	0.0000	0.0000	0.0000	0.0000
condition-3-zh-5k	42	1	xnli	ur	en	0.4343	0.4409	+0.0066	0.4343	0.4409	+0.0066	0.0038	0.0000	0.0038	0.0000
condition-3-zh-5k	42	1	xnli	ur	zh	0.3311	0.3311	+0.0000	0.3311	0.3311	+0.0000	0.0002	0.0004	0.0002	0.0002
condition-3-zh-5k	42	1	xnli	zh	en	0.3906	0.4429	+0.0523	0.3906	0.4429	+0.0523	0.0000	0.0000	0.0000	0.0000
condition-3-zh-5k	42	1	xnli	zh	zh	0.3329	0.3323	-0.0006	0.3329	0.3323	-0.0006	0.0004	0.0000	0.0004	0.0000
condition-3-zh-5k	42	2	belebele	en	en	0.7822	0.7911	+0.0089	0.7822	0.7911	+0.0089	0.0000	0.0000	0.0000	0.0000
condition-3-zh-5k	42	2	belebele	en	zh	0.8000	0.8022	+0.0022	0.8000	0.8022	+0.0022	0.0000	0.0000	0.0000	0.0000
condition-3-zh-5k	42	2	belebele	es	en	0.7011	0.7222	+0.0211	0.7011	0.7222	+0.0211	0.0000	0.0000	0.0000	0.0000
condition-3-zh-5k	42	2	belebele	es	zh	0.7167	0.7278	+0.0111	0.7167	0.7278	+0.0111	0.0000	0.0000	0.0000	0.0000
condition-3-zh-5k	42	2	belebele	ur	en	0.6144	0.6289	+0.0144	0.6144	0.6289	+0.0144	0.0000	0.0000	0.0000	0.0000
condition-3-zh-5k	42	2	belebele	ur	zh	0.6067	0.6167	+0.0100	0.6067	0.6167	+0.0100	0.0000	0.0000	0.0000	0.0000
condition-3-zh-5k	42	2	belebele	zh	en	0.7589	0.7733	+0.0144	0.7589	0.7733	+0.0144	0.0000	0.0000	0.0000	0.0000
condition-3-zh-5k	42	2	belebele	zh	zh	0.7611	0.7711	+0.0100	0.7611	0.7711	+0.0100	0.0000	0.0000	0.0000	0.0000
condition-3-zh-5k	42	2	csqa	en	en	0.6070	0.6100	+0.0030	0.6070	0.6100	+0.0030	0.0000	0.0000	0.0000	0.0000
condition-3-zh-5k	42	2	csqa	en	zh	0.6310	0.6440	+0.0130	0.6310	0.6440	+0.0130	0.0000	0.0000	0.0000	0.0000
condition-3-zh-5k	42	2	csqa	es	en	0.5170	0.5380	+0.0210	0.5170	0.5380	+0.0210	0.0000	0.0000	0.0000	0.0000
condition-3-zh-5k	42	2	csqa	es	zh	0.5300	0.5250	-0.0050	0.5300	0.5250	-0.0050	0.0000	0.0000	0.0000	0.0000
condition-3-zh-5k	42	2	csqa	ur	en	0.4170	0.4400	+0.0230	0.4170	0.4400	+0.0230	0.0000	0.0000	0.0000	0.0000
condition-3-zh-5k	42	2	csqa	ur	zh	0.4020	0.4170	+0.0150	0.4020	0.4170	+0.0150	0.0000	0.0000	0.0000	0.0000
condition-3-zh-5k	42	2	csqa	zh	en	0.5320	0.5460	+0.0140	0.5320	0.5460	+0.0140	0.0000	0.0000	0.0000	0.0000
condition-3-zh-5k	42	2	csqa	zh	zh	0.5320	0.5220	-0.0100	0.5320	0.5220	-0.0100	0.0000	0.0000	0.0000	0.0000
condition-3-zh-5k	42	2	sib200	en	en	0.7206	0.6618	-0.0588	0.7206	0.6618	-0.0588	0.0000	0.0000	0.0000	0.0000
condition-3-zh-5k	42	2	sib200	en	zh	0.6275	0.6569	+0.0294	0.6520	0.6471	-0.0049	0.0539	0.0000	0.0098	0.0245
condition-3-zh-5k	42	2	sib200	es	en	0.6765	0.6373	-0.0392	0.6765	0.6373	-0.0392	0.0000	0.0000	0.0000	0.0000
condition-3-zh-5k	42	2	sib200	es	zh	0.4755	0.6225	+0.1471	0.5931	0.6078	+0.0147	0.1716	0.0098	0.0147	0.0441
condition-3-zh-5k	42	2	sib200	ur	en	0.6814	0.6569	-0.0245	0.6814	0.6569	-0.0245	0.0000	0.0000	0.0000	0.0000
condition-3-zh-5k	42	2	sib200	ur	zh	0.5343	0.5490	+0.0147	0.5343	0.5441	+0.0098	0.0147	0.0000	0.0098	0.0539
condition-3-zh-5k	42	2	sib200	zh	en	0.6961	0.6716	-0.0245	0.6961	0.6667	-0.0294	0.0000	0.0000	0.0000	0.0049
condition-3-zh-5k	42	2	sib200	zh	zh	0.4853	0.6127	+0.1275	0.6225	0.6078	-0.0147	0.2206	0.0049	0.0245	0.0637
condition-3-zh-5k	42	2	xnli	en	en	0.3786	0.4006	+0.0220	0.3786	0.4006	+0.0220	0.0004	0.0006	0.0004	0.0006
condition-3-zh-5k	42	2	xnli	en	zh	0.2405	0.3313	+0.0908	0.3337	0.3313	-0.0024	0.3212	0.0100	0.1477	0.0100
condition-3-zh-5k	42	2	xnli	es	en	0.3661	0.4114	+0.0453	0.3661	0.4114	+0.0453	0.0086	0.0038	0.0086	0.0038
condition-3-zh-5k	42	2	xnli	es	zh	0.1128	0.3289	+0.2162	0.2369	0.3289	+0.0920	0.7014	0.0132	0.4603	0.0130
condition-3-zh-5k	42	2	xnli	ur	en	0.3357	0.3455	+0.0098	0.3357	0.3455	+0.0098	0.0130	0.0014	0.0130	0.0014
condition-3-zh-5k	42	2	xnli	ur	zh	0.2014	0.3236	+0.1222	0.2078	0.3240	+0.1162	0.3856	0.0327	0.3699	0.0321
condition-3-zh-5k	42	2	xnli	zh	en	0.4649	0.4840	+0.0192	0.4649	0.4840	+0.0192	0.0054	0.0040	0.0054	0.0040
condition-3-zh-5k	42	2	xnli	zh	zh	0.0675	0.3040	+0.2365	0.2491	0.3066	+0.0575	0.8253	0.1118	0.4054	0.1058
condition-5-es-5k	42	1	belebele	en	en	0.7678	0.7833	+0.0156	0.7678	0.7833	+0.0156	0.0000	0.0000	0.0000	0.0000
condition-5-es-5k	42	1	belebele	en	es	0.7611	0.7822	+0.0211	0.7611	0.7822	+0.0211	0.0000	0.0000	0.0000	0.0000
condition-5-es-5k	42	1	belebele	es	en	0.6911	0.6956	+0.0044	0.6911	0.6956	+0.0044	0.0000	0.0000	0.0000	0.0000
condition-5-es-5k	42	1	belebele	es	es	0.6722	0.6744	+0.0022	0.6722	0.6744	+0.0022	0.0000	0.0011	0.0000	0.0011
condition-5-es-5k	42	1	belebele	ur	en	0.6044	0.6056	+0.0011	0.6044	0.6056	+0.0011	0.0000	0.0000	0.0000	0.0000
condition-5-es-5k	42	1	belebele	ur	es	0.5389	0.5333	-0.0056	0.5389	0.5333	-0.0056	0.0000	0.0000	0.0000	0.0000
condition-5-es-5k	42	1	belebele	zh	en	0.7500	0.7522	+0.0022	0.7500	0.7522	+0.0022	0.0000	0.0000	0.0000	0.0000
condition-5-es-5k	42	1	belebele	zh	es	0.7033	0.7256	+0.0222	0.7033	0.7256	+0.0222	0.0000	0.0000	0.0000	0.0000
condition-5-es-5k	42	1	csqa	en	en	0.6070	0.6020	-0.0050	0.6070	0.6020	-0.0050	0.0000	0.0000	0.0000	0.0000
condition-5-es-5k	42	1	csqa	en	es	0.6040	0.5920	-0.0120	0.6040	0.5920	-0.0120	0.0070	0.0000	0.0070	0.0000
condition-5-es-5k	42	1	csqa	es	en	0.5240	0.5000	-0.0240	0.5240	0.5000	-0.0240	0.0000	0.0000	0.0000	0.0000
condition-5-es-5k	42	1	csqa	es	es	0.5290	0.5220	-0.0070	0.5290	0.5220	-0.0070	0.0010	0.0000	0.0010	0.0000
condition-5-es-5k	42	1	csqa	ur	en	0.4240	0.3830	-0.0410	0.4240	0.3830	-0.0410	0.0000	0.0000	0.0000	0.0000
condition-5-es-5k	42	1	csqa	ur	es	0.3960	0.3910	-0.0050	0.3960	0.3910	-0.0050	0.0000	0.0000	0.0000	0.0000
condition-5-es-5k	42	1	csqa	zh	en	0.5450	0.5070	-0.0380	0.5450	0.5070	-0.0380	0.0000	0.0000	0.0000	0.0000
condition-5-es-5k	42	1	csqa	zh	es	0.5000	0.4960	-0.0040	0.5000	0.4960	-0.0040	0.0020	0.0000	0.0020	0.0000
condition-5-es-5k	42	1	sib200	en	en	0.7549	0.5980	-0.1569	0.7549	0.5980	-0.1569	0.0000	0.0000	0.0000	0.0000
condition-5-es-5k	42	1	sib200	en	es	0.6618	0.2549	-0.4069	0.6618	0.5196	-0.1422	0.0000	0.4314	0.0000	0.0441
condition-5-es-5k	42	1	sib200	es	en	0.7794	0.5588	-0.2206	0.7745	0.5539	-0.2206	0.0000	0.0000	0.0049	0.0049
condition-5-es-5k	42	1	sib200	es	es	0.6471	0.2451	-0.4020	0.6520	0.5245	-0.1275	0.0147	0.4363	0.0000	0.0392
condition-5-es-5k	42	1	sib200	ur	en	0.7402	0.5049	-0.2353	0.7255	0.5000	-0.2255	0.0000	0.0049	0.0147	0.0098
condition-5-es-5k	42	1	sib200	ur	es	0.5000	0.2402	-0.2598	0.5343	0.4804	-0.0539	0.0441	0.3480	0.0245	0.0294
condition-5-es-5k	42	1	sib200	zh	en	0.8039	0.5735	-0.2304	0.7892	0.6127	-0.1765	0.0098	0.0833	0.0196	0.0098
condition-5-es-5k	42	1	sib200	zh	es	0.5343	0.2500	-0.2843	0.5882	0.5882	+0.0000	0.0784	0.5490	0.0000	0.0588
condition-5-es-5k	42	1	xnli	en	en	0.4998	0.4319	-0.0679	0.4998	0.4319	-0.0679	0.0014	0.0000	0.0014	0.0000
condition-5-es-5k	42	1	xnli	en	es	0.3980	0.4102	+0.0122	0.3980	0.4102	+0.0122	0.0002	0.0000	0.0002	0.0000
condition-5-es-5k	42	1	xnli	es	en	0.4525	0.3479	-0.1046	0.4525	0.3479	-0.1046	0.0006	0.0002	0.0006	0.0002
condition-5-es-5k	42	1	xnli	es	es	0.4547	0.4479	-0.0068	0.4547	0.4479	-0.0068	0.0002	0.0012	0.0002	0.0012
condition-5-es-5k	42	1	xnli	ur	en	0.4343	0.3840	-0.0503	0.4343	0.3840	-0.0503	0.0038	0.0006	0.0038	0.0006
condition-5-es-5k	42	1	xnli	ur	es	0.3727	0.3920	+0.0194	0.3727	0.3920	+0.0194	0.0002	0.0006	0.0002	0.0006
condition-5-es-5k	42	1	xnli	zh	en	0.3906	0.3525	-0.0381	0.3906	0.3525	-0.0381	0.0000	0.0000	0.0000	0.0000
condition-5-es-5k	42	1	xnli	zh	es	0.3333	0.3365	+0.0032	0.3333	0.3365	+0.0032	0.0000	0.0000	0.0000	0.0000
condition-5-es-5k	42	2	belebele	en	en	0.7822	0.7956	+0.0133	0.7822	0.7956	+0.0133	0.0000	0.0000	0.0000	0.0000
condition-5-es-5k	42	2	belebele	en	es	0.7756	0.8022	+0.0267	0.7756	0.8022	+0.0267	0.0000	0.0000	0.0000	0.0000
condition-5-es-5k	42	2	belebele	es	en	0.7011	0.7089	+0.0078	0.7011	0.7089	+0.0078	0.0000	0.0000	0.0000	0.0000
condition-5-es-5k	42	2	belebele	es	es	0.6989	0.6978	-0.0011	0.6989	0.6978	-0.0011	0.0000	0.0011	0.0000	0.0011
condition-5-es-5k	42	2	belebele	ur	en	0.6144	0.6078	-0.0067	0.6144	0.6078	-0.0067	0.0000	0.0000	0.0000	0.0000
condition-5-es-5k	42	2	belebele	ur	es	0.5544	0.5600	+0.0056	0.5544	0.5600	+0.0056	0.0000	0.0000	0.0000	0.0000
condition-5-es-5k	42	2	belebele	zh	en	0.7589	0.7478	-0.0111	0.7589	0.7478	-0.0111	0.0000	0.0000	0.0000	0.0000
condition-5-es-5k	42	2	belebele	zh	es	0.7367	0.7478	+0.0111	0.7367	0.7478	+0.0111	0.0000	0.0000	0.0000	0.0000
condition-5-es-5k	42	2	csqa	en	en	0.6070	0.6040	-0.0030	0.6070	0.6040	-0.0030	0.0000	0.0000	0.0000	0.0000
condition-5-es-5k	42	2	csqa	en	es	0.6230	0.6090	-0.0140	0.6230	0.6090	-0.0140	0.0000	0.0000	0.0000	0.0000
condition-5-es-5k	42	2	csqa	es	en	0.5170	0.4940	-0.0230	0.5170	0.4940	-0.0230	0.0000	0.0000	0.0000	0.0000
condition-5-es-5k	42	2	csqa	es	es	0.5320	0.5310	-0.0010	0.5320	0.5310	-0.0010	0.0000	0.0000	0.0000	0.0000
condition-5-es-5k	42	2	csqa	ur	en	0.4170	0.3850	-0.0320	0.4170	0.3850	-0.0320	0.0000	0.0000	0.0000	0.0000
condition-5-es-5k	42	2	csqa	ur	es	0.3930	0.3920	-0.0010	0.3930	0.3920	-0.0010	0.0000	0.0000	0.0000	0.0000
condition-5-es-5k	42	2	csqa	zh	en	0.5320	0.5080	-0.0240	0.5320	0.5080	-0.0240	0.0000	0.0000	0.0000	0.0000
condition-5-es-5k	42	2	csqa	zh	es	0.5100	0.5000	-0.0100	0.5100	0.5000	-0.0100	0.0000	0.0000	0.0000	0.0000
condition-5-es-5k	42	2	sib200	en	en	0.7206	0.7010	-0.0196	0.7206	0.7010	-0.0196	0.0000	0.0000	0.0000	0.0000
condition-5-es-5k	42	2	sib200	en	es	0.5343	0.2500	-0.2843	0.5539	0.3725	-0.1814	0.0294	0.1471	0.0000	0.0147
condition-5-es-5k	42	2	sib200	es	en	0.6765	0.6471	-0.0294	0.6765	0.6471	-0.0294	0.0000	0.0000	0.0000	0.0000
condition-5-es-5k	42	2	sib200	es	es	0.3725	0.2500	-0.1225	0.5147	0.3382	-0.1765	0.1716	0.0931	0.0000	0.0049
condition-5-es-5k	42	2	sib200	ur	en	0.6814	0.6275	-0.0539	0.6814	0.6275	-0.0539	0.0000	0.0000	0.0000	0.0000
condition-5-es-5k	42	2	sib200	ur	es	0.3725	0.2500	-0.1225	0.6127	0.3873	-0.2255	0.3186	0.1667	0.0147	0.0049
condition-5-es-5k	42	2	sib200	zh	en	0.6961	0.6667	-0.0294	0.6961	0.6667	-0.0294	0.0000	0.0000	0.0000	0.0000
condition-5-es-5k	42	2	sib200	zh	es	0.3725	0.2500	-0.1225	0.5588	0.4608	-0.0980	0.2402	0.2647	0.0098	0.0196
condition-5-es-5k	42	2	xnli	en	en	0.3786	0.4267	+0.0481	0.3786	0.4267	+0.0481	0.0004	0.0006	0.0004	0.0006
condition-5-es-5k	42	2	xnli	en	es	0.3806	0.3886	+0.0080	0.3806	0.3886	+0.0080	0.0034	0.0006	0.0034	0.0006
condition-5-es-5k	42	2	xnli	es	en	0.3661	0.3946	+0.0285	0.3661	0.3946	+0.0285	0.0086	0.0068	0.0086	0.0068
condition-5-es-5k	42	2	xnli	es	es	0.3770	0.3643	-0.0128	0.3770	0.3643	-0.0128	0.0102	0.0046	0.0102	0.0046
condition-5-es-5k	42	2	xnli	ur	en	0.3357	0.3367	+0.0010	0.3357	0.3367	+0.0010	0.0130	0.0309	0.0130	0.0309
condition-5-es-5k	42	2	xnli	ur	es	0.2499	0.3525	+0.1026	0.2499	0.3525	+0.1026	0.3930	0.0122	0.3930	0.0122
condition-5-es-5k	42	2	xnli	zh	en	0.4649	0.4403	-0.0246	0.4649	0.4403	-0.0246	0.0054	0.0050	0.0054	0.0050
condition-5-es-5k	42	2	xnli	zh	es	0.3637	0.3549	-0.0088	0.3637	0.3549	-0.0088	0.0142	0.0032	0.0142	0.0032
condition-5-ur-5k	42	1	belebele	en	en	0.7678	0.7922	+0.0244	0.7678	0.7922	+0.0244	0.0000	0.0000	0.0000	0.0000
condition-5-ur-5k	42	1	belebele	en	ur	0.7411	0.7567	+0.0156	0.7411	0.7567	+0.0156	0.0000	0.0000	0.0000	0.0000
condition-5-ur-5k	42	1	belebele	es	en	0.6911	0.7200	+0.0289	0.6911	0.7200	+0.0289	0.0000	0.0000	0.0000	0.0000
condition-5-ur-5k	42	1	belebele	es	ur	0.6389	0.6711	+0.0322	0.6389	0.6711	+0.0322	0.0000	0.0078	0.0000	0.0078
condition-5-ur-5k	42	1	belebele	ur	en	0.6044	0.5967	-0.0078	0.6044	0.5967	-0.0078	0.0000	0.0000	0.0000	0.0000
condition-5-ur-5k	42	1	belebele	ur	ur	0.5289	0.5433	+0.0144	0.5289	0.5433	+0.0144	0.0044	0.0000	0.0044	0.0000
condition-5-ur-5k	42	1	belebele	zh	en	0.7500	0.7611	+0.0111	0.7500	0.7611	+0.0111	0.0000	0.0000	0.0000	0.0000
condition-5-ur-5k	42	1	belebele	zh	ur	0.7011	0.7033	+0.0022	0.7011	0.7033	+0.0022	0.0000	0.0000	0.0000	0.0000
condition-5-ur-5k	42	1	csqa	en	en	0.6070	0.6010	-0.0060	0.6070	0.6010	-0.0060	0.0000	0.0000	0.0000	0.0000
condition-5-ur-5k	42	1	csqa	en	ur	0.5850	0.5640	-0.0210	0.5850	0.5640	-0.0210	0.0000	0.0000	0.0000	0.0000
condition-5-ur-5k	42	1	csqa	es	en	0.5240	0.5030	-0.0210	0.5240	0.5030	-0.0210	0.0000	0.0000	0.0000	0.0000
condition-5-ur-5k	42	1	csqa	es	ur	0.4730	0.4460	-0.0270	0.4730	0.4460	-0.0270	0.0000	0.0000	0.0000	0.0000
condition-5-ur-5k	42	1	csqa	ur	en	0.4240	0.3390	-0.0850	0.4240	0.3390	-0.0850	0.0000	0.0000	0.0000	0.0000
condition-5-ur-5k	42	1	csqa	ur	ur	0.4040	0.3300	-0.0740	0.4040	0.3300	-0.0740	0.0010	0.0000	0.0010	0.0000
condition-5-ur-5k	42	1	csqa	zh	en	0.5450	0.5140	-0.0310	0.5450	0.5140	-0.0310	0.0000	0.0000	0.0000	0.0000
condition-5-ur-5k	42	1	csqa	zh	ur	0.4810	0.4280	-0.0530	0.4810	0.4280	-0.0530	0.0000	0.0000	0.0000	0.0000
condition-5-ur-5k	42	1	sib200	en	en	0.7549	0.7059	-0.0490	0.7549	0.7010	-0.0539	0.0000	0.0000	0.0000	0.0049
condition-5-ur-5k	42	1	sib200	en	ur	0.3088	0.2304	-0.0784	0.4951	0.4706	-0.0245	0.4510	0.3725	0.0931	0.0196
condition-5-ur-5k	42	1	sib200	es	en	0.7794	0.7010	-0.0784	0.7745	0.6961	-0.0784	0.0000	0.0000	0.0049	0.0049
condition-5-ur-5k	42	1	sib200	es	ur	0.2304	0.1961	-0.0343	0.5343	0.4510	-0.0833	0.6176	0.4510	0.0980	0.0196
condition-5-ur-5k	42	1	sib200	ur	en	0.7402	0.5392	-0.2010	0.7255	0.5392	-0.1863	0.0000	0.0147	0.0147	0.0098
condition-5-ur-5k	42	1	sib200	ur	ur	0.2157	0.2206	+0.0049	0.5735	0.4951	-0.0784	0.5098	0.3725	0.0343	0.0343
condition-5-ur-5k	42	1	sib200	zh	en	0.8039	0.6765	-0.1275	0.7892	0.7059	-0.0833	0.0098	0.0588	0.0196	0.0098
condition-5-ur-5k	42	1	sib200	zh	ur	0.2157	0.2255	+0.0098	0.5294	0.5049	-0.0245	0.6127	0.4265	0.1324	0.0098
condition-5-ur-5k	42	1	xnli	en	en	0.4998	0.5060	+0.0062	0.4998	0.5060	+0.0062	0.0014	0.0000	0.0014	0.0000
condition-5-ur-5k	42	1	xnli	en	ur	0.3816	0.3261	-0.0555	0.3816	0.3261	-0.0555	0.0010	0.0002	0.0008	0.0002
condition-5-ur-5k	42	1	xnli	es	en	0.4525	0.4671	+0.0146	0.4525	0.4671	+0.0146	0.0006	0.0002	0.0006	0.0002
condition-5-ur-5k	42	1	xnli	es	ur	0.3433	0.3283	-0.0150	0.3433	0.3283	-0.0150	0.0010	0.0000	0.0010	0.0000
condition-5-ur-5k	42	1	xnli	ur	en	0.4343	0.4174	-0.0170	0.4343	0.4174	-0.0170	0.0038	0.0006	0.0038	0.0006
condition-5-ur-5k	42	1	xnli	ur	ur	0.3327	0.3263	-0.0064	0.3327	0.3263	-0.0064	0.0038	0.0066	0.0038	0.0066
condition-5-ur-5k	42	1	xnli	zh	en	0.3906	0.4794	+0.0888	0.3906	0.4794	+0.0888	0.0000	0.0000	0.0000	0.0000
condition-5-ur-5k	42	1	xnli	zh	ur	0.3345	0.3333	-0.0012	0.3345	0.3333	-0.0012	0.0000	0.0000	0.0000	0.0000
condition-5-ur-5k	42	2	belebele	en	en	0.7822	0.8100	+0.0278	0.7822	0.8100	+0.0278	0.0000	0.0000	0.0000	0.0000
condition-5-ur-5k	42	2	belebele	en	ur	0.7489	0.7544	+0.0056	0.7489	0.7544	+0.0056	0.0000	0.0000	0.0000	0.0000
condition-5-ur-5k	42	2	belebele	es	en	0.7011	0.7444	+0.0433	0.7011	0.7444	+0.0433	0.0000	0.0000	0.0000	0.0000
condition-5-ur-5k	42	2	belebele	es	ur	0.6389	0.6911	+0.0522	0.6389	0.6911	+0.0522	0.0000	0.0056	0.0000	0.0056
condition-5-ur-5k	42	2	belebele	ur	en	0.6144	0.6267	+0.0122	0.6144	0.6267	+0.0122	0.0000	0.0000	0.0000	0.0000
condition-5-ur-5k	42	2	belebele	ur	ur	0.5233	0.5511	+0.0278	0.5233	0.5511	+0.0278	0.0033	0.0000	0.0033	0.0000
condition-5-ur-5k	42	2	belebele	zh	en	0.7589	0.7722	+0.0133	0.7589	0.7722	+0.0133	0.0000	0.0000	0.0000	0.0000
condition-5-ur-5k	42	2	belebele	zh	ur	0.7000	0.7044	+0.0044	0.7000	0.7044	+0.0044	0.0000	0.0000	0.0000	0.0000
condition-5-ur-5k	42	2	csqa	en	en	0.6070	0.5830	-0.0240	0.6070	0.5830	-0.0240	0.0000	0.0000	0.0000	0.0000
condition-5-ur-5k	42	2	csqa	en	ur	0.5790	0.5600	-0.0190	0.5790	0.5600	-0.0190	0.0000	0.0000	0.0000	0.0000
condition-5-ur-5k	42	2	csqa	es	en	0.5170	0.4780	-0.0390	0.5170	0.4780	-0.0390	0.0000	0.0000	0.0000	0.0000
condition-5-ur-5k	42	2	csqa	es	ur	0.4800	0.4470	-0.0330	0.4800	0.4470	-0.0330	0.0000	0.0000	0.0000	0.0000
condition-5-ur-5k	42	2	csqa	ur	en	0.4170	0.3140	-0.1030	0.4170	0.3140	-0.1030	0.0000	0.0000	0.0000	0.0000
condition-5-ur-5k	42	2	csqa	ur	ur	0.3920	0.3180	-0.0740	0.3920	0.3180	-0.0740	0.0010	0.0000	0.0010	0.0000
condition-5-ur-5k	42	2	csqa	zh	en	0.5320	0.4800	-0.0520	0.5320	0.4800	-0.0520	0.0000	0.0000	0.0000	0.0000
condition-5-ur-5k	42	2	csqa	zh	ur	0.4660	0.4150	-0.0510	0.4660	0.4150	-0.0510	0.0000	0.0000	0.0000	0.0000
condition-5-ur-5k	42	2	sib200	en	en	0.7206	0.6814	-0.0392	0.7206	0.6814	-0.0392	0.0000	0.0000	0.0000	0.0000
condition-5-ur-5k	42	2	sib200	en	ur	0.2696	0.0882	-0.1814	0.3971	0.5784	+0.1814	0.3873	0.8186	0.3039	0.1225
condition-5-ur-5k	42	2	sib200	es	en	0.6765	0.6569	-0.0196	0.6765	0.6569	-0.0196	0.0000	0.0000	0.0000	0.0000
condition-5-ur-5k	42	2	sib200	es	ur	0.0980	0.0490	-0.0490	0.3088	0.5637	+0.2549	0.6569	0.8824	0.4510	0.1225
condition-5-ur-5k	42	2	sib200	ur	en	0.6814	0.5686	-0.1127	0.6814	0.5686	-0.1127	0.0000	0.0000	0.0000	0.0000
condition-5-ur-5k	42	2	sib200	ur	ur	0.2059	0.1176	-0.0882	0.5294	0.5490	+0.0196	0.5735	0.7500	0.1275	0.1863
condition-5-ur-5k	42	2	sib200	zh	en	0.6961	0.6667	-0.0294	0.6961	0.6716	-0.0245	0.0000	0.0049	0.0000	0.0000
condition-5-ur-5k	42	2	sib200	zh	ur	0.0931	0.1127	+0.0196	0.3971	0.5343	+0.1373	0.7598	0.8039	0.4020	0.0539
condition-5-ur-5k	42	2	xnli	en	en	0.3786	0.3405	-0.0381	0.3786	0.3405	-0.0381	0.0004	0.0000	0.0004	0.0000
condition-5-ur-5k	42	2	xnli	en	ur	0.2277	0.3577	+0.1299	0.2589	0.3577	+0.0988	0.4289	0.0002	0.3337	0.0002
condition-5-ur-5k	42	2	xnli	es	en	0.3661	0.3437	-0.0224	0.3661	0.3437	-0.0224	0.0086	0.0010	0.0086	0.0010
condition-5-ur-5k	42	2	xnli	es	ur	0.3271	0.3377	+0.0106	0.3319	0.3377	+0.0058	0.1367	0.0006	0.1220	0.0006
condition-5-ur-5k	42	2	xnli	ur	en	0.3357	0.3236	-0.0122	0.3357	0.3236	-0.0122	0.0130	0.0291	0.0130	0.0291
condition-5-ur-5k	42	2	xnli	ur	ur	0.2990	0.3327	+0.0337	0.3228	0.3327	+0.0100	0.1337	0.0028	0.0655	0.0028
condition-5-ur-5k	42	2	xnli	zh	en	0.4649	0.4301	-0.0347	0.4649	0.4301	-0.0347	0.0054	0.0020	0.0054	0.0020
condition-5-ur-5k	42	2	xnli	zh	ur	0.3323	0.3345	+0.0022	0.3341	0.3345	+0.0004	0.0140	0.0000	0.0082	0.0000
condition-5-zh-5k	42	1	belebele	en	en	0.7678	0.7778	+0.0100	0.7678	0.7778	+0.0100	0.0000	0.0000	0.0000	0.0000
condition-5-zh-5k	42	1	belebele	en	zh	0.7889	0.8056	+0.0167	0.7889	0.8056	+0.0167	0.0000	0.0000	0.0000	0.0000
condition-5-zh-5k	42	1	belebele	es	en	0.6911	0.7044	+0.0133	0.6911	0.7044	+0.0133	0.0000	0.0000	0.0000	0.0000
condition-5-zh-5k	42	1	belebele	es	zh	0.6956	0.7478	+0.0522	0.6956	0.7478	+0.0522	0.0000	0.0000	0.0000	0.0000
condition-5-zh-5k	42	1	belebele	ur	en	0.6044	0.6189	+0.0144	0.6044	0.6189	+0.0144	0.0000	0.0000	0.0000	0.0000
condition-5-zh-5k	42	1	belebele	ur	zh	0.5922	0.6089	+0.0167	0.5922	0.6089	+0.0167	0.0000	0.0000	0.0000	0.0000
condition-5-zh-5k	42	1	belebele	zh	en	0.7500	0.7633	+0.0133	0.7500	0.7633	+0.0133	0.0000	0.0000	0.0000	0.0000
condition-5-zh-5k	42	1	belebele	zh	zh	0.7756	0.7822	+0.0067	0.7756	0.7822	+0.0067	0.0000	0.0011	0.0000	0.0011
condition-5-zh-5k	42	1	csqa	en	en	0.6070	0.5920	-0.0150	0.6070	0.5920	-0.0150	0.0000	0.0000	0.0000	0.0000
condition-5-zh-5k	42	1	csqa	en	zh	0.6410	0.6160	-0.0250	0.6410	0.6160	-0.0250	0.0000	0.0000	0.0000	0.0000
condition-5-zh-5k	42	1	csqa	es	en	0.5240	0.5110	-0.0130	0.5240	0.5110	-0.0130	0.0000	0.0000	0.0000	0.0000
condition-5-zh-5k	42	1	csqa	es	zh	0.5470	0.5370	-0.0100	0.5470	0.5370	-0.0100	0.0000	0.0000	0.0000	0.0000
condition-5-zh-5k	42	1	csqa	ur	en	0.4240	0.3780	-0.0460	0.4240	0.3780	-0.0460	0.0000	0.0000	0.0000	0.0000
condition-5-zh-5k	42	1	csqa	ur	zh	0.3760	0.3990	+0.0230	0.3760	0.3990	+0.0230	0.0000	0.0000	0.0000	0.0000
condition-5-zh-5k	42	1	csqa	zh	en	0.5450	0.5160	-0.0290	0.5450	0.5160	-0.0290	0.0000	0.0000	0.0000	0.0000
condition-5-zh-5k	42	1	csqa	zh	zh	0.5340	0.5310	-0.0030	0.5340	0.5310	-0.0030	0.0000	0.0000	0.0000	0.0000
condition-5-zh-5k	42	1	sib200	en	en	0.7549	0.6569	-0.0980	0.7549	0.6569	-0.0980	0.0000	0.0000	0.0000	0.0049
condition-5-zh-5k	42	1	sib200	en	zh	0.7157	0.2206	-0.4951	0.7157	0.4559	-0.2598	0.0000	0.2794	0.0000	0.0000
condition-5-zh-5k	42	1	sib200	es	en	0.7794	0.7059	-0.0735	0.7745	0.7059	-0.0686	0.0000	0.0000	0.0049	0.0049
condition-5-zh-5k	42	1	sib200	es	zh	0.5784	0.2304	-0.3480	0.6373	0.4118	-0.2255	0.0882	0.2255	0.0147	0.0000
condition-5-zh-5k	42	1	sib200	ur	en	0.7402	0.5588	-0.1814	0.7255	0.5588	-0.1667	0.0000	0.0147	0.0147	0.0098
condition-5-zh-5k	42	1	sib200	ur	zh	0.5686	0.1961	-0.3725	0.5735	0.3186	-0.2549	0.0098	0.5784	0.0049	0.0049
condition-5-zh-5k	42	1	sib200	zh	en	0.8039	0.2941	-0.5098	0.7892	0.6422	-0.1471	0.0098	0.4069	0.0196	0.0000
condition-5-zh-5k	42	1	sib200	zh	zh	0.5343	0.2500	-0.2843	0.6667	0.5343	-0.1324	0.1912	0.2990	0.0098	0.0098
condition-5-zh-5k	42	1	xnli	en	en	0.4998	0.3731	-0.1267	0.4998	0.3731	-0.1267	0.0014	0.0002	0.0014	0.0002
condition-5-zh-5k	42	1	xnli	en	zh	0.3333	0.3545	+0.0212	0.3333	0.3545	+0.0212	0.0000	0.0022	0.0000	0.0022
condition-5-zh-5k	42	1	xnli	es	en	0.4525	0.3387	-0.1138	0.4525	0.3387	-0.1138	0.0006	0.0002	0.0006	0.0002
condition-5-zh-5k	42	1	xnli	es	zh	0.3337	0.3838	+0.0501	0.3337	0.3840	+0.0503	0.0000	0.0042	0.0000	0.0038
condition-5-zh-5k	42	1	xnli	ur	en	0.4343	0.3431	-0.0912	0.4343	0.3431	-0.0912	0.0038	0.0002	0.0038	0.0002
condition-5-zh-5k	42	1	xnli	ur	zh	0.3311	0.3337	+0.0026	0.3311	0.3377	+0.0066	0.0002	0.2200	0.0002	0.2138
condition-5-zh-5k	42	1	xnli	zh	en	0.3906	0.3737	-0.0170	0.3906	0.3737	-0.0170	0.0000	0.0028	0.0000	0.0028
condition-5-zh-5k	42	1	xnli	zh	zh	0.3329	0.3521	+0.0192	0.3329	0.3525	+0.0196	0.0004	0.0056	0.0004	0.0050
condition-5-zh-5k	42	2	belebele	en	en	0.7822	0.8044	+0.0222	0.7822	0.8044	+0.0222	0.0000	0.0000	0.0000	0.0000
condition-5-zh-5k	42	2	belebele	en	zh	0.8000	0.8144	+0.0144	0.8000	0.8144	+0.0144	0.0000	0.0000	0.0000	0.0000
condition-5-zh-5k	42	2	belebele	es	en	0.7011	0.7289	+0.0278	0.7011	0.7289	+0.0278	0.0000	0.0000	0.0000	0.0000
condition-5-zh-5k	42	2	belebele	es	zh	0.7167	0.7356	+0.0189	0.7167	0.7356	+0.0189	0.0000	0.0000	0.0000	0.0000
condition-5-zh-5k	42	2	belebele	ur	en	0.6144	0.6278	+0.0133	0.6144	0.6278	+0.0133	0.0000	0.0000	0.0000	0.0000
condition-5-zh-5k	42	2	belebele	ur	zh	0.6067	0.6233	+0.0167	0.6067	0.6233	+0.0167	0.0000	0.0000	0.0000	0.0000
condition-5-zh-5k	42	2	belebele	zh	en	0.7589	0.7756	+0.0167	0.7589	0.7756	+0.0167	0.0000	0.0000	0.0000	0.0000
condition-5-zh-5k	42	2	belebele	zh	zh	0.7611	0.7789	+0.0178	0.7611	0.7789	+0.0178	0.0000	0.0022	0.0000	0.0022
condition-5-zh-5k	42	2	csqa	en	en	0.6070	0.5950	-0.0120	0.6070	0.5950	-0.0120	0.0000	0.0000	0.0000	0.0000
condition-5-zh-5k	42	2	csqa	en	zh	0.6310	0.6020	-0.0290	0.6310	0.6020	-0.0290	0.0000	0.0000	0.0000	0.0000
condition-5-zh-5k	42	2	csqa	es	en	0.5170	0.5060	-0.0110	0.5170	0.5060	-0.0110	0.0000	0.0000	0.0000	0.0000
condition-5-zh-5k	42	2	csqa	es	zh	0.5300	0.5190	-0.0110	0.5300	0.5190	-0.0110	0.0000	0.0000	0.0000	0.0000
condition-5-zh-5k	42	2	csqa	ur	en	0.4170	0.3660	-0.0510	0.4170	0.3660	-0.0510	0.0000	0.0000	0.0000	0.0000
condition-5-zh-5k	42	2	csqa	ur	zh	0.4020	0.3780	-0.0240	0.4020	0.3780	-0.0240	0.0000	0.0000	0.0000	0.0000
condition-5-zh-5k	42	2	csqa	zh	en	0.5320	0.4950	-0.0370	0.5320	0.4950	-0.0370	0.0000	0.0000	0.0000	0.0000
condition-5-zh-5k	42	2	csqa	zh	zh	0.5320	0.5020	-0.0300	0.5320	0.5020	-0.0300	0.0000	0.0000	0.0000	0.0000
condition-5-zh-5k	42	2	sib200	en	en	0.7206	0.7010	-0.0196	0.7206	0.7010	-0.0196	0.0000	0.0000	0.0000	0.0000
condition-5-zh-5k	42	2	sib200	en	zh	0.6275	0.2500	-0.3775	0.6520	0.5049	-0.1471	0.0539	0.3235	0.0098	0.0490
condition-5-zh-5k	42	2	sib200	es	en	0.6765	0.6618	-0.0147	0.6765	0.6618	-0.0147	0.0000	0.0000	0.0000	0.0000
condition-5-zh-5k	42	2	sib200	es	zh	0.4755	0.2500	-0.2255	0.5931	0.4559	-0.1373	0.1716	0.2255	0.0147	0.0049
condition-5-zh-5k	42	2	sib200	ur	en	0.6814	0.6078	-0.0735	0.6814	0.6078	-0.0735	0.0000	0.0098	0.0000	0.0098
condition-5-zh-5k	42	2	sib200	ur	zh	0.5343	0.1618	-0.3725	0.5343	0.3039	-0.2304	0.0147	0.5980	0.0098	0.0196
condition-5-zh-5k	42	2	sib200	zh	en	0.6961	0.4608	-0.2353	0.6961	0.7010	+0.0049	0.0000	0.3235	0.0000	0.0049
condition-5-zh-5k	42	2	sib200	zh	zh	0.4853	0.2500	-0.2353	0.6225	0.5392	-0.0833	0.2206	0.3333	0.0245	0.0294
condition-5-zh-5k	42	2	xnli	en	en	0.3786	0.4842	+0.1056	0.3786	0.4842	+0.1056	0.0004	0.0000	0.0004	0.0000
condition-5-zh-5k	42	2	xnli	en	zh	0.2405	0.1148	-0.1257	0.3337	0.3064	-0.0273	0.3212	0.7473	0.1477	0.1673
condition-5-zh-5k	42	2	xnli	es	en	0.3661	0.4519	+0.0858	0.3661	0.4519	+0.0858	0.0086	0.0034	0.0086	0.0034
condition-5-zh-5k	42	2	xnli	es	zh	0.1128	0.1094	-0.0034	0.2369	0.3347	+0.0978	0.7014	0.7613	0.4603	0.1036
condition-5-zh-5k	42	2	xnli	ur	en	0.3357	0.3906	+0.0549	0.3357	0.3906	+0.0549	0.0130	0.0138	0.0130	0.0138
condition-5-zh-5k	42	2	xnli	ur	zh	0.2014	0.0319	-0.1695	0.2078	0.1655	-0.0423	0.3856	0.9291	0.3699	0.5182
condition-5-zh-5k	42	2	xnli	zh	en	0.4649	0.3870	-0.0778	0.4649	0.3872	-0.0776	0.0054	0.0100	0.0054	0.0098
condition-5-zh-5k	42	2	xnli	zh	zh	0.0675	0.2002	+0.1327	0.2491	0.3479	+0.0988	0.8253	0.5327	0.4054	0.0992
